tree
version=v4
num_class=1
num_tree_per_iteration=1
label_index=0
max_feature_idx=39
objective=binary sigmoid:1
feature_names=name_exact name_jaccard name_levenshtein name_jaro_winkler name_token_sort name_token_set name_char3_cosine name_char4_cosine name_core_similarity name_translit_similarity address_jaccard address_levenshtein address_char3_cosine address_digit_overlap house_number_match postal_code_match address_exact address_missing country_match name_length_ratio address_length_ratio name_token_count_difference address_token_count_difference numeric_conflict name_address_similarity_product name_high_address_low name_high_address_high name_address_conflict name_soundex_match name_monge_elkan name_prefix_stripped_sim name_abbrev_expanded_sim address_all_digits_overlap address_pin_prefix_match address_street_type_match name_token_diff_norm address_token_diff_norm both_have_address score_confidence numeric_conflict_flipped
feature_infos=[0:1] [0:1] [0:1] [0:1] [0:1] [0:1] [0:1] [0:1] [0:1] [0:1] [0:1] [0:1] [0:1] [-1:1] [-1:1] [-1:1] [0:1] [0:1] [0:1] [0.05714285746216774:1] [0:1] [0:1] [0:1] [0:1] [0:1] [0:1] [0:1] [0:1] [0:1] [0:1] [0:1] [0:1] [-1:1] [-1:1] [0:1] [0:0.80000001192092896] [0:1] [0:1] [0:1] [0:1]
tree_sizes=2325 2684 2164 2695 2497 2692 2385 2495 2586 2585 2903 3024 3122 2899 2810 2391 2603 2593 2683 2803 2888 2595 2792 3007 3214 3010 2908 2810 2908 3217 2792 2580 3117 2688 3336 2809 2792 3439 3223 2901 3016 2903 3113 3335 2818 3011 3008 3228 3131 3558 2810 3017 2916 3424 3541 3107 3549 3342 4715 3221 3653 3557 3121 4079 3864 3757 3652 3969 3742 3755 2903 3540 3344 3443 3751 4085 4185 4294 3349 3642 4397 3966 4608 4725 4604 4392 5158 4073 3763 4409 3663 4312 3980 4751 4099 4723 4421 4079 5267 5158 3977 4714 4288 4391 5377 5278 4731 4846 5182 4520 4763 4764 6940 4971 4857 4623 4958 5384 5169 5494 4416 4748 4643 5928 5280 5739 5522 6151 5607 6153 5314 5412 5099 5413 4765 5310 4452 4783 5118 5107 5110 5858 5187 5415 5198 5298 4903 5189 5520 6738 5745 6970 6938 5307 6627 6012 5208 5456 5559 5439 6615 5531 5086 6739 5981 8643 5760 7208 5652 8189 6435 6320 6648 7189 8669 7750 7435 6130 7336 5330 6227 5994 6556 5897 6129 5784 6222 7517 5445 6466 5449 6555 6053 6495

Tree=0
num_leaves=21
num_cat=0
split_feature=10 8 23 6 13 10 23 8 10 13 1 11 10 10 11 13 13 10 9 8
split_gain=37941.6 2489.61 575.254 168.443 288.083 103.529 171.44 87.0121 32.9499 31.2681 20.2151 65.4061 15.3418 13.1288 10.8109 8.9956 8.50397 8.15616 2.52899 0.699411
threshold=0.16333333402872088 0.80217391252517711 1.0000000180025095e-35 0.59156423807144176 -1.0000000180025095e-35 0.22474747896194461 1.0000000180025095e-35 0.77459675073623668 0.10912698507308961 0.45000000298023229 0.44949495792388922 0.2274575084447861 0.080540537834167494 0.098387096077203764 0.2274575084447861 0.21111111342906955 0.45000000298023229 0.11651583760976793 0.6789083480834962 0.69309264421463024
decision_type=2 2 2 2 2 2 2 2 2 2 2 2 2 2 2 2 2 2 2 2
left_child=1 3 14 9 19 6 15 18 -6 10 17 -12 -11 -4 -3 -2 -16 -1 -8 -5
right_child=5 2 13 4 8 -7 7 -9 -10 12 11 -13 -14 -15 16 -17 -18 -19 -20 -21
leaf_value=-0.47186597516057943 -0.35624418251065815 -0.30831843458863872 -0.46732220176567896 -0.35089862388857312 -0.47009002102054476 -0.30588052193272863 -0.46391759057200255 -0.32417692170709622 -0.3947810593174127 -0.45026066470930487 -0.36621025428335746 -0.46934341624189385 -0.38231329792092511 -0.41111816304344201 -0.37055905062714528 -0.30900651902093573 -0.31988377200380713 -0.45270312325537682 -0.42933768206524914 -0.31751276907746057
leaf_weight=4671.2398960143328 12.360000282526014 178.20000694692135 44.879999041557312 13.200000330805777 78.359998270869255 4601.640182197094 18.359999611973766 9.6000003665685636 9.7200000733137113 8.8799998462200183 11.760000228881834 36.239999189972878 8.8800001144409162 7.9200000017881385 14.280000239610674 75.600002959370613 12.120000466704367 53.039999172091484 7.7999999374151221 21.240000799298286
leaf_count=19454 39 498 186 41 326 12797 76 27 34 36 38 151 30 29 47 211 34 213 30 60
internal_value=-0.38878 -0.463652 -0.342727 -0.470011 -0.423461 -0.306871 -0.34432 -0.417535 -0.461559 -0.471196 -0.471394 -0.443475 -0.41736 -0.458847 -0.312437 -0.31482 -0.343693 -0.471666 -0.45524 -0.327875
internal_weight=9895.32 5169.96 257.4 4912.56 122.52 4725.36 123.72 35.76 88.08 4790.04 4772.28 48 17.76 52.8 204.6 87.96 26.4 4724.28 26.16 34.44
internal_count=34357 21177 794 20383 461 13180 383 133 360 19922 19856 189 66 215 579 250 81 19667 106 101
is_linear=0
shrinkage=1


Tree=1
num_leaves=24
num_cat=0
split_feature=10 30 20 1 20 10 23 6 33 3 12 12 20 12 10 20 3 9 20 9 9 30 9
split_gain=34637.2 2321.61 558.061 154.159 230.364 90.386 154.349 72.5468 43.8461 32.9797 21.8805 16.4445 16.0807 25.7494 10.519 26.6581 4.74466 2.26857 1.904 24.8364 3.69287 1.37443 0.412155
threshold=0.16333333402872088 0.66840046644210827 0.54186138510704052 0.44949495792388922 0.329607903957367 0.22474747896194461 1.0000000180025095e-35 0.66670167446136486 0.87500000000000011 0.91877043247222911 0.21258071064949038 0.21258071064949038 0.30940108001232153 0.22836096584796908 0.12701612710952762 0.67403519153594982 0.87952226400375377 0.63702240586280834 0.2098387032747269 0.71535181999206554 0.65733855962753307 0.70175439119339 0.5604878067970277
decision_type=2 2 2 2 2 2 2 2 2 2 2 2 2 2 2 2 2 2 2 2 2 2 2
left_child=1 3 12 8 16 6 22 17 9 14 -4 -6 21 -14 18 -16 -5 -8 19 20 -1 -3 -2
right_child=5 2 10 4 11 -7 7 -9 -10 -11 -12 -13 13 -15 15 -17 -18 -19 -20 -21 -22 -23 -24
leaf_value=-0.063099555758349649 0.058887897588051755 0.054506162057552439 -0.063285033071437985 0.041537554956770924 -0.063511227934977127 0.093906430818646872 -0.05665166563249617 0.069236702326212443 0.013381104415236074 0.0091638947251510734 0.0057568347091844323 -0.00086725063564713537 -0.006572083963955133 0.081593189232006827 0.017566346255112223 -0.060750013527715307 0.079511042227707052 -0.02329935237844797 -0.064843858809231159 -0.0032708632737264314 -0.03380014989721658 0.091194793697569401 0.089326309587352742
leaf_weight=181.69689562916756 13.403261721134184 9.6001760065555555 48.872125267982483 15.358388826251028 62.292254477739334 4682.9799408316612 17.420746624469761 10.446478068828581 10.884242370724676 9.125930577516554 7.9480519294738761 7.1831189244985572 8.3671277612447756 10.76190075278282 8.9241793155670184 20.43789866566658 20.581933960318565 7.7681681364774695 4470.6339593231678 12.485380753874777 13.032806396484373 186.49277959764004 75.971387639641762
leaf_count=766 40 29 206 49 263 12797 73 30 38 32 28 26 31 30 31 86 58 30 18892 46 52 514 210
internal_value=0.0159647 -0.0565914 0.0568107 -0.062996 -0.0149394 0.0929919 0.0581468 -0.0116189 -0.0640635 -0.0642491 -0.0532389 -0.0569883 0.0861687 0.0455755 -0.0643966 -0.0370944 0.0652504 -0.0480449 -0.0645563 -0.0579259 -0.0614018 0.0898011 0.0857299
internal_weight=9912.67 5104.68 272.042 4832.64 105.416 4807.99 125.01 35.6354 4727.22 4716.34 56.8202 69.4754 215.222 19.129 4707.21 29.3621 35.9403 25.1889 4677.85 207.215 194.73 196.093 89.3746
internal_count=34357 21177 838 20339 396 13180 383 133 19943 19905 234 289 604 61 19873 117 107 103 19756 864 818 543 250
is_linear=0
shrinkage=0.04


Tree=2
num_leaves=19
num_cat=0
split_feature=10 8 23 10 13 6 13 8 29 1 20 20 33 12 20 20 38 8
split_gain=31779.3 2036.56 469.974 193.994 218.625 143.238 286.674 100.48 23.491 20.0856 57.3788 17.0572 15.6758 13.4908 4.42292 4.25948 1.21634 0.942454
threshold=0.13484849035739901 0.8155706822872163 1.0000000180025095e-35 0.21240601688623431 0.21111111342906955 0.59156423807144176 -1.0000000180025095e-35 0.72065573930740368 0.44820602238178259 0.44949495792388922 0.27308239042758947 0.38501602411270147 0.87500000000000011 0.30752871930599218 0.58847248554229747 0.44220647215843206 0.388277217745781 0.69309264421463024
decision_type=2 2 2 2 2 2 2 2 2 2 2 2 2 2 2 2 2 2
left_child=1 5 11 4 7 9 17 8 -2 12 -11 -3 16 -5 -4 -8 -1 -7
right_child=3 2 14 13 -6 6 15 -9 -10 10 -12 -13 -14 -15 -16 -17 -18 -19
leaf_value=-0.063126523067581222 0.0093782039495488318 0.087135447321153456 -0.022145856539361845 0.037835819495258716 0.084510829704183499 0.049611368368985838 -0.025678843382056237 0.06650496383719022 -0.059072447977450711 0.037459486137850634 -0.059353496764925413 0.027796220259974431 -0.006803448535039093 0.089038677112928774 -0.061307773711058999 -0.062462888382932638 -0.046856854795914463 0.08055613191518432
leaf_weight=4540.5817204415798 9.2593118101358396 185.41315738856792 7.6818006038665763 11.133246272802351 77.33878818154335 13.45489180088043 8.4245467782020551 15.885702028870581 36.804447412490845 11.707521647214888 35.83452333509922 9.6719757169485074 8.1353924274444562 4758.8530053496361 38.793420225381851 75.230213403701782 29.283095374703407 24.031740710139275
leaf_count=19490 33 504 30 35 213 41 33 46 155 37 153 32 30 12849 166 322 122 66
internal_value=0.0153295 -0.0557658 0.0572007 0.0875637 0.0404485 -0.0615362 -0.0183429 -0.015332 -0.0451681 -0.0626619 -0.0349204 0.0843676 -0.0629388 0.0889299 -0.0552819 -0.059181 -0.0630377 0.0714656
internal_weight=9897.52 4988.24 241.56 4909.27 139.288 4746.68 121.141 61.9495 46.0638 4625.54 47.542 195.085 4578 4769.99 46.4752 83.6548 4569.86 37.4866
internal_count=34357 21026 732 13331 447 20294 462 234 188 19832 190 536 19642 12884 196 355 19612 107
is_linear=0
shrinkage=0.04


Tree=3
num_leaves=24
num_cat=0
split_feature=12 30 23 12 23 1 20 33 20 3 20 13 23 38 12 8 8 38 13 17 9 8 22
split_gain=28921.7 2049.62 464.438 197.651 293.278 126.789 204.374 55.3187 40.6775 30.0406 17.6199 17.5603 15.3673 141.72 11.0948 9.33582 7.69589 5.21918 3.8527 1.67947 22.5546 4.2518 1.6789
threshold=0.30752871930599218 0.66840046644210827 1.0000000180025095e-35 0.42895354330539709 1.0000000180025095e-35 0.44949495792388922 0.329607903957367 0.87500000000000011 0.54694178700447094 0.91877043247222911 0.54186138510704052 0.30952382087707525 1.0000000180025095e-35 0.60138812661170971 0.5259326994419099 0.7103942632675172 0.69631093740463268 0.32311579585075384 0.45000000298023229 1.0000000180025095e-35 0.75147059559822094 0.66210046410560619 0.27500000596046453
decision_type=2 2 2 2 2 2 2 2 2 2 2 2 2 2 2 2 2 2 2 2 2 2 2
left_child=1 5 8 4 11 7 16 9 15 18 -6 -2 -5 14 -14 -3 -7 -8 19 -1 21 -21 -4
right_child=3 2 22 12 10 6 17 -9 -10 -11 -12 -13 13 -15 -16 -17 -18 -19 -20 20 -22 -23 -24
leaf_value=-0.061868200961664482 0.030484731474228931 0.037128317586121819 -0.060105603812898124 0.085123327089207626 0.0037256758639097106 0.032755781166142015 -0.060623450205431285 0.020626329370799609 0.0028184598986069963 0.008685743112876591 -0.05813545399883957 0.082215574956483073 -0.042884684086721116 0.082080115021394687 0.011657327030965576 0.08332515816534565 0.075795702761977571 -0.018041628450445536 -0.028771527957485207 -0.05965404383373956 0.0041759558055964067 -0.02464935377693819 -0.02945454662923595
leaf_weight=4327.7602535486221 14.467812746763228 10.577007994055746 42.045497044920921 4536.6012972444296 8.4785614311695081 14.695337474346159 59.658493593335152 12.236961439251898 10.976372495293615 9.1203041374683362 36.969782337546349 82.674736678600311 13.633492365479471 237.73708494007587 8.4723333716392499 200.24259288609028 20.848960474133492 6.5655637532472602 9.4818155169486982 164.55489322543144 9.3047123998403531 8.6785263419151288 7.9982556998729697
leaf_count=18909 47 33 183 12148 31 47 260 41 39 32 158 224 56 643 29 540 57 25 38 716 34 35 32
internal_value=0.014765 -0.0539222 0.0525588 0.0831104 0.0362167 -0.0601767 -0.0157723 -0.0611671 0.0773546 -0.0613977 -0.046374 0.0749735 0.0844963 0.0731235 -0.0217853 0.0812521 0.0597084 -0.0567814 -0.0615443 -0.0616041 -0.0548829 -0.058111 -0.0558314
internal_weight=9853.78 4914.75 271.84 4939.04 142.591 4642.91 101.768 4541.14 221.796 4528.9 45.4483 97.1425 4796.44 259.843 22.1058 210.82 35.5443 66.2241 4519.78 4510.3 182.538 173.233 50.0438
internal_count=34357 21021 827 13336 460 20194 389 19805 612 19764 189 271 12876 728 85 573 104 285 19732 19694 785 751 215
is_linear=0
shrinkage=0.04


Tree=4
num_leaves=22
num_cat=0
split_feature=10 8 23 10 13 3 8 13 1 17 36 3 33 2 6 36 10 13 9 9 36
split_gain=27071.3 1795.35 462.259 157.249 184.635 100.043 88.4799 58.4683 51.4986 130.875 23.9135 23.0485 13.7831 6.10955 6.02172 4.8969 4.05035 0.968821 19.9472 1.66744 0.304309
threshold=0.13484849035739901 0.78830561041831981 1.0000000180025095e-35 0.21240601688623431 0.21111111342906955 0.91877043247222911 0.72065573930740368 -1.0000000180025095e-35 0.44949495792388922 1.0000000180025095e-35 0.30000001192092901 0.49453511834144598 0.87500000000000011 0.70051544904708873 0.68533316254615795 0.36666667461395269 0.25462962687015539 -1.0000000180025095e-35 0.75147059559822094 0.6789083480834962 0.5000000149011613
decision_type=2 2 2 2 2 2 2 2 2 2 2 2 2 2 2 2 2 2 2 2 2
left_child=1 5 10 4 6 8 11 -7 12 20 -3 -2 14 -11 17 -4 -5 18 19 -1 -10
right_child=3 2 15 16 -6 7 -8 -9 9 13 -12 -13 -14 -15 -16 -17 -18 -19 -20 -21 -22
leaf_value=-0.058124227358085014 0.011578236608609018 0.021690386209830055 -0.059229321998691839 0.068321336391554341 0.077391228856123873 0.075960713723386045 0.061630493770644008 -0.043350648502691297 -0.059682498058925865 0.062373550616986684 0.079509833858605869 -0.056877801729053268 -0.0073052894852987365 0.020039856244787338 -0.017109070498778235 -0.019012064746092551 0.081312476349711602 -0.060490527051777265 0.0040978172817212897 -0.030654362884298889 -0.033490115783109557
leaf_weight=170.27179639041424 8.9677241891622526 13.299649402499197 46.598665773868561 98.94210396707058 78.340055972337723 12.675041407346725 16.08109749853611 10.330520749092102 62.612444788217545 14.345344796776773 193.02218967676163 36.123821660876274 8.1628474593162519 11.167084529995916 6.4768402129411689 7.3018155246973029 4722.9921520352364 4242.3918971568346 8.4673862904310209 9.1275824010372144 7.5495760738849631
leaf_count=754 32 44 206 276 213 34 46 44 277 41 519 156 30 36 25 29 12608 18887 31 38 31
internal_value=0.0142601 -0.0532037 0.0487216 0.0798489 0.0374363 -0.0590347 -0.0144224 0.0224506 -0.0594575 -0.0297136 0.0759054 -0.0430424 -0.0600878 0.0456314 -0.0601836 -0.0540919 0.0810671 -0.0602416 -0.0541776 -0.0569839 -0.0575614
internal_weight=9785.25 4823.8 260.222 4961.45 139.513 4563.58 61.1726 23.0056 4540.57 95.6745 206.322 45.0915 4444.9 25.5124 4436.74 53.9005 4821.93 4430.26 187.867 179.399 70.162
internal_count=34357 21026 798 13331 447 20228 234 78 20150 385 563 188 19765 77 19735 235 12884 19710 823 792 308
is_linear=0
shrinkage=0.04


Tree=5
num_leaves=24
num_cat=0
split_feature=10 8 23 30 10 23 8 20 4 20 33 30 38 36 10 32 29 38 30 38 8 8 10
split_gain=25157.3 1803.92 433.669 89.8857 53.2333 98.4498 65.3462 52.7421 114.632 36.0254 27.2022 23.8915 24.7689 10.7561 6.22748 10.5919 5.96534 5.66438 4.98107 4.27021 3.6237 1.20685 0.655154
threshold=0.16333333402872088 0.78830561041831981 1.0000000180025095e-35 0.75505790114402782 0.22474747896194461 1.0000000180025095e-35 0.77459675073623668 0.2098387032747269 0.65806129574775707 0.59683671593666088 0.87500000000000011 0.45774768292903906 0.14156652987003329 0.36666667461395269 0.12701612710952762 0.15476191043853763 0.8041997253894807 0.48293033242225653 0.5811329483985902 0.40795028209686285 0.60120484232902538 0.63702240586280834 0.29705883562564855
decision_type=2 2 2 2 2 2 2 2 2 2 2 2 2 2 2 2 2 2 2 2 2 2 2
left_child=1 3 9 7 5 19 17 8 11 -3 14 12 16 -4 -9 -16 21 -7 -10 -2 -13 -1 -6
right_child=4 2 13 -5 22 6 -8 10 18 -11 -12 20 -14 -15 15 -17 -18 -19 -20 -21 -22 -23 -24
leaf_value=-0.057582701555384481 0.040524271054466814 0.076466184097175455 -0.058126923136616319 0.032607365108904676 0.069690435443778634 -0.05599239618139467 0.067792405814053297 -0.059318285306401472 0.015628533351869516 -0.0023174178201965392 0.00013933616952179845 -0.018985081923736834 0.022206008551107558 -0.0084630227917729776 -0.050183959416021912 0.0022967936449325515 -0.014548805562059688 -0.011106584729095892 0.056887367137684892 0.075306969078519859 0.014727361876044613 -0.02780645729030367 0.0781646501762637
leaf_weight=162.0014436841011 12.283614322543142 209.50461356341839 47.079003304243088 16.444051012396812 148.55165798962116 16.507124453783039 10.733790412545202 4205.1558208614588 8.4850589931011218 9.2250137031078321 12.086161211133001 8.4190512299537676 5.8293291628360739 8.646913677453993 22.577792868018154 7.6976932138204566 6.6832102388143531 7.020856946706771 14.678186967968939 81.918401464819908 8.3430471271276456 6.443562075495719 4671.1768911778927
leaf_count=732 37 563 212 53 407 73 29 19099 30 33 43 33 21 33 98 28 27 27 42 221 29 27 12467
internal_value=0.0140913 -0.0515567 0.0477443 -0.0576524 0.0772303 0.0506472 -0.00694257 -0.0579983 -0.0384147 0.073066 -0.0590028 -0.048277 -0.0524798 -0.0505097 -0.0591738 -0.0372644 -0.0551973 -0.0438298 0.0432443 0.0714112 -0.00254194 -0.056688 0.0779253
internal_weight=9707.49 4759.3 274.456 4484.84 4948.19 128.464 34.2618 4468.4 220.883 218.73 4247.52 197.72 180.958 55.7259 4235.43 30.2755 175.128 23.528 23.1632 94.202 16.7621 168.445 4819.73
internal_count=34364 21103 841 20262 13261 387 129 20209 941 596 19268 869 807 245 19225 126 786 100 72 258 62 759 12874
is_linear=0
shrinkage=0.04


Tree=6
num_leaves=21
num_cat=0
split_feature=10 8 23 6 17 12 13 13 20 10 20 10 23 9 36 1 17 20 8 10
split_gain=23384.2 1699.09 401.385 86.6942 170.51 56.9081 60.7353 35.0798 33.4116 20.9504 46.901 19.6559 42.8909 33.228 10.3535 9.78405 32.7433 1.94516 1.6043 0.829383
threshold=0.16333333402872088 0.78830561041831981 1.0000000180025095e-35 0.58512848615646373 1.0000000180025095e-35 0.28577655553817755 0.21111111342906955 0.13392857462167743 0.59683671593666088 0.11651583760976793 0.58370205760002147 0.21240601688623431 1.0000000180025095e-35 0.75905716419219982 0.36666667461395269 0.44949495792388922 1.0000000180025095e-35 0.23854447156190875 0.65166836977005016 0.29705883562564855
decision_type=2 2 2 2 2 2 2 2 2 2 2 2 2 2 2 2 2 2 2 2
left_child=1 3 8 9 7 6 -2 -5 -3 15 -11 12 -7 -14 -4 17 -17 -1 -6 -13
right_child=5 2 14 4 18 11 -8 -9 -10 10 -12 19 13 -15 -16 16 -18 -19 -20 -21
leaf_value=-0.051749104206906357 -0.050177011409193915 0.073589481886920785 -0.056995242893051579 -0.057939600254945482 0.035440479239535798 0.069383336712842192 0.069610846070303364 0.030580921052991657 -0.0022837957725756158 0.0227178716968536 -0.054829289999444399 0.067618455867619665 -0.046390987713756673 0.048599894934263727 -0.0081633712261301363 -0.053814254778841775 0.031292684582068075 -0.058275481108901142 0.067406735561370917 0.075283852427806316
leaf_weight=205.34532624483109 11.501921251416208 209.05286456644535 46.142226472496986 78.149113029241562 9.8309302330017108 57.60725636780262 11.98935955762863 6.645146742463111 9.2216515541076642 16.607084214687347 39.166366785764694 176.0121237039566 9.9162708371877688 10.027565628290175 8.6294575929641706 28.996758833527565 8.0526425093412382 3980.2656227648258 19.72070424258709 4655.444346293807
leaf_count=933 50 563 212 358 30 157 32 22 33 59 176 483 44 30 33 133 25 18472 54 12465
internal_value=0.0136736 -0.0505097 0.0460678 -0.0565313 -0.0217881 0.0743843 0.0116703 -0.0504092 0.0703088 -0.0574524 -0.0316621 0.0746835 0.0523684 0.00181248 -0.0493979 -0.0577819 -0.0346546 -0.0579743 0.0586419 0.0750258
internal_weight=9598.32 4665.83 273.046 4392.78 114.346 4932.5 23.4913 84.7943 218.275 4278.43 55.7735 4909.01 77.5511 19.9438 54.7717 4222.66 37.0494 4185.61 29.5516 4831.46
internal_count=34364 21103 841 20262 464 13261 82 380 596 19798 235 13179 231 74 245 19563 158 19405 84 12948
is_linear=0
shrinkage=0.04


Tree=7
num_leaves=22
num_cat=0
split_feature=10 8 23 6 17 10 23 8 13 10 36 22 36 1 17 13 38 8 10 11 3
split_gain=21788.1 1602.29 372.493 83.3864 159.796 45.5874 84.3118 58.3106 33.4329 20.4864 40.3114 19.7466 9.98793 9.50772 31.0353 7.13091 5.0492 1.49005 0.705304 0.548267 0.0310117
threshold=0.16333333402872088 0.78830561041831981 1.0000000180025095e-35 0.58512848615646373 1.0000000180025095e-35 0.22474747896194461 1.0000000180025095e-35 0.77459675073623668 0.13392857462167743 0.11651583760976793 0.43333333730697637 0.17500000447034839 0.36666667461395269 0.44949495792388922 1.0000000180025095e-35 0.18333333730697635 0.48293033242225653 0.65166836977005016 0.29705883562564855 0.19399641454219821 0.50130745768547069
decision_type=2 2 2 2 2 2 2 2 2 2 2 2 2 2 2 2 2 2 2 2 2
left_child=1 3 11 9 8 6 15 16 -5 13 20 -3 -4 19 -15 -2 -8 -6 -7 -1 -11
right_child=5 2 12 4 17 18 7 -9 -10 10 -12 -13 -14 14 -16 -17 -18 -19 -20 -21 -22
leaf_value=-0.051478363797137487 0.03360373938904089 0.016169408572583383 -0.05594348368960806 -0.056863615346246066 0.034139523767714543 0.064701902191032334 -0.053968560005083245 0.06369525635807903 0.02952856562784293 -0.030271728352804336 0.025731338146016931 0.070759797297667112 -0.0078751835258107656 -0.052784948126689261 0.030221615718953872 0.071120910863079798 -0.011136851979275695 0.064936368440090791 0.072715354687330161 -0.057179601685887191 -0.053121034656764196
leaf_weight=190.85339845716953 13.386656910181044 11.974766716361044 45.177297279238701 76.50468185544014 9.8495422750711459 147.59075945615768 15.96291257441044 10.725749701261519 6.6793676912784568 7.5970497429370871 13.83480194211006 205.28970305621624 8.6123845428228361 28.42148569226265 8.0740368217229825 80.385817542672157 7.0073325484991065 19.710181266069412 4628.4748470187187 3902.760772973299 33.696274384856224
leaf_count=886 41 40 212 358 30 407 73 29 22 33 48 556 33 133 25 217 27 54 12467 18519 154
internal_value=0.0132945 -0.0495411 0.0445488 -0.0554931 -0.0211824 0.0718415 0.0471309 -0.00667553 -0.0493487 -0.0564099 -0.0307859 0.0678314 -0.0483507 -0.0567409 -0.0337966 0.0663042 -0.0421681 0.0564824 0.0724882 -0.0569331 -0.0500579
internal_weight=9472.57 4569.04 271.054 4297.98 112.744 4903.53 127.468 33.696 83.184 4185.24 55.1281 217.264 53.7897 4130.11 36.4955 93.7725 22.9702 29.5597 4776.07 4093.61 41.2933
internal_count=34364 21103 841 20262 464 13261 387 129 380 19798 235 596 245 19563 158 258 100 84 12874 19405 187
is_linear=0
shrinkage=0.04


Tree=8
num_leaves=23
num_cat=0
split_feature=10 8 23 10 13 20 1 8 20 8 30 10 30 23 10 3 32 22 3 33 10 31
split_gain=20347 1421.2 351.398 114.004 117.475 74.7056 173.927 44.5024 31.3983 24.2639 17.7866 12.4574 38.5253 48.1491 6.90238 6.89767 4.99648 2.63912 2.58789 2.01747 1.24388 0.848284
threshold=0.13484849035739901 0.78830561041831981 1.0000000180025095e-35 0.18898809701204303 0.21111111342906955 0.2098387032747269 0.31666667759418493 0.81302964687347423 0.57384175062179577 0.58123165369033825 0.45774768292903906 0.25462962687015539 0.49167129397392279 1.0000000180025095e-35 0.11651583760976793 0.51058068871498119 0.30952382087707525 0.32500000298023229 0.87952226400375377 1.0000000180025095e-35 0.12701612710952762 0.43785487115383154
decision_type=2 2 2 2 2 2 2 2 2 2 2 2 2 2 2 2 2 2 2 2 2 2
left_child=1 5 8 4 7 6 10 15 -3 -8 21 12 13 16 -7 -2 -5 -4 -11 20 -16 -1
right_child=3 2 17 11 -6 14 9 -9 -10 18 -12 -13 -14 -15 19 -17 -18 -19 -20 -21 -22 -23
leaf_value=-0.02886596277005303 -0.0096509058237767096 0.068479299997393148 -0.054962369090832387 0.022866033109599854 0.064659285482212128 -0.056236997640289561 -0.0064084181738669165 0.05330586945569106 -0.0059296914207151562 0.027998204572423011 0.0045684760559475106 0.070333158440708476 0.068615747835026678 -0.041044984486275145 -0.046468586065724439 -0.053732322938113412 0.062297081660816919 -0.020451155304136631 0.060932953591760611 -0.013880243746828764 -0.018669797519233151 -0.054333473036908303
leaf_weight=7.6827157139778128 7.912627473473548 196.9080553650856 44.196160703897476 10.271765053272249 50.521851360797882 3921.5731737911701 15.116008922457693 7.8165610283613196 8.8702010959386808 9.2729834169149381 8.3833751082420331 4657.3915804326534 113.65040434896946 11.936895683407782 16.831772252917293 26.157997131347656 17.906622052192688 6.3929598629474631 23.694655805826187 8.4035924077034014 6.5274920761585227 155.21713121235371
leaf_count=35 31 537 212 32 140 19041 58 22 32 31 32 12654 310 50 78 120 49 26 67 36 28 743
internal_value=0.0129494 -0.049185 0.0419926 0.0690698 0.0246046 -0.0548046 -0.031713 -0.024375 0.0651683 0.034546 -0.0504821 0.0699187 0.0568098 0.0220728 -0.0560737 -0.0441972 0.0496275 -0.0509929 0.0531699 -0.0342951 -0.0402614 -0.0533947
internal_weight=9332.64 4429.07 256.367 4903.57 92.409 4172.7 219.367 41.8872 205.778 48.0836 171.283 4811.16 153.766 40.1153 3953.34 34.0706 28.1784 50.5891 32.9676 31.7629 23.3593 162.9
internal_count=34364 20956 807 13408 313 20149 966 173 569 156 810 13095 441 131 19183 151 81 238 98 142 106 778
is_linear=0
shrinkage=0.04


Tree=9
num_leaves=23
num_cat=0
split_feature=10 8 23 10 13 11 9 8 12 22 9 1 33 2 1 13 12 22 9 12 8 10
split_gain=19037.3 1343.3 327.841 106.426 109.085 68.9131 174.603 41.8948 25.2881 23.477 20.182 17.1321 10.6771 7.12291 5.56007 5.03154 4.95226 2.59094 1.53661 1.39625 1.23398 0.0191762
threshold=0.13484849035739901 0.78830561041831981 1.0000000180025095e-35 0.18898809701204303 0.21111111342906955 1.0000000180025095e-35 0.6789083480834962 0.81302964687347423 0.28577655553817755 0.17500000447034839 0.80901724100112926 0.31666667759418493 0.87500000000000011 0.30662393569946295 0.38750000298023229 0.45000000298023229 0.42895354330539709 0.32500000298023229 0.69631093740463268 0.42895354330539709 0.6291005313396455 0.26201373338699346
decision_type=2 2 2 2 2 2 2 2 2 2 2 2 2 2 2 2 2 2 2 2 2 2
left_child=1 5 9 4 7 6 11 13 -5 -3 14 -1 15 -2 -8 19 21 -4 -6 -7 -12 -10
right_child=3 2 17 8 18 12 10 -9 16 -11 20 -13 -14 -15 -16 -17 -18 -19 -20 -21 -22 -23
leaf_value=-0.05526619461621092 -0.0078197396780205486 0.0030309367042448895 -0.054047702639501337 0.0051387299601634252 0.040587990031179071 -0.055308403164085106 -0.015854803450427814 0.051587652178407821 0.047317513278306834 0.066183806191534564 0.031521088594746935 0.0084314579021422861 -0.01062191584666337 -0.052798941431941783 0.021927415807271037 -0.019938879408364446 0.068202550767643214 -0.019876933221043884 0.068479400794710071 -0.027345570616273053 0.060518825472796217 0.062077305117999852
leaf_weight=141.50103470683098 7.6407518386840811 9.7438367009162885 43.19218111038208 10.349721089005468 13.053426682949064 3850.8612864911556 11.073305383324625 7.8105446994304648 47.18049992620945 194.18933175504208 9.3118886798620242 6.3992360532283774 9.2967153936624509 25.900792270898819 10.27024409174919 8.5806154161691648 4667.2144180685282 6.3553191572427741 37.195059657096863 7.2738285958766928 20.183587640523911 36.075869515538216
leaf_count=696 30 34 212 37 39 19155 46 22 139 535 30 25 36 121 34 38 12819 26 101 33 56 100
internal_value=0.0126334 -0.0483443 0.0407697 0.0670227 0.0238669 -0.0539054 -0.0305449 -0.0237048 0.0678479 0.0631509 0.0325607 -0.052375 -0.0550912 -0.0431908 0.00269397 -0.0551948 0.0679841 -0.0500603 0.062487 -0.055266 0.0532069 0.0547501
internal_weight=9180.65 4328.23 253.481 4852.42 91.6006 4074.75 198.739 41.3521 4760.82 203.933 50.839 147.9 3876.01 33.5415 21.3435 3866.72 4750.47 49.5475 50.2485 3858.14 29.4955 83.2564
internal_count=34364 20956 807 13408 313 20149 887 173 13095 569 166 721 19262 151 80 19226 13058 238 140 19188 86 239
is_linear=0
shrinkage=0.04


Tree=10
num_leaves=26
num_cat=0
split_feature=10 6 20 1 20 10 23 6 38 10 20 20 13 2 3 38 10 38 4 3 20 9 9 20 33
split_gain=17949.7 1330.73 420.417 51.415 88.3661 47.1679 81.0453 55.4945 25.392 13.1872 40.8822 9.03104 6.69571 6.26033 4.93645 2.9848 2.18378 8.18092 1.91962 3.40285 1.16857 22.3253 1.05155 0.811795 0.602415
threshold=0.15504807978868487 0.6287311613559724 0.46259328722953802 0.44949495792388922 0.40802900493144995 0.22474747896194461 1.0000000180025095e-35 0.7137870490550996 0.36785912513732916 0.11651583760976793 0.52060455083847057 0.30940108001232153 0.21111111342906955 0.64326766133308422 0.91112279891967785 0.48293033242225653 0.28174604475498205 0.53160125017166149 0.82519841194152843 0.89957937598228466 0.2098387032747269 0.67041200399398815 0.74601566791534435 0.66530054807662975 0.87500000000000011
decision_type=2 2 2 2 2 2 2 2 2 2 2 2 2 2 2 2 2 2 2 2 2 2 2 2 2
left_child=1 3 11 9 13 6 12 15 -4 14 -11 18 -2 -5 20 -8 17 -7 19 -3 21 -1 -23 -12 -22
right_child=5 2 8 4 -6 16 7 -9 -10 10 23 -13 -14 -15 -16 -17 -18 -19 -20 -21 24 22 -24 -25 -26
leaf_value=-0.053454418186141356 0.029785440277082409 0.030312384926110898 -0.053867208449623415 0.065232244419729177 -0.051688599601171087 0.031201562403174902 -0.052468898809520416 0.055845916880080879 0.017939540229020702 0.03227397237833167 -0.02665619956400575 0.028426133160403592 0.064863329276079934 0.0212018454084494 -0.015415155037854645 -0.018125784043624197 0.066439897410886503 0.062395176472599234 0.066657466408039434 0.058626891682286804 -0.054550278594020243 -0.016566244048027378 0.00063143806961331208 -0.054275094644983327 -0.028100404489828864
leaf_weight=151.3634856492281 13.861227199435232 15.19999812543392 69.660155549645424 10.217671677470209 41.162716329097748 21.730116173624992 16.581173807382587 12.143956050276755 7.8555357456207267 10.962276071310042 6.7500329613685599 16.195656940340996 81.642142251133919 12.835427954792975 6.5710507929325095 8.0669776946306211 4528.0768013000488 84.866812959313393 157.33820776641369 36.969667658209801 3690.5699984580278 9.2388417869806307 10.811710596084593 31.94280743598938 6.3316600918769828
leaf_count=760 43 47 346 28 207 66 79 34 28 38 30 54 226 41 28 32 12589 237 436 104 18837 40 41 155 26
internal_value=0.0121301 -0.0471985 0.033419 -0.0533415 -0.017345 0.0655456 0.0411258 -0.00884775 -0.0461234 -0.0539242 -0.0316901 0.0609416 0.0602469 0.0431877 -0.0541968 -0.0427522 0.0662311 0.0565612 0.0632729 0.0514861 -0.0542574 -0.0482464 -0.0080016 -0.0505591 -0.0545161
internal_weight=9058.95 4291.98 303.219 3988.76 64.2158 4766.97 132.295 36.7921 77.5157 3924.54 49.6551 225.704 95.5034 23.0531 3874.89 24.6482 4634.67 106.597 209.508 52.1697 3868.32 171.414 20.0506 38.6928 3696.9
internal_count=34552 21246 1015 20231 276 13306 414 145 374 19955 223 641 269 69 19732 111 12892 303 587 151 19704 841 81 185 18863
is_linear=0
shrinkage=0.04


Tree=11
num_leaves=27
num_cat=0
split_feature=10 6 23 1 17 36 10 23 6 10 36 36 38 38 3 33 3 10 38 38 11 6 6 38 17 31
split_gain=16848.1 1275.88 375.953 49.5892 72.8123 37.2627 35.8866 67.267 51.4491 15.8519 25.9547 11.5211 8.08293 5.63819 4.83402 4.21025 2.44175 2.21436 7.80289 1.15639 0.601958 0.55545 0.625926 0.530626 0.414247 0.113842
threshold=0.16333333402872088 0.6287311613559724 1.0000000180025095e-35 0.44949495792388922 1.0000000180025095e-35 0.2333333417773247 0.22474747896194461 1.0000000180025095e-35 0.68071380257606517 0.12701612710952762 0.43333333730697637 0.56666669249534618 0.26109534502029424 0.40795028209686285 0.91112279891967785 0.87500000000000011 0.91658571362495433 0.28174604475498205 0.53160125017166149 0.40795028209686285 0.44492964446544653 0.81254673004150402 0.66840046644210827 0.45795448124408727 1.0000000180025095e-35 0.55466157197952282
decision_type=2 2 2 2 2 2 2 2 2 2 2 2 2 2 2 2 2 2 2 2 2 2 2 2 2 2
left_child=1 3 5 9 12 -3 7 13 23 14 25 -4 -5 -2 15 19 21 18 -8 24 -21 22 -7 -9 -1 -11
right_child=6 2 11 4 -6 16 17 8 -10 10 -12 -13 -14 -15 -16 -17 -18 -19 -20 20 -22 -23 -24 -25 -26 -27
leaf_value=-0.05374951515902817 0.028723365206329468 -0.0076622684241472337 -0.051945362212995477 -0.052216546083105185 0.043597920985615525 0.05186629915899521 0.030164901293924282 -0.050544225371816777 0.053997637877342027 -0.027077794667175303 0.030020878031916904 0.0032036703799265061 -0.0015391807608373959 0.063334216785288333 -0.014961106596437533 -0.018042328102254208 0.064138479329309481 0.064727333236282741 0.060680832448530522 -0.019514221824018706 -0.042759310812425955 0.059795343721968666 0.030868966841437803 -0.024943528186340849 -0.047841364585388353 -0.051546919675751958
leaf_weight=3614.6615681648254 12.274415135383604 12.586038887500761 64.932986170053482 37.397085264325142 20.07318839430809 9.8393680453300494 21.627467170357704 13.693612918257715 12.059349685907362 6.7478348612785402 9.0406854301691038 6.1527749747037879 5.739235207438468 78.626900300383568 6.5413079261779776 7.2405232042074195 173.09400837123394 4463.306447416544 83.837405547499657 7.4338097423315075 10.525595411658285 14.689248025417326 21.117972448468208 7.2440820932388297 152.84203697741032 14.169170871376989
leaf_count=18929 38 50 330 193 59 28 66 67 34 30 30 24 24 220 28 29 486 12589 237 35 53 41 66 30 767 69
internal_value=0.0118686 -0.046371 0.0326117 -0.0525218 -0.0168928 0.0572776 0.0639284 0.0416865 -0.00678154 -0.0531037 -0.0225272 -0.0469308 -0.0456169 0.0591408 -0.0533361 -0.053397 0.0611213 0.0645195 0.0549381 -0.053458 -0.0355152 0.0480123 0.0397559 -0.043761 -0.0535294 -0.0458664
internal_weight=8887.49 4194.82 302.412 3892.41 63.2095 231.327 4692.67 123.898 32.997 3829.2 29.9577 71.0858 43.1363 90.9013 3799.24 3792.7 218.741 4568.77 105.465 3785.46 17.9594 45.6466 30.9573 20.9377 3767.5 20.917
internal_count=34552 21271 1025 20246 276 671 13281 389 131 19970 129 354 217 258 19841 19813 621 12892 303 19784 88 135 94 97 19696 99
is_linear=0
shrinkage=0.04


Tree=12
num_leaves=28
num_cat=0
split_feature=10 6 23 10 23 1 17 6 22 38 22 10 23 38 10 3 3 3 38 38 4 4 38 38 9 9 9
split_gain=15836.9 1142.07 351.288 79.9009 92.5916 44.7263 71.4033 43.6446 29.2277 11.568 6.1312 5.83871 24.13 49.3906 5.57523 10.761 4.78754 3.93557 3.07632 3.01977 2.57393 3.55841 2.27544 1.0736 0.799521 0.337633 0.298442
threshold=0.14039409160614016 0.6287311613559724 1.0000000180025095e-35 0.21240601688623431 1.0000000180025095e-35 0.44949495792388922 1.0000000180025095e-35 0.7137870490550996 0.17500000447034839 0.34965507686138159 0.37500000000000006 0.28174604475498205 1.0000000180025095e-35 0.60138812661170971 0.11651583760976793 0.50130745768547069 0.91112279891967785 0.90834251046180736 0.45795448124408727 0.2437454164028168 0.82519841194152843 0.73401361703872692 0.45795448124408727 0.36785912513732916 0.80901724100112926 0.71535181999206554 0.65345367789268505
decision_type=2 2 2 2 2 2 2 2 2 2 2 2 2 2 2 2 2 2 2 2 2 2 2 2 2 2 2
left_child=1 5 8 4 9 14 19 18 -3 -2 -4 12 22 -14 16 -16 23 20 -6 -7 21 -10 -5 24 -1 -25 -11
right_child=3 2 10 11 7 6 -8 -9 17 26 -12 -13 13 -15 15 -17 -18 -19 -20 -21 -22 -23 -24 25 -26 -27 -28
leaf_value=-0.052933139540463858 0.0093904855859151398 -0.0057031320194607096 -0.052404007194270873 0.034729996651649803 -0.051447114274470879 -0.051419386032119041 0.042128760104791815 0.050803993616476452 0.045143819523737305 0.041424748251428944 -0.011886265261407838 0.063164302877473585 -0.058824372493115416 0.055546370693538204 0.0055000815701936887 -0.045474050429601086 -0.014522925631186408 0.061925194015241776 -0.020740267842673493 -0.015149512319935011 0.056303029848737599 0.011848619216204923 0.062036159153090749 -0.041599607575473527 -0.040091073792098503 -0.019828393796091894 0.062445558382781395
leaf_weight=3612.6810355633497 8.8545592278242093 11.163035199046133 59.838821738958359 11.99310480058193 20.083784937858585 35.525981619954109 20.000958934426308 9.145073249936102 10.517444074153902 15.078114628791807 7.6697595268487921 4392.2697686105967 7.9501324146986034 14.074939101934431 8.1184726953506452 24.03867207467556 6.5119984596967688 169.9425660520792 11.076492235064505 5.756150320172309 15.379124522209166 11.272460326552389 104.28913938999176 19.918744832277302 33.051188498735428 6.0722629725933066 56.943041831254959
leaf_count=19402 31 44 315 36 101 188 59 26 31 45 32 12589 33 40 34 119 28 485 47 26 44 38 296 103 169 30 161
internal_value=0.0116267 -0.0461169 0.0308156 0.0619923 0.0294256 -0.0519604 -0.0175312 -0.0194547 0.0554216 0.0536993 -0.0479647 0.0628555 0.0524758 0.0132102 -0.0525222 -0.0327939 -0.0526812 0.0588137 -0.0419178 -0.046958 0.0427578 0.0299673 0.0596684 -0.0527437 -0.0528335 -0.0379349 0.0589578
internal_weight=8709.22 4057.46 285.783 4651.76 121.181 3771.68 61.2831 40.3054 218.275 80.8757 67.5086 4530.58 138.307 22.0251 3710.39 32.1571 3678.24 207.112 31.1603 41.2821 37.169 21.7899 116.282 3671.72 3645.73 25.991 72.0212
internal_count=34552 21147 989 13405 411 20158 273 174 642 237 347 12994 405 73 19885 153 19732 598 148 214 113 69 332 19704 19571 133 206
is_linear=0
shrinkage=0.04


Tree=13
num_leaves=26
num_cat=0
split_feature=10 30 20 10 23 1 20 30 13 38 33 10 23 38 2 20 20 9 31 38 38 4 31 10 30
split_gain=14906.3 1077.14 332.51 83.6659 92.4174 49.1197 84.3033 42.3565 32.2538 14.4138 6.07013 5.7424 22.772 46.4632 4.76669 4.57447 4.23475 35.887 4.42016 3.05784 2.21787 1.30735 2.06744 0.558858 0.213773
threshold=0.13484849035739901 0.63206583261489879 0.39228096604347235 0.21240601688623431 1.0000000180025095e-35 0.44949495792388922 0.35563012957572943 0.70736858248710643 0.15476191043853763 0.33504070341587072 0.87500000000000011 0.28174604475498205 1.0000000180025095e-35 0.60138812661170971 0.6900656819343568 0.2098387032747269 0.2098387032747269 0.67041200399398815 0.86377784609794628 0.45795448124408727 0.45795448124408727 0.82519841194152843 0.90625891089439403 0.12060606107115747 0.54373028874397289
decision_type=2 2 2 2 2 2 2 2 2 2 2 2 2 2 2 2 2 2 2 2 2 2 2 2 2
left_child=1 5 15 4 9 10 14 19 -4 -2 16 12 20 -14 -7 21 17 -1 -19 -6 -5 22 -3 -18 -11
right_child=3 2 8 11 7 6 -8 -9 -10 24 -12 -13 13 -15 -16 -17 23 18 -20 -21 -22 -23 -24 -25 -26
leaf_value=-0.051187941173298425 0.0036688021774065002 0.032820472749534584 -0.051268582000528279 0.03367043761008285 -0.05106532474626873 0.055757017726655665 -0.050886766995488095 0.049322281114374061 0.038227380574120368 0.043900937470507925 -0.013815621685085782 0.061732971314161701 -0.057136102925455561 0.05420510418829471 0.017330420406639659 0.026098501322712013 -0.052368310970221134 -0.0095308051383753822 0.024948453292186448 -0.020774356650309137 0.060520004382531065 0.061513085330272083 0.05602691903009286 -0.036796369742507523 0.061759426316918983
leaf_weight=140.72791834175587 8.9483831077814084 20.503843992948532 64.828726977109909 11.921182140707968 21.065976366400719 13.803225845098497 40.185024306178093 9.091133773326872 5.7839532047510138 22.812192916870117 7.9128795713186255 4315.9182179272175 7.9209492802619961 13.885313659906386 10.44227224588394 10.70595835149288 3420.1861588954926 13.714906856417658 7.8701696544885626 11.218430191278456 102.69558021426201 144.81181263923645 26.583407118916512 19.89976179599762 51.851989790797234
leaf_count=761 32 63 342 36 108 39 218 26 18 69 32 12589 33 40 34 36 18901 59 28 48 296 419 77 100 148
internal_value=0.0114026 -0.0455382 0.0309173 0.0605137 0.027779 -0.0512372 -0.0161607 -0.0204621 -0.0429908 0.0515933 -0.0518567 0.0614251 0.0511198 0.0127878 0.040879 0.0568828 -0.0519351 -0.0439015 0.0036086 -0.0418686 0.0581695 0.0584234 0.0473085 -0.0522944 0.0572682
internal_weight=8525.29 3947.96 273.218 4577.33 124.988 3674.74 64.4305 41.3755 70.6127 83.6126 3610.31 4452.34 136.423 21.8063 24.2455 202.605 3602.4 162.313 21.5851 32.2844 114.617 191.899 47.0873 3440.09 74.6642
internal_count=34552 21127 955 13425 431 20172 291 182 360 249 19881 12994 405 73 73 595 19849 848 87 156 332 559 140 19001 217
is_linear=0
shrinkage=0.04


Tree=14
num_leaves=25
num_cat=0
split_feature=12 6 20 12 13 1 37 5 13 13 5 20 12 23 38 3 3 11 9 30 9 23 33 30
split_gain=13899.1 1043.46 321.124 131.695 200.698 37.0388 67.7625 34.2147 28.2395 21.8869 14.1679 9.72891 7.79581 35.9249 19.8373 5.01074 1.54413 1.13491 16.7022 0.896806 0.674594 0.646868 0.581831 0.53409
threshold=0.28577655553817755 0.6287311613559724 0.44220647215843206 0.42895354330539709 0.21111111342906955 0.44949495792388922 1.0000000180025095e-35 0.92907443642616283 0.21111111342906955 0.63333335518836986 0.2237871661782265 0.30940108001232153 0.49013464152812963 1.0000000180025095e-35 0.56897041201591503 0.91112279891967785 0.91658571362495433 0.19399641454219821 0.67041200399398815 0.7758750617504121 0.74601566791534435 1.0000000180025095e-35 0.62500000000000011 0.66840046644210827
decision_type=2 2 2 2 2 2 2 2 2 2 2 2 2 2 2 2 2 2 2 2 2 2 2 2
left_child=1 5 11 4 7 9 -7 10 -4 15 -2 16 13 -5 -15 17 19 18 -1 23 -20 -12 -19 -3
right_child=3 2 8 12 -6 6 -8 -9 -10 -11 21 -13 -14 14 -16 -17 -18 22 20 -21 -22 -23 -24 -25
leaf_value=-0.050163604228882934 0.003167527459437961 0.044703839568336394 -0.050512059258291407 0.057175517129208625 0.058999978092814501 0.039409427457511394 -0.048461848521616412 0.046922920765042536 0.03422152363314681 0.019664456522835896 -0.027581567863156711 0.017394209575571459 0.060352865178225579 -0.050395995474101743 0.033041644665988149 -0.012140517365599164 0.059662381252898779 -0.051723811064104938 -0.017118592681990948 0.055943385838193402 -0.0022580732438249058 -0.054011162026835383 -0.02775413152352818 0.024938407650037048
leaf_weight=143.44565975666046 8.5598228424787504 9.8834593594074267 65.361565306782722 73.875648140907288 93.370183631777763 19.813809558749199 39.052986204624176 6.191876992583274 5.640961915254592 5.9802480340003958 6.933330461382865 11.964521601796148 4263.9958274513483 7.5004841983318311 7.2096119672060013 6.1718718111515036 155.41112312674522 3309.4575518965721 8.3138225078582781 14.404996186494825 10.953676477074621 40.584054350852966 7.2610397934913626 15.181438595056532
leaf_count=797 36 29 355 219 274 59 214 18 17 21 29 42 12678 37 23 27 458 18799 38 42 44 214 34 48
internal_value=0.0111964 -0.0448401 0.0296503 0.0587813 0.0223678 -0.0506838 -0.0186005 -0.0326821 -0.0429252 -0.0512169 -0.0427863 0.0547673 0.0600775 0.0460443 -0.00949911 -0.0513498 0.0569541 -0.0514148 -0.0455023 0.0444974 -0.00971703 -0.0510889 -0.0516837 0.0349563
internal_weight=8336.52 3828.3 277.848 4508.22 155.639 3550.45 58.8668 62.2691 71.0025 3491.58 56.0772 206.846 4352.58 88.5857 14.7101 3485.6 194.881 3479.43 162.713 39.4699 19.2675 47.5174 3316.72 25.0649
internal_count=34552 21024 991 13528 571 20033 273 297 372 19760 279 619 12957 279 60 19739 577 19712 879 119 82 243 18833 77
is_linear=0
shrinkage=0.04


Tree=15
num_leaves=21
num_cat=0
split_feature=10 6 13 10 13 13 8 1 13 12 13 38 12 38 8 23 38 6 9 9
split_gain=13294.7 959.54 304.436 74.4864 97.9048 64.9441 28.9491 23.266 43.1374 16.6104 9.36724 8.07823 5.47191 9.33498 5.22136 5.08914 1.43665 1.99284 1.1225 3.69943
threshold=0.13188406080007556 0.6229168474674226 -1.0000000180025095e-35 0.18898809701204303 0.21111111342906955 0.21111111342906955 0.81302964687347423 0.44949495792388922 -1.0000000180025095e-35 0.28577655553817755 0.45000000298023229 0.388277217745781 0.42895354330539709 0.45795448124408727 0.84327486157417308 1.0000000180025095e-35 0.388277217745781 0.1988298296928406 0.82972848415374767 0.86729559302330028
decision_type=2 2 2 2 2 2 2 2 2 2 2 2 2 2 2 2 2 2 2 2
left_child=1 7 -3 4 6 11 15 10 -9 -5 14 -4 13 -11 16 -2 18 -18 -1 -20
right_child=3 2 5 9 -6 -7 -8 8 -10 12 -12 -13 -14 -15 -16 -17 17 -19 19 -21
leaf_value=-0.050991160061941224 -0.0069842097952706765 0.056816087910494688 -0.051050845447410363 0.0069914045463071893 0.058726214208216033 0.049614278463725299 0.041703433375860161 0.029774442220857674 -0.046838632536370321 0.013593841381087077 -0.014581764080234634 -0.0021859065104316883 0.059136609749853915 0.051906413401294586 -0.015373330510755621 -0.045916519681670077 -0.011602705020576635 -0.041624899599344463 -0.012216730640482896 -0.047299831909792103
leaf_weight=3350.2264206260443 7.2477929145097724 184.05068048834801 68.938726171851158 10.12425974011421 50.244034111499786 11.440174162387846 7.4754129797220221 15.999082639813421 34.157423168420792 13.465085849165915 12.933326318860052 5.8589850366115561 4223.615163937211 61.960441246628761 8.2101515233516675 27.115820750594139 6.2116657644510296 16.698460817337036 8.8424388468265533 14.297802552580833
leaf_count=19558 29 552 382 38 147 34 22 49 192 46 59 24 12808 188 39 139 32 91 45 81
internal_value=0.0109253 -0.0445366 0.0278976 0.0580275 0.0219912 -0.0335893 -0.0226874 -0.0501964 -0.0221905 0.0587918 -0.0505978 -0.0472819 0.0589125 0.0454582 -0.0507286 -0.0382599 -0.0508077 -0.0347466 -0.0509012 -0.0355388
internal_weight=8139.11 3737.87 270.289 4401.25 92.0831 86.2379 41.839 3467.58 50.1565 4309.16 3417.42 74.7977 4299.04 75.4255 3404.49 34.3636 3396.28 22.9101 3373.37 23.1402
internal_count=34555 21138 992 13417 337 440 190 20146 241 13080 19905 406 13042 234 19846 168 19807 123 19684 126
is_linear=0
shrinkage=0.04


Tree=16
num_leaves=23
num_cat=0
split_feature=10 30 20 10 13 1 20 8 24 12 13 8 12 13 29 8 38 20 17 30 30 30
split_gain=12553.9 907.866 298.017 71.0263 91.7312 29.7141 52.9639 27.3333 20.0898 16.078 9.27281 7.93869 5.56308 38.9493 5.19424 5.18396 1.47951 3.98134 1.14152 10.6331 1.00094 0.995185
threshold=0.13188406080007556 0.62582114338874828 0.39228096604347235 0.18898809701204303 0.21111111342906955 0.44949495792388922 0.27308239042758947 0.81302964687347423 0.06138147599995137 0.28577655553817755 0.45000000298023229 0.67083334922790538 0.42895354330539709 0.21111111342906955 0.48032534122467047 0.84327486157417308 0.388277217745781 0.58370205760002147 1.0000000180025095e-35 0.52487727999687206 0.34310020506381994 0.40062552690505987
decision_type=2 2 2 2 2 2 2 2 2 2 2 2 2 2 2 2 2 2 2 2 2 2
left_child=1 5 11 4 7 10 -7 14 -4 -5 15 -3 13 -11 -2 16 18 -18 -1 20 -20 -22
right_child=3 2 8 9 -6 6 -8 -9 -10 12 -12 -13 -14 -15 -16 -17 17 -19 19 -21 21 -23
leaf_value=-0.050577460756531203 -0.010418629161342056 0.015120733169944009 -0.050172604620233117 0.0067650145085254914 0.057254360660815927 0.032491533256392931 -0.047544949719627701 0.040526094181695019 0.016167348824593534 -0.014361072046774892 -0.014128638492165318 0.055677213361744748 0.058013826784982729 0.057743934809791578 -0.046901044939864599 -0.014921441279713857 -0.0059852095254874583 -0.04395125988983694 -0.048410904206278964 0.0036560052644618109 -0.016811391213341145 -0.040652536600829139
leaf_weight=3139.4209227859974 9.5006793439388257 9.2477479279041273 61.102314248681068 10.128714963793753 49.530715987086296 18.938460409641266 35.433347910642624 7.4354942440986624 7.2845859676599494 13.777037665247915 12.858457520604132 180.73126392066479 4134.9645463526249 60.659360870718956 24.275675237178802 8.1647369712591154 6.5167578905820873 15.994177684187887 114.48576007783413 6.6188657134771338 8.9110931903123873 9.1817839294671995
leaf_count=18901 41 31 348 38 147 58 206 22 28 51 59 554 12808 183 127 39 33 90 672 25 46 48
internal_value=0.0107456 -0.043995 0.0281094 0.0569088 0.0214598 -0.0495265 -0.0194659 -0.0221164 -0.0426676 0.0576653 -0.0500097 0.0537943 0.0577867 0.0442725 -0.0374442 -0.0501431 -0.0502239 -0.0340581 -0.0503191 -0.044005 -0.046447 -0.0312401
internal_weight=7945.16 3634.89 258.366 4310.27 90.7426 3376.52 54.3718 41.2118 68.3869 4219.53 3322.15 189.979 4209.4 74.4364 33.7764 3309.29 3301.13 22.5109 3278.62 139.198 132.579 18.0929
internal_count=34555 21138 961 13417 337 20177 264 190 376 13080 19913 585 13042 234 168 19854 19815 123 19692 791 766 94
is_linear=0
shrinkage=0.04


Tree=17
num_leaves=23
num_cat=0
split_feature=12 6 20 12 13 24 13 12 4 11 9 5 8 9 23 24 12 7 8 24 33 13
split_gain=11746.7 938.176 278.471 64.0495 139.467 39.9595 39.4968 34.2291 24.7577 20.3775 63.7573 13.1683 11.5718 10.6894 8.08473 44.465 48.2289 2.77717 1.70467 1.13715 0.335467 0.0863119
threshold=0.30752871930599218 0.6229168474674226 0.46259328722953802 0.42895354330539709 0.21111111342906955 0.10102041065692903 0.45000000298023229 0.16701237112283709 0.80874970555305492 0.19399641454219821 0.67041200399398815 0.27639257907867437 0.67083334922790538 0.80901724100112926 1.0000000180025095e-35 0.083683475852012648 0.61846226453781139 0.42185109853744512 0.66210046410560619 0.0083683477714657801 1.0000000180025095e-35 0.30952382087707525
decision_type=2 2 2 2 2 2 2 2 2 2 2 2 2 2 2 2 2 2 2 2 2 2
left_child=1 6 12 4 8 -4 9 -8 11 10 18 -2 -3 17 -5 16 19 -12 -1 -16 -14 -11
right_child=3 2 5 14 -6 -7 7 -9 -10 21 13 -13 20 -15 15 -17 -18 -19 -20 -21 -22 -23
leaf_value=-0.047920263526733183 0.0052309374821563441 0.012036222245279813 -0.048623267370877125 0.05719296229643412 0.058087215200059321 0.049597793288950406 -0.042440940785542329 0.053924851250065027 0.038140670618004843 -0.050084089591484152 0.0099327118219416106 -0.052092634647312286 0.036952927341797982 0.040894632956149125 -0.019226285462720375 0.056397479612411261 0.050524389313048632 -0.017120067233655719 -0.018839504785674241 -0.043800540970766959 0.055661685740915255 -0.035031652946833178
leaf_weight=134.50143527984619 7.2893252223730078 11.650606811046599 64.817347347736359 3855.719751149416 80.147005945444107 5.9140740931034079 9.9116200953722018 10.126912295818327 5.984907627105712 3067.537240922451 10.360991135239603 30.933769315481186 14.286621972918509 12.455671235918997 10.086241886019709 179.37118020653725 20.510330229997635 10.383709937334059 5.9923304319381705 9.7756102532148343 175.37206763029099 16.478925988078117
leaf_count=812 31 41 377 12206 245 17 50 31 18 18999 41 166 47 40 45 566 65 42 30 45 545 96
internal_value=0.0105771 -0.0429773 0.0282477 0.0558425 0.0270945 -0.039279 -0.048903 0.00631242 -0.0291446 -0.0492477 -0.0352022 -0.041149 0.0521558 0.0139652 0.0567114 0.0479282 0.00964961 -0.00364996 -0.0468775 -0.0333548 0.0545463 -0.0500209
internal_weight=7749.61 3549.79 272.041 4199.82 124.355 70.7314 3277.75 20.0385 44.208 3257.71 173.694 38.2231 201.309 33.2004 4075.46 219.743 40.3722 20.7447 140.494 19.8619 189.659 3084.02
internal_count=34555 21168 1027 13387 460 394 20141 81 215 20060 965 197 633 123 12927 721 155 83 842 90 592 19095
is_linear=0
shrinkage=0.04


Tree=18
num_leaves=24
num_cat=0
split_feature=10 6 20 10 13 8 20 1 13 2 8 8 10 23 11 33 30 13 10 5 13 29 29
split_gain=11226.6 827.959 277.936 64.3414 85.8013 40.9013 22.3163 75.3666 21.168 11.5538 10.9907 8.34244 6.31107 25.3053 4.85339 3.70304 2.91857 1.93569 1.91764 1.53677 0.314928 0.0567546 0.226979
threshold=0.13188406080007556 0.6229168474674226 0.39228096604347235 0.21240601688623431 0.21111111342906955 0.79095324873924266 0.2098387032747269 0.31666667759418493 0.15476191043853763 0.25176055729389196 0.56294015049934398 0.63245612382888805 0.29705883562564855 1.0000000180025095e-35 0.20970017462968829 0.87500000000000011 0.45104220509529119 0.21111111342906955 0.12060606107115747 0.80259740352630626 -1.0000000180025095e-35 0.7241005301475526 0.76597222685813915
decision_type=2 2 2 2 2 2 2 2 2 2 2 2 2 2 2 2 2 2 2 2 2 2 2
left_child=1 6 11 4 5 9 7 14 -4 -2 -9 -3 13 17 21 18 -11 -5 -8 -12 -13 -1 -23
right_child=3 2 8 12 -6 -7 15 10 -10 16 19 20 -14 -15 -16 -17 -18 -19 -20 -21 -22 22 -24
leaf_value=-0.049564908873627495 0.0087789634392919456 0.0120451377152118 -0.048345933591334128 0.03713687702594478 0.055104133863083452 0.047132103922962576 -0.049526190530847981 -0.0094926876258044929 0.027636616340106303 -0.048109357994263288 0.022461561131658283 0.054404679402637539 0.056166453720454007 0.003733997364445526 -0.0076825410246944394 -0.016806965236852031 -0.016741530098318542 0.05543915575850332 -0.028840929615050057 0.050385158007167787 0.033589874787014119 -0.018641755243634067 -0.039720689609563202
leaf_weight=112.5672178119421 8.4645933210849744 8.9824024736881238 63.279652670025826 25.755307376384735 68.57350055873394 12.69050459563732 2990.612139582634 10.814308375120165 5.2320921272039405 24.499942511320114 10.707684084773065 166.62857487797737 3845.9537736177444 19.716527253389359 5.5126373767852774 7.520082399249076 8.5205958634614927 106.38713325560093 14.613907590508459 9.5175414532423002 10.422462657094 6.180821865797042 9.5718903839588148
leaf_count=698 33 31 380 84 212 38 19103 47 17 135 37 530 12471 71 30 32 37 336 81 28 34 35 55
internal_value=0.010422 -0.0430009 0.0262583 0.05492 0.0259428 -0.0114813 -0.0485628 -0.0335587 -0.0418219 -0.030715 0.0215843 0.051533 0.0558014 0.0460947 -0.046481 -0.0493667 -0.0410633 0.0523213 -0.0494401 0.0381235 0.0534614 -0.048063 -0.0339128
internal_weight=7552.73 3432.16 254.545 4120.56 122.749 54.1756 3177.62 164.872 68.5117 41.4851 31.0395 186.033 3997.81 151.859 133.833 3012.75 33.0205 132.142 3005.23 20.2252 177.051 128.32 15.7527
internal_count=34555 21138 992 13417 455 243 20146 930 397 205 112 595 12962 491 818 19216 172 420 19184 65 564 788 90
is_linear=0
shrinkage=0.04


Tree=19
num_leaves=25
num_cat=0
split_feature=10 6 20 10 13 5 20 9 13 12 9 8 10 2 23 10 23 12 12 8 13 32 10 13
split_gain=10628.6 789.195 261.978 62.0284 76.6117 23.469 22.118 60.0764 20.3196 14.6403 10.1773 8.11503 7.99142 6.25889 5.97535 5.7849 16.0344 16.0647 2.53032 2.13676 2.04603 0.67531 0.456854 0.421147
threshold=0.13188406080007556 0.6229168474674226 0.39228096604347235 0.18898809701204303 0.21111111342906955 0.90070420503616344 0.23854447156190875 0.67041200399398815 0.15476191043853763 0.28577655553817755 0.80901724100112926 0.63245612382888805 0.039230769500136382 0.63859337568283092 1.0000000180025095e-35 0.29705883562564855 1.0000000180025095e-35 0.54181629419326793 0.35851633548736578 0.66210046410560619 0.21111111342906955 0.45000000298023229 0.10912698507308961 -1.0000000180025095e-35
decision_type=2 2 2 2 2 2 2 2 2 2 2 2 2 2 2 2 2 2 2 2 2 2 2 2
left_child=1 6 11 4 5 14 7 12 -4 -5 13 -3 19 -9 -2 16 20 -18 21 -1 -11 -8 -20 -13
right_child=3 2 8 9 -6 -7 18 10 -10 15 -12 23 -14 -15 -16 -17 17 -19 22 -21 -22 -23 -24 -25
leaf_value=-0.047787937738543729 -0.001949973836117759 0.011626372161423234 -0.047756146617114067 0.0058495431099558374 0.053588834317066944 0.042716163813178207 -0.049077523358917817 0.020498006632812333 0.026764392977232179 0.036884087453357299 0.041264730014783021 0.053419223093936041 0.0019967063887412879 -0.020138762931967858 -0.042787647856246259 0.05527270309874293 -0.018337576649599382 0.041844684681416479 -0.03361560081882576 -0.01620327842448455 0.054130881420267167 -0.028986145649243494 -0.013198715912171458 0.032522411931098491
leaf_weight=130.82471172511578 7.3266606032848349 8.9788139015436155 61.552463993430138 9.8924412578344327 47.155472576618195 6.1566064953804007 2885.0129208415747 8.8954389244318026 5.241085782647132 29.248065173625946 11.950941801071165 163.01519452035427 5.2032504826784125 12.235130324959753 25.82249328494072 3752.9466721862555 11.263444095849993 14.075313761830328 6.6645356565713865 5.5249391049146643 119.63995072245598 10.464142605662344 6.5985281020402908 10.377316042780874
leaf_count=837 30 31 380 38 147 19 19003 35 17 96 38 530 28 50 141 12469 44 45 40 28 388 52 35 34
internal_value=0.0102759 -0.0425429 0.0257772 0.0540239 0.0200802 -0.0206613 -0.0480777 -0.033602 -0.0411965 0.0547634 0.0142427 0.0505097 -0.0448454 -0.00257004 -0.0341696 0.054886 0.0461506 0.0156417 -0.0489288 -0.0466902 0.0511405 -0.04902 -0.0260577 0.0524489
internal_weight=7356.07 3332.54 249.165 4023.53 86.4612 39.3058 3083.37 174.634 66.7935 3937.07 33.0815 182.371 141.553 21.1306 33.1492 3927.17 174.227 25.3388 2908.74 136.35 148.888 2895.48 13.2631 173.393
internal_count=34555 21138 992 13417 337 190 20146 1016 397 13080 123 595 893 85 171 13042 573 89 19130 865 484 19055 75 564
is_linear=0
shrinkage=0.04


Tree=20
num_leaves=26
num_cat=0
split_feature=10 6 20 10 13 13 7 20 9 3 19 9 12 30 7 10 23 6 3 12 3 10 12 9 33
split_gain=9973.66 763.424 228.062 72.4234 73.0978 41.546 38.7416 34.9293 76.9362 15.4861 11.1234 9.24309 7.86851 4.77867 8.73192 3.63887 16.5403 3.17077 3.34764 3.0653 2.86642 2.23205 2.10582 1.58832 1.3803
threshold=0.12701612710952762 0.6287311613559724 0.30940108001232153 0.21240601688623431 0.21111111342906955 0.21111111342906955 0.63865947723388683 0.2098387032747269 0.68356868624687206 0.47513763606548315 0.8532998561859132 0.81302964687347423 0.30752871930599218 0.35310883820056921 0.35197180509567266 0.29705883562564855 1.0000000180025095e-35 0.72729831933975231 0.89957937598228466 0.2202728018164635 0.87489145994186412 0.11651583760976793 0.47033876180648809 0.69631093740463268 1.0000000180025095e-35
decision_type=2 2 2 2 2 2 2 2 2 2 2 2 2 2 2 2 2 2 2 2 2 2 2 2 2
left_child=1 7 17 4 6 19 9 8 13 -2 11 -10 -5 -1 -15 16 -14 18 -3 -4 -12 -9 -11 -6 -23
right_child=3 2 5 12 23 -7 -8 21 10 22 20 -13 15 14 -16 -17 -18 -19 -20 -21 -22 24 -24 -25 -26
leaf_value=-0.046593397286028473 0.015142528228375795 0.013246825295713643 -0.049352087867073527 0.018230960614131767 0.032060726127259465 0.04876229425862813 0.041960470621314645 -0.048592795680576284 -0.025962391114860549 -0.047406246047761134 0.020174986718838661 0.027423912805170307 0.050832551408833415 0.015393683636195964 -0.044501837052709964 0.054397856485321604 0.0085732942793468898 0.053429274220307667 0.043624652652957077 -0.013364707163717487 0.055058334983668189 -0.036558855268504525 -0.01608309684662225 0.055127480702899148 -0.0099332820582372968
leaf_weight=110.01336424052715 8.2799802124500257 9.9507900923490542 54.706699594855309 11.546361997723578 14.26612241566181 6.8545315116643897 14.480092301964758 2805.2348674684763 9.8061698377132434 27.097897499799728 9.524738550186159 7.5912875086069098 118.44803985953331 5.9321123808622342 6.5915068387985229 3656.1144572943449 17.489180266857147 142.39778293669224 21.771698728203773 5.4556923061609259 10.014309242367743 12.19586716592312 6.2339639961719504 49.519550248980522 5.9630517661571494
leaf_count=723 32 34 345 40 46 20 45 19045 45 154 34 25 394 29 38 12458 61 474 71 26 30 72 27 160 33
internal_value=0.0102043 -0.0419083 0.0263886 0.0530267 0.0220514 -0.035609 -0.0110977 -0.047444 -0.0287358 -0.0306131 0.0210787 -0.00199423 0.0539957 -0.0438552 -0.0174956 0.0540985 0.045535 0.0504175 0.0351865 -0.0464557 0.0406357 -0.0484848 -0.0424457 0.0507588 -0.0293471
internal_weight=7147.48 3224 241.137 3923.48 119.878 67.0169 56.0919 2982.87 159.473 41.6118 36.9365 17.3975 3803.6 122.537 12.5236 3792.05 135.937 174.12 31.7225 60.1624 19.539 2823.39 33.3319 63.7857 18.1589
internal_count=34461 21044 970 13417 464 391 258 20074 924 213 134 70 12953 790 67 12913 455 579 105 371 64 19150 181 206 105
is_linear=0
shrinkage=0.04


Tree=21
num_leaves=23
num_cat=0
split_feature=12 8 23 12 13 17 1 13 38 5 36 30 8 8 23 38 12 38 4 19 23 1
split_gain=9367.81 796.94 191.132 66.1047 114.487 40.4514 82.5766 31.4644 30.2575 21.3182 19.7659 11.1755 9.41515 9.30781 9.22068 60.96 5.07551 3.88144 2.94457 2.04705 0.926686 0.136408
threshold=0.30752871930599218 0.76533168554306041 1.0000000180025095e-35 0.42895354330539709 0.21111111342906955 1.0000000180025095e-35 0.31666667759418493 0.45000000298023229 0.27338087558746343 0.91024166345596325 0.2333333417773247 0.45774768292903906 0.24440020322799685 0.58123165369033825 1.0000000180025095e-35 0.60138812661170971 0.54181629419326793 0.36785912513732916 0.92907443642616283 0.89871793985366832 1.0000000180025095e-35 0.44949495792388922
decision_type=2 2 2 2 2 2 2 2 2 2 2 2 2 2 2 2 2 2 2 2 2 2
left_child=1 5 10 4 9 7 11 17 -9 12 -3 -7 -2 -8 -5 16 -16 -1 -4 -15 -14 -12
right_child=3 2 18 14 -6 6 13 8 -10 -11 21 -13 20 19 15 -17 -18 -19 -20 -21 -22 -23
leaf_value=-0.048259795699779361 0.0031246264423011668 -0.0050483039153197884 -0.047605695535181777 0.053687470005063596 0.053056545619316352 -0.046543118294706066 -0.0030427797542048759 -0.039249330183305259 0.051875790687696786 0.036082839382310869 0.037088714321401713 0.0076311071148428911 -0.022090606915814544 0.020109009329755373 -0.036991394027687134 0.050810916876705074 0.0033419531566830324 -0.024200785667307791 -0.015532892444393504 0.047213387176931639 -0.051031298911346869 0.053074307505284121
leaf_weight=2730.4766250401735 6.6676086336374274 9.6907023638486844 36.67990480363369 3496.2364938259125 70.863316729664803 103.88605342805386 13.538802385330198 11.115696057677271 8.8815173208713514 5.7422524094581595 17.557257026433945 5.7644755840301505 5.5768815279006985 11.536846101284029 12.062542244791986 179.87895238399506 7.0413750708103171 15.51390518248081 7.3840893656015387 14.075039103627203 26.395333424210548 156.60111597180367
leaf_count=19115 30 40 243 12213 236 698 55 59 27 18 60 25 24 39 59 626 28 91 41 44 160 530
internal_value=0.0100746 -0.0410367 0.0308063 0.0522293 0.022015 -0.0466713 -0.0259151 -0.0477733 0.00180213 -0.0276608 0.0487076 -0.04355 -0.0384997 0.0231785 0.053164 0.0436307 -0.0223762 -0.0481372 -0.0427079 0.0367521 -0.0471632 0.0517898
internal_weight=6953.17 3142.7 227.913 3810.46 115.245 2914.79 148.801 2765.99 19.9972 44.3821 183.849 109.651 38.6398 39.1507 3695.22 198.983 19.1039 2745.99 44.064 25.6119 31.9722 174.158
internal_count=34461 21067 914 13394 468 20153 861 19292 86 232 630 723 214 138 12926 713 87 19206 284 83 184 590
is_linear=0
shrinkage=0.04


Tree=22
num_leaves=25
num_cat=0
split_feature=10 8 23 10 13 13 9 8 3 22 3 1 14 12 10 9 13 2 22 9 12 23 3 1
split_gain=8970.83 704.112 149.583 67.2141 65.2508 55.3812 102.009 40.2895 17.512 14.7781 14.2602 11.8493 8.91139 12.5169 8.07779 29.667 30.8962 6.85923 2.78549 1.76229 1.75369 1.40742 0.334534 0.0670169
threshold=0.12701612710952762 0.78830561041831981 1.0000000180025095e-35 0.21240601688623431 0.21111111342906955 -1.0000000180025095e-35 0.68356868624687206 0.72871574759483349 0.45895577967166906 0.17500000447034839 0.87952226400375377 0.31666667759418493 1.0000000180025095e-35 0.13323584198951724 0.28174604475498205 0.63702240586280834 0.21111111342906955 0.60107529163360607 0.37500000000000006 0.69631093740463268 0.47033876180648809 1.0000000180025095e-35 0.91112279891967785 0.44949495792388922
decision_type=2 2 2 2 2 2 2 2 2 2 2 2 2 2 2 2 2 2 2 2 2 2 2 2
left_child=1 5 9 4 7 6 11 8 -2 -3 17 -1 -7 -14 15 16 -5 -8 -4 -6 -10 -17 -12 -11
right_child=3 2 18 14 19 12 10 -9 20 23 22 -13 13 -15 -16 21 -18 -19 -20 -21 -22 -23 -24 -25
leaf_value=-0.047131385540877223 0.018675070869627018 -0.0010038921051072282 -0.046307323030431918 -0.046572954790389053 0.03004247118996874 -0.047750840428194934 0.023913089958215738 0.042516230411368525 -0.04868659158078914 0.035257441021076995 0.03095055653342163 0.010409043623121507 -0.039492059423512152 0.027783254192347378 0.052857423267854343 0.052551449924794033 0.042103428676348663 -0.016736935324740285 -0.010153230854788968 0.053390887743892342 -0.016842346541019425 0.029615425857964794 0.052691419991977025 0.051779561463809694
leaf_weight=104.17696782946587 7.7044128626584998 8.9844875037670118 30.32997390627861 10.614309668540956 13.950837299227713 2661.13135625422 10.199477434158327 14.770435184240339 26.482826575636867 14.979065626859663 12.860614165663721 5.2924388945102683 10.208360776305197 5.466233402490615 3496.6720195561647 80.776524856686592 10.928342610597609 13.103145956993101 4.8865830898284903 47.328720211982727 5.412637084722518 11.809320867061613 12.874546825885771 139.21426695585251
leaf_count=728 29 35 209 44 46 19228 39 47 158 51 43 25 62 23 12554 278 37 53 22 160 24 40 40 486
internal_value=0.00995159 -0.0411043 0.0315231 0.0515169 0.021139 -0.0462045 -0.0228974 -0.0106046 -0.0314891 0.047636 0.024435 -0.0441687 -0.047571 -0.015558 0.0524824 0.0404528 -0.00142759 0.00149896 -0.0416337 0.0488576 -0.0442244 0.0501195 0.0440637 0.0505252
internal_weight=6760.16 3033.71 198.394 3726.45 115.65 2835.31 158.507 54.3703 39.5999 163.178 49.0378 109.469 2676.81 15.6746 3610.8 114.128 21.5427 23.3026 35.2166 61.2796 31.8955 92.5858 25.7352 154.193
internal_count=34461 21044 803 13417 464 20241 928 258 211 572 175 753 19313 85 12953 399 81 92 231 206 182 318 83 537
is_linear=0
shrinkage=0.04


Tree=23
num_leaves=27
num_cat=0
split_feature=10 8 20 10 13 13 8 20 9 2 1 9 10 9 13 7 38 11 12 19 38 31 9 38 39 11
split_gain=8514.87 671.508 196.518 64.8769 61.6108 40.5883 37.9194 34.9639 67.4828 16.7647 11.8431 9.93423 8.09732 32.6948 35.8919 7.4477 6.80691 6.36033 3.43086 3.04125 2.38232 2.02403 1.80985 1.78846 1.08123 0.18818
threshold=0.12701612710952762 0.75147059559822094 0.29716350138187414 0.21240601688623431 0.21111111342906955 0.30952382087707525 0.72871574759483349 0.2098387032747269 0.68356868624687206 0.23294574022293094 0.31666667759418493 0.80901724100112926 0.29705883562564855 0.63702240586280834 0.21111111342906955 0.38589134812355047 0.36785912513732916 0.41280081868171697 0.027081483975052837 0.92546296119689953 0.53160125017166149 0.85391354560852062 0.69631093740463268 0.34965507686138159 1.0000000180025095e-35 0.52851876616477977
decision_type=2 2 2 2 2 2 2 2 2 2 2 2 2 2 2 2 2 2 2 2 2 2 2 2 2 2
left_child=1 7 21 4 6 23 9 8 10 -2 18 15 13 14 -5 -10 -9 -18 -1 -13 -11 -3 -6 -4 -15 -19
right_child=3 2 5 12 22 -7 -8 16 11 20 -12 19 -14 24 -16 -17 17 25 -20 -21 -22 -23 -24 -25 -26 -27
leaf_value=-0.047286747932379497 0.01811310982373681 0.02417443463419185 -0.048063404663006563 -0.047616425181533834 0.029175744714955154 0.051116139280003019 0.041415256279809229 -0.047494241909454574 0.02343071761663475 -0.048925291785068263 0.012523519068940146 0.017359191255696432 0.052222820702843356 0.030883566725808876 0.042898985113613154 -0.022074867757438121 0.0013446603711433148 -0.041219513473439572 -0.0080327398479200524 0.050790840805301059 -0.015390054774694887 0.051055124349935851 0.052557270559344796 -0.014936460538591764 0.051780419316032771 -0.018265630302781985
leaf_weight=102.02051123976707 7.7231495529413214 8.6966898143291456 49.412683770060539 11.809445410966875 13.834403187036513 6.4352088570594779 14.60309614241123 2541.0497544258833 8.026766315102579 25.29925906658173 5.0330916196107855 11.119674012064936 3376.6066624224186 12.848533987998961 12.661232054233549 12.098796412348745 9.236505255103113 15.453343227505686 4.3279327303171149 9.4090354144573194 5.9000426083803168 149.77396373450756 46.202831953763962 4.5246686041355124 100.40221534669399 4.5782616734504691
leaf_count=736 29 32 339 49 46 19 47 18982 32 156 23 38 12461 44 44 50 51 103 26 29 26 532 160 24 355 28
internal_value=0.00983689 -0.0407276 0.0265072 0.0508311 0.020715 -0.0341614 -0.0103378 -0.0461482 -0.0270365 -0.0308123 -0.0429675 0.0165122 0.0517967 0.0408967 -0.000719079 -0.00325123 -0.0472621 -0.0257575 -0.0458068 0.0350572 -0.0435217 0.0497893 0.0479514 -0.0457304 0.0498268 -0.0375817
internal_weight=6569.09 2941.2 218.843 3627.89 113.563 60.3726 53.5255 2722.35 152.036 38.9225 111.382 40.6543 3514.33 137.721 24.4707 20.1256 2570.32 29.2681 106.348 20.5287 31.1993 158.471 60.0372 53.9374 113.251 20.0316
internal_count=34461 21044 946 13417 464 382 258 20098 934 211 785 149 12953 492 93 82 19164 182 762 67 182 564 206 363 399 131
is_linear=0
shrinkage=0.04


Tree=24
num_leaves=29
num_cat=0
split_feature=12 8 39 12 39 20 9 8 13 20 1 9 13 2 38 8 12 7 24 12 19 39 33 24 1 31 9 8
split_gain=8014.53 690.611 183.143 59.4594 124.283 32.4905 59.6232 26.7205 22.7654 21.2275 11.376 11.2217 10.8868 14.1083 10.4711 5.72499 5.40817 4.95571 4.74246 3.03043 1.75771 1.04253 0.989409 0.818392 0.729441 1.07593 0.27648 0.184987
threshold=0.30752871930599218 0.75147059559822094 1.0000000180025095e-35 0.49013464152812963 1.0000000180025095e-35 0.2098387032747269 0.68356868624687206 0.78830561041831981 0.63333335518836986 0.59683671593666088 0.31666667759418493 0.80901724100112926 0.21111111342906955 0.6789083480834962 0.36785912513732916 0.24440020322799685 0.03333565033972264 0.42741556465625768 0.016575092449784282 0.2062180042266846 0.90550595521926891 1.0000000180025095e-35 0.87500000000000011 0.040361991152167327 0.44949495792388922 0.91035637259483349 0.50274726748466503 0.66210046410560619
decision_type=2 2 2 2 2 2 2 2 2 2 2 2 2 2 2 2 2 2 2 2 2 2 2 2 2 2 2 2
left_child=1 5 19 4 7 6 10 15 14 24 16 17 13 -6 22 -2 -1 -8 -16 -3 -13 -5 -7 -20 25 -4 -14 -17
right_child=3 2 9 21 12 8 11 -9 -10 -11 -12 20 26 -15 18 27 -18 -19 23 -21 -22 -23 -24 -25 -26 -27 -28 -29
leaf_value=-0.046901248699926054 -0.0056950908649975309 -0.04534948017805996 0.019180470757019685 0.04574995627422708 -0.023848015302268114 -0.047179555496813956 0.011416840353694332 0.037041701860349878 0.019495657945680804 -0.010635930093769475 0.01213448560502934 0.018884006448723654 0.030061681244412407 0.041426379951396523 0.013233416896818267 -0.052315787214948097 -0.0011384073884090845 -0.025822452661032353 -0.037641003939427362 -0.0067500609396340264 0.046511170257801 0.051696740477962057 -0.017930820843828233 -0.011316783011354706 0.050940894568770163 0.04421624606072997 0.051878058626575074 -0.026192059887913444
leaf_weight=98.960380926728249 6.0511341691017142 42.141434758901596 9.267119303345682 172.35408617556095 7.234201833605769 2466.030527099967 10.040450215339662 6.6745001375675193 7.3299544602632514 9.123762369155882 5.0531015545129767 10.849311634898188 8.3820419460535032 11.427400425076483 5.6912758797407177 26.337894603610042 4.2882299721240988 9.4104936271905881 5.4480336010456067 4.0870645344257346 9.536436051130293 3161.0493847578764 4.3030187189579001 5.2272745668888092 148.45797957479954 9.252382427453993 110.56704606115818 5.5751221328973761
leaf_count=737 31 306 34 653 31 19019 41 22 27 41 23 37 30 40 32 167 25 39 38 20 30 11986 20 26 540 32 403 31
internal_value=0.00972855 -0.0399243 0.0276053 0.0501855 0.02757 -0.0456232 -0.026935 -0.0295395 -0.0467162 0.0461661 -0.0421546 0.0143986 0.0462427 0.0162594 -0.0469259 -0.0425901 -0.0450221 -0.00689983 -0.0134916 -0.0420619 0.0340592 0.0514103 -0.0471393 -0.0277276 0.0494072 0.0342419 0.0507197 -0.0491151
internal_weight=6380.15 2864.5 222.33 3515.65 182.249 2642.17 148.138 44.6387 2494.03 176.101 108.302 39.8367 137.611 18.6616 2486.7 37.9642 103.249 19.4509 16.3666 46.2285 20.3857 3333.4 2470.33 10.6753 166.977 18.5195 118.949 31.913
internal_count=34461 21067 973 13394 755 20094 932 251 19162 647 785 147 504 71 19135 229 762 80 96 326 67 12639 19039 64 606 66 433 198
is_linear=0
shrinkage=0.04


Tree=25
num_leaves=27
num_cat=0
split_feature=10 6 23 10 23 38 1 11 11 38 38 23 19 38 2 8 8 6 13 8 11 8 38 12 31 14
split_gain=7733.59 623.34 173.525 41.3064 68.7378 46.3963 29.9894 31.42 14.406 23.3127 10.9216 21.6643 9.68102 6.62089 6.31124 3.88745 3.45332 2.96006 2.62857 6.09765 2.41693 2.25641 1.70085 1.57075 1.5182 0.428919
threshold=0.13484849035739901 0.6287311613559724 1.0000000180025095e-35 0.25462962687015539 1.0000000180025095e-35 0.60138812661170971 0.44949495792388922 0.2274575084447861 0.22040571272373202 0.32311579585075384 0.36785912513732916 1.0000000180025095e-35 0.91458967328071605 0.33504070341587072 0.64747309684753429 0.84327486157417308 0.68614074587821972 0.59156423807144176 0.21111111342906955 0.79095324873924266 0.40590606629848486 0.35585997998714453 0.22028702497482303 0.22836096584796908 0.87704071402549755 1.0000000180025095e-35
decision_type=2 2 2 2 2 2 2 2 2 2 2 2 2 2 2 2 2 2 2 2 2 2 2 2 2 2
left_child=1 6 8 4 13 12 10 14 16 -10 15 -12 20 -2 -8 17 -3 25 19 -15 -6 -13 -9 -4 -19 -1
right_child=3 2 23 -5 5 -7 7 22 9 -11 11 21 -14 18 -16 -17 -18 24 -20 -21 -22 -23 -24 -25 -26 -27
leaf_value=-0.046660676590706621 0.011453939609450859 0.018205726576684528 -0.046161688806489715 0.050856566998075142 -0.016519661996167577 0.045821462632778608 0.04598781531368324 -0.044139863485856461 -0.029779784420508056 0.049711324190496259 0.041056509943889291 -0.0095911114214781486 0.0037459838407395787 0.00547316864057526 0.001733535032451165 -0.010773401595339854 0.049137815516269522 -0.031016586284166838 0.050595210442168553 0.047678737937373095 -0.053155624639906682 -0.044264020709570875 -0.011175903289110969 -0.014071874598149138 -0.0017976405765970423 -0.029932006768070018
leaf_weight=2451.8234910964966 9.6377965211868268 8.3455990105867368 40.894818693399429 3244.2825141251087 5.2966095805168179 14.548649370670317 9.3042934238910693 22.643895328044895 10.05779378116131 10.07370851933956 5.8224613219499615 4.7513951063156155 7.140334576368331 9.6775531470775604 9.6518728882074338 5.9205098301172248 142.70057748258114 8.6013790965080243 105.91378010809422 11.986791044473648 20.594113498926163 16.667588278651237 4.1687367111444464 4.3449797779321662 4.2186330854892722 13.194236844778059
leaf_count=19508 36 27 308 12663 27 49 28 176 52 32 24 29 31 36 35 33 537 62 387 42 120 118 25 22 25 82
internal_value=0.00963879 -0.040015 0.0249994 0.0497959 0.0309359 -0.0101279 -0.0455336 -0.0129219 0.0433799 0.010754 -0.0461202 -0.0193755 -0.0360324 0.0451529 0.0251358 -0.0464016 0.0476057 -0.0464804 0.0475805 0.0305367 -0.046906 -0.0376179 -0.0397815 -0.0434501 -0.0227656 -0.0465897
internal_weight=6202.26 2773.19 216.417 3429.08 184.796 47.5797 2556.77 45.7688 171.178 20.1315 2511 27.2414 33.0311 137.216 18.9562 2483.76 151.046 2477.84 127.578 21.6643 25.8907 21.419 26.8126 45.2398 12.82 2465.02
internal_count=34514 21123 978 13391 728 227 20145 264 648 84 19881 171 178 501 63 19710 564 19677 465 78 147 147 201 330 87 19590
is_linear=0
shrinkage=0.04


Tree=26
num_leaves=26
num_cat=0
split_feature=10 6 39 10 39 38 1 11 36 38 39 19 9 29 3 33 11 3 30 31 38 38 29 30 3
split_gain=7352.07 595.236 164.469 40.4548 65.1033 43.801 29.3453 29.8575 25.738 10.8799 20.4917 9.29678 9.07162 10.1038 3.78113 2.75291 2.37288 2.17264 2.21021 2.09389 1.7831 1.69083 1.07225 0.723392 0.674295
threshold=0.13484849035739901 0.6287311613559724 1.0000000180025095e-35 0.25462962687015539 1.0000000180025095e-35 0.60138812661170971 0.44949495792388922 0.2274575084447861 0.2333333417773247 0.36785912513732916 1.0000000180025095e-35 0.91458967328071605 0.5604878067970277 0.5077909827232362 0.91112279891967785 0.87500000000000011 0.40590606629848486 0.91658571362495433 0.70736858248710643 0.64140829443931591 0.388277217745781 0.22028702497482303 0.91119542717933666 0.53223589062690746 0.88890907168388378
decision_type=2 2 2 2 2 2 2 2 2 2 2 2 2 2 2 2 2 2 2 2 2 2 2 2 2
left_child=1 6 20 4 5 11 9 23 -4 14 19 16 13 -6 15 22 -2 18 -10 -11 -3 -9 -1 -8 -20
right_child=3 2 8 -5 12 -7 7 21 17 10 -12 -13 -14 -15 -16 -17 -18 -19 24 -21 -22 -23 -24 -25 -26
leaf_value=-0.04626249233360398 -0.016068014464982083 -0.045785066544420897 -0.019075799432594936 0.050290567124474932 0.037935136683547546 0.044931561453885709 0.032986861980701929 -0.04376142909869387 0.018144308024389672 -0.010161236238787319 0.039325419565717938 0.0036439771629141414 0.048787626254097993 -0.016087060757790112 -0.0056630604974309334 -0.014978159332505951 -0.052392260095677684 0.049554678191405313 0.050043863452528412 -0.043791829039480146 -0.012109671518021611 -0.010886997556848936 -0.021578095437458523 0.013690296299760089 0.025406461334857071
leaf_weight=2386.2568501532078 5.2670001834630993 39.895713828504086 9.0852191448211652 3151.4577724039555 12.502398744225504 14.286457061767576 8.8378963023424166 21.953134045004848 13.593419417738913 4.861968129873282 5.9075761437416068 7.1463525444269171 114.11813136935234 7.5739664584398261 4.0928364843130103 6.3527408689260474 20.090639740228653 122.96681840717793 12.590982496738436 16.049601621925831 4.0552158802747718 4.1459567695856085 6.7533058524131766 10.017402634024618 8.9380856454372388
leaf_count=19611 27 310 45 12663 43 49 28 176 51 30 24 31 426 32 22 30 120 474 44 117 20 25 47 35 34
internal_value=0.00953959 -0.0396852 0.0246156 0.0492216 0.0303679 -0.00989939 -0.0451854 -0.0126405 0.0426856 -0.0457794 -0.0189124 -0.0352502 0.0443848 0.0178423 -0.0460671 -0.046133 -0.0460972 0.046458 0.0340249 -0.037092 -0.0429997 -0.0393184 -0.0462065 0.0243987 0.0421119
internal_weight=6018.8 2686.35 211.125 3332.44 180.985 46.7904 2475.23 44.9544 167.175 2430.27 26.8191 32.504 134.194 20.0764 2403.46 2399.36 25.3576 158.089 35.1225 20.9116 43.9509 26.0991 2393.01 18.8553 21.5291
internal_count=34514 21123 978 13391 728 227 20145 264 648 19881 171 178 501 75 19710 19688 147 603 129 147 330 201 19658 63 78
is_linear=0
shrinkage=0.04


Tree=27
num_leaves=25
num_cat=0
split_feature=10 6 39 10 39 38 36 29 17 38 39 9 29 8 9 8 39 11 38 11 38 5 6 10
split_gain=6991.99 568.789 155.909 39.7557 61.6198 41.3653 24.6044 20.0448 32.4478 11.8228 20.4931 8.8897 9.52587 8.01952 7.84572 6.20438 21.206 4.22436 3.06169 2.25281 1.78468 0.92055 0.419834 0.138661
threshold=0.13484849035739901 0.6287311613559724 1.0000000180025095e-35 0.25462962687015539 1.0000000180025095e-35 0.60138812661170971 0.2333333417773247 0.87304639816284191 1.0000000180025095e-35 0.36785912513732916 1.0000000180025095e-35 0.5604878067970277 0.5077909827232362 0.68614074587821972 0.76253134012222301 0.69631093740463268 1.0000000180025095e-35 0.27506613731384283 0.2390113100409508 0.41523948311805731 0.388277217745781 0.8155706822872163 0.58512848615646373 0.29705883562564855
decision_type=2 2 2 2 2 2 2 2 2 2 2 2 2 2 2 2 2 2 2 2 2 2 2 2
left_child=1 7 20 4 5 14 -4 9 18 15 19 12 -6 -8 -2 21 -17 -18 -9 -11 -3 -1 -23 -5
right_child=3 2 6 23 11 -7 13 8 -10 10 -12 -13 -14 -15 -16 16 17 -19 -20 -21 -22 22 -24 -25
leaf_value=-0.046088134537674977 -0.046207079392787238 -0.045413295882634326 -0.018527100650795953 0.04038495695487275 0.036995862792865465 0.044069358347892308 0.010581227366174647 -0.044347351449632075 0.03093168927134745 -0.0091916628582738493 0.038594074839429324 0.048055164826899477 -0.015561001189324405 0.04823566321129312 -0.0022234443458348171 -0.044708722520062423 0.027058765499175547 -0.01576785682819911 -0.0043473833703190435 -0.043674461615559768 -0.011776263722600775 -0.033580500288889294 -0.011819659244446584 0.049876313528788345
leaf_weight=2259.4207414984703 23.052693225443367 38.650883622467518 9.0250256657600385 44.827927365899086 12.350819811224939 14.023553803563116 10.546796277165411 26.792671114206318 13.821236476302145 4.8326150476932588 6.3157562166452399 111.30339989066124 7.5775804817676535 143.73966424167156 8.9281923621892911 37.243023246526718 8.8351940140128118 4.1785997226834288 3.7713913321495047 15.425637558102606 4.0366722792387 10.634647332131861 4.3796135410666457 3014.8652740418911
leaf_count=19204 141 310 45 179 43 49 38 220 47 32 25 426 32 565 37 309 34 29 24 113 20 81 27 12484
internal_value=0.00944535 -0.0393658 0.0242442 0.0486778 0.029799 -0.00967874 0.042004 -0.0448514 -0.0174026 -0.0453581 -0.0174496 0.0436135 0.0173125 0.0457677 -0.0344921 -0.0456656 -0.0298413 0.0127089 -0.0397648 -0.0365677 -0.042563 -0.0459949 -0.0289939 0.0497573
internal_weight=5838.58 2601.65 205.999 3236.93 177.236 46.0044 163.311 2395.65 44.3853 2351.27 26.574 131.232 19.9284 154.286 31.9809 2324.69 50.2568 13.0138 30.5641 20.2583 42.6876 2274.44 15.0143 3059.69
internal_count=34514 21123 978 13391 728 227 648 20145 291 19854 170 501 75 603 178 19684 372 63 244 145 330 19312 108 12663
is_linear=0
shrinkage=0.04


Tree=28
num_leaves=26
num_cat=0
split_feature=10 6 39 10 39 38 1 17 36 38 31 19 9 29 10 3 33 3 30 38 4 29 9 3 10
split_gain=6653.12 543.256 147.82 39.0607 58.302 39.0753 28.4598 27.0271 23.5349 10.7789 18.7427 8.94884 8.71576 8.98282 4.22186 3.73897 2.97071 2.4217 2.23603 1.78635 1.14426 1.10379 0.838105 0.758218 0.2289
threshold=0.13484849035739901 0.6287311613559724 1.0000000180025095e-35 0.25462962687015539 1.0000000180025095e-35 0.60138812661170971 0.44949495792388922 1.0000000180025095e-35 0.2333333417773247 0.36785912513732916 0.60972324013710033 0.91458967328071605 0.5604878067970277 0.5077909827232362 0.080540537834167494 0.91112279891967785 0.87500000000000011 0.91658571362495433 0.70736858248710643 0.388277217745781 0.46247655153274542 0.91119542717933666 0.76253134012222301 0.88890907168388378 0.29705883562564855
decision_type=2 2 2 2 2 2 2 2 2 2 2 2 2 2 2 2 2 2 2 2 2 2 2 2 2
left_child=1 6 19 4 5 11 9 14 -4 15 -11 22 13 -6 -8 16 21 18 -10 -3 -12 -1 -2 -20 -5
right_child=3 2 8 24 12 -7 7 -9 17 10 20 -13 -14 -15 -16 -17 -18 -19 23 -21 -22 -23 -24 -25 -26
leaf_value=-0.045655870223663929 -0.049226486743152317 -0.045056305873497932 -0.018015671635796392 0.039702004947440798 0.036086400981913458 0.043238914721944764 -0.043574248609599249 0.024848113654740572 0.016568585179267813 0.034288988702750246 -0.015545189031909256 0.00428079876753743 0.047353482710715912 -0.015053155171744752 -1.6398009938800585e-08 -0.0050392301238676423 -0.013514259749723312 0.048377037103317533 0.048645824069256223 -0.011467667007630872 -0.0435556693438479 -0.020723482279847157 -0.019860174606827326 0.023788228637211181 0.049377256159480964
leaf_weight=2231.8812222927809 19.427158609032638 37.435322664678097 8.9659745097160322 43.821123003959656 12.199096351861956 13.760778337717054 21.851259857416157 17.596996560692787 13.317696139216421 6.5458026751875904 5.6158323511481312 7.0954605787992469 108.51357738673687 7.5805977135896674 3.9103333726525298 4.0039636045694342 6.196485072374343 116.41061501204967 12.045128822326662 4.0185392647981635 13.853119447827337 6.5364786759018889 4.912760764360427 8.63695080578327 2925.3477626889944
leaf_count=19611 125 310 45 179 43 49 183 58 51 31 37 31 426 32 23 22 30 474 44 20 103 47 22 34 12484
internal_value=0.00935507 -0.0390648 0.0238739 0.0481643 0.0292577 -0.00945637 -0.0445338 -0.0119231 0.0413449 -0.0451472 -0.0180578 -0.0337637 0.04287 0.0167988 -0.0370679 -0.0454483 -0.0455175 0.0451051 0.0323242 -0.0421384 -0.0371139 -0.0455971 -0.0447498 0.0405533 0.0492548
internal_weight=5661.48 2518.82 200.83 3142.66 173.489 45.1962 2317.99 43.3586 159.376 2274.63 26.0148 31.4354 128.293 19.7797 25.7616 2248.62 2244.61 150.41 33.9998 41.4539 19.469 2238.42 24.3399 20.6821 2969.17
internal_count=34514 21123 978 13391 728 227 20145 264 648 19881 171 178 501 75 206 19710 19688 603 129 330 140 19658 147 78 12663
is_linear=0
shrinkage=0.04


Tree=29
num_leaves=29
num_cat=0
split_feature=10 6 20 10 39 38 1 20 38 20 24 19 9 20 3 3 33 11 3 30 10 30 20 9 9 6 6 10
split_gain=6332.51 519.415 147.05 38.4368 55.2275 36.9404 27.8284 30.827 10.7743 19.9648 9.22948 8.6113 8.54875 8.06833 7.17551 3.71495 2.99671 2.48372 1.80953 2.18434 1.33637 1.31078 1.03121 7.90459 1.31553 3.8016 1.00787 0.320255
threshold=0.13484849035739901 0.6287311613559724 0.52060455083847057 0.25462962687015539 1.0000000180025095e-35 0.60138812661170971 0.44949495792388922 0.45550055801868444 0.36785912513732916 0.46888826787471777 0.06138147599995137 0.91458967328071605 0.5604878067970277 0.28629976511001592 0.48772154748439794 0.91112279891967785 0.87500000000000011 0.40590606629848486 0.91658571362495433 0.7758750617504121 0.12060606107115747 0.51892632246017467 0.23854447156190875 0.65733855962753307 0.75716626644134533 0.42452061176300054 0.69015115499496471 0.29705883562564855
decision_type=2 2 2 2 2 2 2 2 2 2 2 2 2 2 2 2 2 2 2 2 2 2 2 2 2 2 2 2
left_child=1 6 13 4 5 11 8 21 15 -10 -4 17 14 18 -6 16 22 -2 19 26 -11 -8 23 -1 25 -25 -3 -5
right_child=3 2 10 27 12 -7 7 -9 9 20 -12 -13 -14 -15 -16 -17 -18 -19 -20 -21 -22 -23 -24 24 -26 -27 -28 -29
leaf_value=-0.043503955064318818 -0.013879951972196438 0.030657766706204657 -0.045519277926307042 0.039036542544143092 0.03707034040228524 0.042437334979284848 0.034250379331674498 -0.043097866496341022 0.038346599053322453 -0.042912405905994468 0.0084735267642124697 0.0041460192896403325 0.046679763428796178 0.006949301644752312 -0.0079901979921303008 -0.0048793954409616256 -0.013133990922950681 -0.050656900721525552 0.047793524225843341 0.045988275491672885 -0.01318814439431841 0.011993002258509827 -0.04563431301755836 0.0029242191436802721 -0.00011390038441682703 -0.040213752708244892 0.010389412821934186 0.048906368688698611
leaf_weight=95.431103952229023 5.0664083138108316 8.2926387786865288 39.672209955751896 42.830902218818665 10.123005986213686 13.498837500810621 8.2314314618706721 22.01571187376976 6.0829344391822842 14.602682366967203 5.0533819720149031 7.102395460009574 105.75431174039841 10.125184223055838 9.5077138841152173 3.9968917816877356 6.1585119366645804 18.738065324723721 110.2915040999651 11.656188264489172 4.9785905182361594 12.312197335064409 2050.5309410691261 5.2633768916130084 7.302962861955165 5.4934036508202553 10.76452027261257 2837.1704162806273
leaf_count=834 27 30 328 179 36 49 27 190 28 113 23 31 426 46 39 22 30 120 464 46 30 47 18731 30 30 33 41 12484
internal_value=0.00926983 -0.0387694 0.0235261 0.0476775 0.0287273 -0.00925584 -0.0442266 -0.0116824 -0.0448479 -0.0176183 -0.0390957 -0.0330697 0.0421518 0.0423232 0.0163001 -0.0451568 -0.0452281 -0.044052 0.0447954 0.0322916 -0.0367821 0.0225919 -0.0453103 -0.0389234 -0.0131903 -0.0210408 0.0209804 0.0487802
internal_weight=5488.05 2438.26 195.856 3049.79 169.791 44.4057 2242.4 42.5593 2199.84 25.6642 44.7256 30.9069 125.385 151.13 19.6307 2174.18 2170.18 23.8045 141.005 30.7133 19.5813 20.5436 2164.02 113.491 18.0597 10.7568 19.0572 2880
internal_count=34514 21123 978 13391 728 227 20145 264 19881 171 351 178 501 627 75 19710 19688 147 581 117 143 74 19658 927 93 63 71 12663
is_linear=0
shrinkage=0.04


Tree=30
num_leaves=25
num_cat=0
split_feature=10 8 20 20 9 12 32 5 38 2 1 3 2 24 1 10 10 38 12 10 1 24 10 38
split_gain=6063.5 484.699 104.189 48.5757 72.0048 44.1029 67.4462 29.7666 23.3692 17.1062 12.9286 6.66245 7.60228 5.76858 5.35195 4.90035 1.44093 5.67216 1.18024 1.03947 0.887994 0.686408 0.406426 0.112642
threshold=0.13484849035739901 0.78830561041831981 0.29716350138187414 0.2098387032747269 0.67041200399398815 0.42895354330539709 0.30952382087707525 0.92031747102737438 0.32311579585075384 0.22684391587972644 0.31666667759418493 0.91112279891967785 0.7243877947330476 0.050641026347875602 0.34848485887050634 0.1702898591756821 0.29705883562564855 0.58716276288032543 0.35851633548736578 0.16333333402872088 0.41428571939468389 0.030536131002008918 0.11651583760976793 0.50805342197418224
decision_type=2 2 2 2 2 2 2 2 2 2 2 2 2 2 2 2 2 2 2 2 2 2 2 2
left_child=1 3 20 4 10 6 7 9 21 -2 -1 12 14 18 -6 -7 17 23 -5 -8 -3 -4 -20 -17
right_child=5 2 8 13 11 15 19 -9 -10 -11 -12 -13 -14 -15 -16 16 -18 -19 22 -21 -22 -23 -24 -25
leaf_value=-0.044310087682916686 0.016736553004518064 0.026870513340222515 -0.045487011484135406 -0.0453497208281212 0.001007637209507187 0.016750620320514546 0.026210370785174325 0.042966401443444005 0.027451125724925647 -0.049441183439626391 0.017878244280982857 0.04633768133188193 -0.017871844634903041 -0.0016266410856299869 0.036647805768221013 0.011337337248433894 0.048515624622958393 0.045414957237478897 -0.031670484778880667 0.048556409477448124 0.048207161043457243 -0.016286794141103386 -0.010669043684950886 0.022915982562048055
leaf_weight=84.363943047821522 6.9401922076940528 9.9962468743324262 27.323958158493046 2046.6058267429471 11.564923107624056 9.8363431096076948 10.020160302519797 8.4686737358570081 8.5209759101271612 25.986883141100407 4.7266589701175681 10.346968322992323 9.0932136774063093 4.9295622929930678 14.534421816468237 8.4282425642013568 2739.4730564504862 85.235756292939186 6.8054724112153036 58.264784902334213 110.00619457662106 3.748122349381446 4.693915992975235 11.192353025078772
leaf_count=762 26 40 226 19278 57 43 37 30 35 160 24 37 36 27 49 35 12435 361 52 241 471 24 28 47
internal_value=0.00912413 -0.0387391 0.0283236 -0.0436294 -0.0200185 0.0471928 0.0218689 -0.0179087 -0.027014 -0.0351019 -0.0406842 0.0203734 0.0111074 -0.0451543 0.0217593 0.0481553 0.0482561 0.0408749 -0.0452578 0.045863 0.0467634 -0.0428387 -0.0254943 0.0192955
internal_weight=5321.11 2357.26 159.595 2197.66 134.63 2963.85 109.681 41.3957 39.5931 32.9271 89.0906 45.5395 35.1926 2063.03 26.0993 2854.17 2844.33 104.856 2058.11 68.2849 120.002 31.0721 11.4994 19.6206
internal_count=34561 21146 796 20350 965 13415 494 216 285 186 786 179 142 19385 106 12921 12878 443 19358 278 511 250 80 82
is_linear=0
shrinkage=0.04


Tree=31
num_leaves=23
num_cat=0
split_feature=10 8 20 10 8 13 20 1 13 2 10 7 8 2 24 6 33 1 30 2 24 10
split_gain=5775.83 463.467 122.411 43.0187 51.6765 47.2003 37.3973 51.7892 29.2712 23.6923 14.8967 8.01485 7.0491 7.5632 4.49795 2.71535 2.45629 1.14445 1.13888 1.05587 0.212625 0.0312536
threshold=0.13484849035739901 0.76533168554306041 0.29716350138187414 0.25462962687015539 0.70678734779357921 0.30952382087707525 0.23854447156190875 0.31666667759418493 0.30952382087707525 0.23294574022293094 0.039230769500136382 0.41721408069133764 0.56294015049934398 0.62316370010375988 0.050641026347875602 0.6049489974975587 0.87500000000000011 0.43650794029235845 0.61261779069900524 0.72850123047828685 0.045584416016936309 0.11651583760976793
decision_type=2 2 2 2 2 2 2 2 2 2 2 2 2 2 2 2 2 2 2 2 2 2
left_child=1 6 18 4 5 9 7 10 20 -2 11 -1 13 -9 21 -11 -7 -6 -3 -14 -4 -8
right_child=3 2 8 -5 17 16 14 12 -10 15 -12 -13 19 -15 -16 -17 -18 -19 -20 -21 -22 -23
leaf_value=-0.043126570755462633 0.0237866343243536 0.02431352602054148 -0.04413384552511472 0.047965509699331055 0.025636171681072732 0.020040549513559172 -0.045144644778157259 0.023096348736206737 0.041783176062027007 -0.046804815198452386 0.031730884708648571 0.0089279406253182387 0.039710472624116741 -0.029642258283777596 -0.0036589855746937904 -0.011764498933498409 0.047305416292976188 0.048605557719060104 0.047417021057236941 0.017652638238149724 -0.018353264696497222 -0.031905060551330897
leaf_weight=91.743852123618126 10.527463003993033 8.704881474375723 35.92266721278429 2710.8757352679968 9.4753588736057264 12.024439796805384 1954.8792309165001 6.6487602069973928 6.4227510243654242 27.081901408731937 3.5226141512393943 4.2663378790020934 11.466520726680757 7.2454172372817993 4.4501420259475699 5.3794784620404235 18.968929812312126 79.744592815637589 113.3837124556303 10.810162253677843 3.6828872933983794 17.237093843519688
leaf_count=845 39 32 308 12684 40 48 19078 29 21 171 21 20 40 33 25 24 76 333 500 41 23 130
internal_value=0.00904946 -0.0384701 0.0252379 0.0467544 0.0264015 0.00155506 -0.0435591 -0.0228378 -0.0295237 -0.0251889 -0.0375737 -0.0406501 0.017522 -0.00427966 -0.044963 -0.0417005 0.0380412 0.0465973 0.0460572 0.0307761 -0.0424745 -0.0450539
internal_weight=5154.46 2280.39 168.117 2874.08 163.202 73.9822 2112.27 135.704 46.0283 42.9888 99.5328 96.0102 36.1709 13.8942 1976.57 32.4614 30.9934 89.22 122.089 22.2767 39.6056 1972.12
internal_count=34561 21146 884 13415 731 358 20262 1029 352 234 886 865 143 62 19233 195 124 373 532 81 331 19208
is_linear=0
shrinkage=0.04


Tree=32
num_leaves=28
num_cat=0
split_feature=12 8 23 12 13 20 9 13 5 12 5 20 1 23 30 12 31 20 7 24 24 12 19 6 9 39 33
split_gain=5461.63 461.656 110.4 46.5422 55.0166 34.5785 50.0861 19.6517 18.7635 18.0822 16.6652 14.2135 11.9608 7.41434 28.2045 18.879 6.45399 4.43904 2.26506 2.22975 4.56073 1.82772 1.29861 1.06123 0.989699 0.347196 0.266084
threshold=0.30752871930599218 0.76533168554306041 1.0000000180025095e-35 0.42895354330539709 0.30952382087707525 0.2098387032747269 0.67041200399398815 0.45000000298023229 0.92907443642616283 0.16701237112283709 0.24068965017795566 0.58847248554229747 0.31666667759418493 1.0000000180025095e-35 0.37687824666500097 0.61846226453781139 0.87379801273345958 0.49509756267070776 0.42741556465625768 0.10811688378453256 0.013029454275965692 0.025177680887281898 0.90399384498596203 0.6049489974975587 0.69028213620185863 1.0000000180025095e-35 0.62500000000000011
decision_type=2 2 2 2 2 2 2 2 2 2 2 2 2 2 2 2 2 2 2 2 2 2 2 2 2 2 2
left_child=1 5 11 4 8 6 12 26 10 -9 -2 23 21 -5 15 -15 18 -4 -8 20 -16 -1 -18 -3 -6 -12 -7
right_child=3 2 17 13 24 7 16 9 -10 -11 25 -13 -14 14 19 -17 22 -19 -20 -21 -22 -23 -24 -25 -26 -27 -28
leaf_value=-0.044393438025785381 0.020259049924853858 0.023151284358470133 -0.0019207013828943459 0.047798606983281311 0.025543434046574696 -0.044876793784849912 0.012431853679253655 -0.040543423286899513 0.04028252785114108 0.039179379832060816 -0.047331939041947949 -0.0096494271060218722 0.016699618352830035 -0.041362865964359702 0.041020148472562266 0.032486405248201289 0.017222611087466623 -0.04250434691624428 -0.012336005076637218 0.04600059864668727 -0.0016701174279953712 -0.0089151590005557019 0.042183082279286292 0.046418490264494364 0.048220925957716834 -0.023369028858112345 -0.018427918902311907
leaf_weight=75.993008136749268 7.4313570484518996 7.9861140102148047 5.0844625383615485 2539.0307352244854 9.7443936914205533 1901.8421086445451 8.9933836162090319 6.9645931720733625 6.0571295022964469 7.8241890519857407 20.124009698629383 7.1936153396964064 4.7735134512186042 10.288295179605486 8.2290937453508359 8.5829397290945035 10.755436554551126 29.521903514862061 11.324754640460013 116.73585061728954 6.087524101138114 3.264401175081729 8.2794626802206022 118.0933113694191 41.225558489561081 6.3509829118847838 3.5468340069055548
leaf_count=737 35 29 29 12245 40 19182 42 49 22 29 159 36 24 59 38 41 40 274 47 549 27 25 29 534 185 29 26
internal_value=0.00897816 -0.037918 0.0256328 0.0462861 0.0177566 -0.0431579 -0.0221991 -0.0444859 -0.0169674 0.00104292 -0.02876 0.0421104 -0.039402 0.0472418 0.0374253 -0.00743686 0.0145779 -0.0366642 -0.00107467 0.0439364 0.0243998 -0.0431144 0.0303506 0.0452209 0.0446846 -0.0431266 -0.0448422
internal_weight=4991.33 2211.44 167.879 2779.89 90.9334 2043.56 123.384 1920.18 39.9635 14.7888 33.9063 133.273 84.0309 2688.95 149.924 18.8712 39.353 34.6064 20.3181 131.052 14.3166 79.2574 19.0349 126.079 50.97 26.475 1905.39
internal_count=34561 21132 902 13429 470 20230 944 19286 245 78 223 599 786 12959 714 100 158 303 89 614 65 762 69 563 225 188 19208
is_linear=0
shrinkage=0.04


Tree=33
num_leaves=24
num_cat=0
split_feature=10 8 20 10 8 13 20 9 13 2 1 19 12 24 2 9 6 33 12 12 6 1 10
split_gain=5247.18 423.089 111.527 41.2415 47.6408 42.3661 37.0667 52.8957 26.8754 21.831 11.5253 5.36159 4.76635 4.57815 3.03507 7.48861 2.92816 2.51184 1.73118 1.53816 1.36363 1.17183 0.416759
threshold=0.13484849035739901 0.76533168554306041 0.29716350138187414 0.25462962687015539 0.70678734779357921 0.30952382087707525 0.23854447156190875 0.67041200399398815 0.30952382087707525 0.23294574022293094 0.31666667759418493 0.92546296119689953 0.075834032148122801 0.050641026347875602 0.60922586917877208 0.85523810982704174 0.61675208806991588 0.87500000000000011 0.2062180042266846 0.35851633548736578 0.6229168474674226 0.43650794029235845 0.11651583760976793
decision_type=2 2 2 2 2 2 2 2 2 2 2 2 2 2 2 2 2 2 2 2 2 2 2
left_child=1 6 20 4 5 9 7 10 18 -2 12 14 -1 19 -9 -16 -11 -7 -4 -8 -3 -6 -21
right_child=3 2 8 -5 21 17 13 11 -10 16 -12 -13 -14 -15 15 -17 -18 -19 -20 22 -22 -23 -24
leaf_value=-0.044223356993319543 0.022901830741941825 0.022490935507421976 -0.04476666615296062 0.047185301755649577 0.024522247243009127 0.018668070050516593 -0.044690613796355895 0.020209225828138111 0.040046585913230709 -0.04577005681525969 0.016162470090269939 0.034340976407761112 0.0028246752684070605 -0.0027128093198133703 -0.028992978135197248 0.019666785281996776 -0.0094560379641089234 0.046273727271821601 -0.010782538049049346 -0.029514811688201199 0.046473598664215097 0.047637034264671238 -0.0089375270069224598
leaf_weight=81.319836974143982 10.403320759534834 8.3617589473724347 33.736474096775055 2543.2241628617048 9.1706581115722638 11.683257997035982 1828.9637393653393 9.9492072463035601 6.248535454273223 26.226143635809425 4.8029813021421424 13.772118747234343 3.1737674027681342 4.3628076538443556 8.748048163950445 8.0077115148305875 5.0599405840039244 18.017582222819328 3.7831069752573958 6.0615850090980512 107.0731597840786 75.436530604958534 4.5078037679195404
leaf_count=817 39 31 309 12684 40 48 19130 42 21 172 24 51 24 25 42 29 23 76 22 50 501 333 28
internal_value=0.00890978 -0.0379645 0.0245459 0.0459505 0.0255773 0.00138163 -0.0430258 -0.021959 -0.0289796 -0.0242503 -0.0389363 0.0154929 -0.0423725 -0.044489 0.00443875 -0.00583144 -0.0405246 0.0367407 -0.0418527 -0.0445862 0.0450171 0.0455714 -0.0231406
internal_weight=4832.09 2132.87 159.203 2699.22 155.997 71.3902 1973.67 129.774 43.7681 41.6894 89.2966 40.4771 84.4936 1843.9 26.705 16.7558 31.2861 29.7008 37.5196 1839.53 115.435 84.6072 10.5694
internal_count=34561 21146 884 13415 731 358 20262 1029 352 234 865 164 841 19233 113 71 195 124 331 19208 532 373 78
is_linear=0
shrinkage=0.04


Tree=34
num_leaves=30
num_cat=0
split_feature=12 8 23 12 13 20 1 36 13 38 20 3 23 38 8 4 2 12 11 30 12 30 38 2 29 29 11 33 12
split_gain=4965.21 421.862 99.7941 44.1278 50.2245 34.0986 45.8184 23.1721 18.5661 19.7443 13.2649 8.70086 7.45511 39.2822 7.14454 4.96231 4.81869 4.15062 2.6985 1.8146 1.49428 1.49271 1.30972 0.964755 0.555075 0.727806 0.472409 0.340194 0.29552
threshold=0.30752871930599218 0.76533168554306041 1.0000000180025095e-35 0.42895354330539709 0.30952382087707525 0.2098387032747269 0.31666667759418493 0.30000001192092901 0.45000000298023229 0.27338087558746343 0.58847248554229747 0.87489145994186412 1.0000000180025095e-35 0.58716276288032543 0.56294015049934398 0.92907443642616283 0.7454303801059724 0.028442251496016983 0.41280081868171697 0.594862461090088 0.68043118715286266 0.58875668048858654 0.45795448124408727 0.72850123047828685 0.7241005301475526 0.77145501971244823 0.19399641454219821 0.62500000000000011 0.49013464152812963
decision_type=2 2 2 2 2 2 2 2 2 2 2 2 2 2 2 2 2 2 2 2 2 2 2 2 2 2 2 2 2
left_child=1 5 10 4 7 6 11 16 26 -10 21 17 -5 28 -8 -4 -2 24 -9 20 -15 -3 -6 -16 -1 -26 -7 -28 -14
right_child=3 2 15 12 22 8 14 18 9 -11 -12 -13 13 19 23 -17 -18 -19 -20 -21 -22 -23 -24 -25 25 -27 27 -29 -30
leaf_value=-0.044048846687525234 -0.048310574494438353 0.020557460494978246 -0.043415578908761701 0.047069140999364427 0.022596782412459673 -0.023216517865255311 -0.0062497744330741256 0.034101243114090407 -0.040872244393070911 0.043841781562366282 -0.0094501137823770343 0.016700510873386084 -0.039017499912271873 0.0091892683677238813 0.037918537329710227 -0.0036035745690115779 -0.0022287597243493911 0.0017158530051109972 0.00086993231360055049 0.045290542126018914 0.034439504542653369 0.045554299362094479 0.047298257893053669 0.016670546949178348 -0.0097891393839415457 -0.034810338315381183 -0.044496434783917231 -0.017450050496929354 -0.016329145872820212
leaf_weight=66.110545732080936 19.221903271973137 7.6646553874015799 26.238680824637413 2380.4030903279781 8.574329197406767 7.0530947297811499 13.218072280287741 8.4386291056871396 7.1129899099469167 7.0526271611452103 7.0258353129029265 3.5541413053870192 5.974834278225897 6.5058242380619076 11.539849251508715 6.4606743454933158 4.5062115713953963 3.2533304765820494 6.4537731334567061 107.31256626546383 16.429034858942032 111.44621399044991 39.700068205595016 10.475753277540205 5.2631456926465017 4.620588406920433 1766.1105893850327 3.4180155619978896 5.4638017565011978
leaf_count=678 148 29 256 12245 35 72 58 35 52 26 36 18 38 30 41 47 22 23 40 533 84 534 190 40 45 41 19110 26 29
internal_value=0.00884436 -0.0374366 0.0249789 0.0455235 0.017111 -0.0426501 -0.021397 -0.0164817 -0.0440315 0.00116025 0.0410689 -0.0374391 0.0464929 0.036414 0.0162268 -0.0358963 -0.0401011 -0.0402178 0.0209803 0.0426646 0.0283496 0.0442075 0.043668 0.0294977 -0.0420808 -0.0247584 -0.044395 -0.0444591 -0.0307788
internal_weight=4676.6 2067.62 158.836 2608.98 86.8949 1908.78 118.035 38.6205 1790.75 14.1656 126.137 82.8018 2522.09 141.686 35.2337 32.6994 23.7281 79.2476 14.8924 130.247 22.9349 119.111 48.2744 22.0156 75.9943 9.88373 1776.58 1769.53 11.4386
internal_count=34561 21132 902 13429 470 20230 944 245 19286 78 599 805 12959 714 139 303 170 787 75 647 114 563 225 81 764 86 19208 19136 67
is_linear=0
shrinkage=0.04


Tree=35
num_leaves=25
num_cat=0
split_feature=10 8 23 13 9 12 13 9 38 36 29 36 1 10 35 1 8 13 36 23 38 9 1 38
split_gain=4762.96 378.769 68.4613 53.548 71.9261 45.4128 73.4164 17.9163 10.7789 16.9032 9.70207 6.11869 6.11474 5.63377 4.22752 4.18539 3.43093 2.35704 2.35041 1.81626 17.4376 0.753812 0.567513 0.415133
threshold=0.13188406080007556 0.81872946023941051 1.0000000180025095e-35 -1.0000000180025095e-35 0.6789083480834962 0.42895354330539709 0.21111111342906955 0.92907443642616283 0.388277217745781 0.5000000149011613 0.48032534122467047 0.30000001192092901 0.34848485887050634 0.1702898591756821 1.0000000180025095e-35 0.31666667759418493 0.59675306081771862 0.45000000298023229 0.36666667461395269 1.0000000180025095e-35 0.58716276288032543 0.54653680324554454 0.11805555596947671 0.66794970631599437
decision_type=2 2 2 2 2 2 2 2 2 2 2 2 2 2 2 2 2 2 2 2 2 2 2 2
left_child=1 3 11 4 15 6 7 10 17 22 -2 -3 14 -7 -6 -1 -14 -5 -4 -15 -21 -8 -10 -22
right_child=5 2 18 8 12 13 21 -9 9 -11 -12 -13 16 19 -16 -17 -18 -19 -20 20 23 -23 -24 -25
leaf_value=-0.043037594034105703 -0.0012288211538068164 0.0050495796222621335 -0.041447049382684009 -0.044341387440162854 0.018906098052699261 0.013938767067740332 0.024288083673015142 0.031417375925415839 -0.014567005754352514 0.035989831265444416 -0.050479488397053837 0.043620857824125656 0.0075781505749158437 0.0467227330797894 -0.019364002790961652 -0.0001681187115441382 0.037747629285405225 -0.017919555225912702 -0.0031910206372807305 -0.015413740967867868 0.025385334139068638 0.045762985224309667 -0.041356506316090121 0.044333814189722869
leaf_weight=69.303555816411972 8.6603966131806391 7.3525332212448111 17.588646478950981 1716.7284781932831 7.5168167203664762 10.118699558079241 8.8169533908367139 5.9589137881994239 4.0648307204246548 6.0489375218749037 22.627138532698154 101.28955866396427 8.903205454349516 2282.3136080056429 7.4356598183512688 3.6202071309089652 24.599239364266396 8.3063042238354665 3.246810868382453 7.6107060983777037 9.2261213958263379 58.36127881705761 10.816768199205397 114.45376986265182
leaf_count=738 42 32 180 19276 32 49 34 23 28 29 159 502 32 12147 37 20 95 58 18 36 42 275 91 593
internal_value=0.00865786 -0.037501 0.0283634 -0.0420912 -0.0161258 0.0451174 0.0189128 -0.0253487 -0.0438805 -0.0140102 -0.0374487 0.0410836 0.021193 0.0462351 0.00014145 -0.0408717 0.0303552 -0.0442302 -0.0358166 0.0463626 0.0396346 0.0434944 -0.0359663 0.0432368
internal_weight=4524.97 1996.82 129.478 1867.34 121.379 2528.15 104.425 37.2464 1745.97 20.9305 31.2875 108.642 48.4549 2423.72 14.9525 72.9238 33.5024 1725.03 20.8355 2413.6 131.291 67.1782 14.8816 123.68
internal_count=34568 21168 732 20436 954 13400 533 224 19482 148 201 534 196 12867 69 758 127 19334 198 12818 671 309 119 635
is_linear=0
shrinkage=0.04


Tree=36
num_leaves=25
num_cat=0
split_feature=10 3 20 20 9 12 13 5 29 4 7 9 10 12 30 1 12 10 39 12 4 2 9 12
split_gain=4543.79 363.892 76.6495 54.4404 63.0193 44.2006 69.6283 16.9911 9.39685 8.02452 5.95045 10.4267 5.71487 5.33042 4.67034 3.65584 3.09194 2.99148 1.91503 10.9875 1.33589 3.99428 0.805152 0.50511
threshold=0.13188406080007556 0.91112279891967785 0.44220647215843206 0.2098387032747269 0.65733855962753307 0.42895354330539709 0.21111111342906955 0.92907443642616283 0.48032534122467047 0.86391696333885204 0.3470857441425324 0.80901724100112926 0.1702898591756821 0.18827567994594577 0.37687824666500097 0.38750000298023229 0.35851633548736578 0.11651583760976793 1.0000000180025095e-35 0.54181629419326793 0.82519841194152843 0.74239632487297069 0.54653680324554454 0.61846226453781139
decision_type=2 2 2 2 2 2 2 2 2 2 2 2 2 2 2 2 2 2 2 2 2 2 2 2
left_child=1 3 -3 4 14 6 7 8 -2 16 -6 15 -7 -4 -1 -12 -5 -18 19 -14 21 -13 -8 -21
right_child=5 2 13 9 10 12 22 -9 -10 -11 11 20 18 -15 -16 -17 17 -19 -20 23 -22 -23 -24 -25
leaf_value=-0.042936499579166378 -0.0011787398509084336 0.04380176024662772 -0.042793057389339147 -0.043998196432237881 0.044425141607719515 0.013461700341303616 0.02365621232447021 0.030684822690592473 -0.04980993163040056 0.016546776174299237 -0.029396600161249578 0.029065692454958034 -0.001237427244030583 0.0066173169452987905 -0.003032990749878174 0.0046270039380084029 -0.032748611338491572 0.0049869571998228564 0.046402574787449309 0.025462963247170924 0.039692614791375119 -0.0053165194397594767 0.045274369893305549 0.043703812507957289
leaf_weight=67.187970191240311 8.658223323524 100.61820636689663 19.622594654560093 1665.8058298304677 8.3866943866014463 10.101354494690893 8.7317026853561384 5.9000080078840247 22.046367317438126 2.6315429136157027 8.8830721005797404 13.503133937716489 9.5085890367627126 3.4935801550745955 5.2848239764571181 8.5385738015174848 7.4927566647529584 4.4365860968828201 2207.6562551483512 10.401524245738981 6.8020286411046973 7.3121358603239051 56.681689247488976 107.79212359338999
leaf_count=735 42 507 193 19345 36 49 34 23 159 14 50 51 45 19 38 31 62 24 12147 48 32 31 275 578
internal_value=0.00859741 -0.0372764 0.0287736 -0.0418255 -0.0161877 0.0447737 0.0186197 -0.0247813 -0.0367139 -0.0437297 0.0164664 0.009915 0.0458998 -0.0349784 -0.0401242 -0.0134046 -0.0438427 -0.0195767 0.0460321 0.0391527 0.0246388 0.0173302 0.0429419 0.0424345
internal_weight=4377.48 1930 123.734 1806.27 125.898 2447.48 102.018 36.6046 30.7046 1680.37 53.4256 45.0389 2345.46 23.1162 72.4728 17.4216 1677.74 11.9293 2335.36 127.702 27.6173 20.8153 65.4134 118.194
internal_count=34568 21168 719 20449 1004 13400 533 224 201 19445 231 195 12867 212 773 81 19431 86 12818 671 114 82 309 626
is_linear=0
shrinkage=0.04


Tree=37
num_leaves=31
num_cat=0
split_feature=12 6 39 12 13 20 9 13 20 5 4 39 38 19 38 1 5 4 38 4 12 31 19 33 1 38 22 6 4 38
split_gain=4291.2 373.408 96.5083 45.181 53.0618 26.5861 43.6991 14.0016 13.0193 12.9992 9.44021 8.71701 38.5213 5.76051 5.25731 4.73216 4.75172 4.10694 4.09361 4.04171 3.7166 3.17125 2.11727 1.93572 1.91866 1.19385 0.504947 0.349951 0.276903 0.0851654
threshold=0.30752871930599218 0.6229168474674226 1.0000000180025095e-35 0.42895354330539709 0.21111111342906955 0.23854447156190875 0.65733855962753307 0.63333335518836986 0.72431385517120372 0.92907443642616283 0.2419017776846886 1.0000000180025095e-35 0.60138812661170971 0.89871793985366832 0.12965169548988345 0.34848485887050634 0.70087718963623058 0.92907443642616283 0.388277217745781 0.85270008444786083 0.54181629419326793 0.90625891089439403 0.75235849618911754 0.87500000000000011 0.31666667759418493 0.43274678289890295 0.32500000298023229 0.72729831933975231 0.82097071409225475 0.36785912513732916
decision_type=2 2 2 2 2 2 2 2 2 2 2 2 2 2 2 2 2 2 2 2 2 2 2 2 2 2 2 2 2 2
left_child=1 5 17 4 9 6 14 18 19 10 -2 12 20 15 24 16 -8 -3 23 21 -5 22 -4 29 -1 -6 -12 -14 -23 -7
right_child=3 2 8 11 25 7 13 -9 -10 -11 26 -13 27 -15 -16 -17 -18 -19 -20 -21 -22 28 -24 -25 -26 -27 -28 -29 -30 -31
leaf_value=-0.043323136319867291 0.0099650637049232445 -0.043440977934568449 0.027906059888301745 -0.035539336558566913 0.017839623235977015 -0.0439596896157654 0.010237552056357352 0.014996667466647483 -0.014675469312770613 0.031769272350050344 -0.046334199387138252 0.046144836232859553 0.033457391051431945 0.03330378281916066 0.0041053990382115598 0.020502581748554773 -0.032768122861766787 -0.0049463805276183095 -0.0086180361983095796 0.045210882020374737 0.0019334017581591684 0.041298589751795366 0.0028285453329865064 -0.0097095284683796045 -0.0066112042146974775 0.04432079871712695 -0.018976335770098728 0.045158604304106884 0.020288214319255586 -0.020924313949213628
leaf_weight=69.61712958663702 5.9757522866129902 28.917859874665737 8.6990068852901477 9.8682121932506544 5.9618860483169547 1577.9145083576441 6.217431269586088 5.6976785212755194 6.5842273086309424 4.6436005383729926 19.496839962899688 2142.8117453455925 32.911064639687538 12.597789421677588 3.6951857283711425 9.579108461737631 7.283522330224514 5.6925519704818717 6.1607799977064124 78.195565149188042 6.051531881093978 18.715488806366924 12.088964149355887 3.6591961830854407 2.9673426002264014 42.058765321969986 4.4282851517200461 84.873455762863159 6.3749569952487937 4.4468762874603263
leaf_count=800 28 307 41 59 25 19029 36 26 38 18 156 12178 176 48 29 34 37 44 50 414 29 91 57 20 17 218 31 463 32 37
internal_value=0.00854001 -0.0366088 0.0206265 0.0444279 0.0150163 -0.0421584 -0.0228044 -0.0434912 0.036323 -0.0221426 -0.0319441 0.0454853 0.0345127 0.0132707 -0.0396377 0.000937217 -0.0136251 -0.0374505 -0.0437177 0.0392405 -0.0217921 0.0279319 0.0146625 -0.0438456 -0.0419816 0.0416133 -0.0426672 0.0423564 0.0373773 -0.0439153
internal_weight=4234.19 1875.11 165.269 2359.08 82.5651 1709.84 111.958 1597.88 130.658 34.5445 29.9009 2276.52 133.704 35.6779 76.2797 23.0801 13.501 34.6104 1592.18 124.074 15.9197 45.8784 20.788 1586.02 72.5845 48.0207 23.9251 117.785 25.0904 1582.36
internal_count=34568 21187 1024 13381 476 20163 1001 19162 673 233 215 12905 727 155 846 107 73 351 19136 635 88 221 98 19086 817 243 187 639 123 19066
is_linear=0
shrinkage=0.04


Tree=38
num_leaves=29
num_cat=0
split_feature=10 3 20 20 1 38 39 10 33 24 29 2 30 2 31 5 29 38 19 38 10 19 19 19 11 3 19 39
split_gain=4139.13 333.083 70.1372 53.0298 52.1714 41.4888 73.1952 13.8226 10.9559 10.2114 9.82182 9.10624 12.7785 7.43836 6.45828 5.73466 7.36369 5.04087 4.03296 3.78687 4.1603 3.25657 2.75052 1.19936 0.951159 0.610496 0.413533 0.112499
threshold=0.13188406080007556 0.91112279891967785 0.44220647215843206 0.2098387032747269 0.34848485887050634 0.54865220189094555 1.0000000180025095e-35 0.042572464793920524 0.62500000000000011 0.06138147599995137 0.7241005301475526 0.26158231496810919 0.53681024909019481 0.64747309684753429 0.87379801273345958 0.26766170561313635 0.8704299032688142 0.31432443857192999 0.71081870794296276 0.388277217745781 0.10435571894049646 0.87367022037506115 0.59807693958282482 0.79516318440437328 0.47512376308441168 0.88890907168388378 0.71902412176132213 1.0000000180025095e-35
decision_type=2 2 2 2 2 2 2 2 2 2 2 2 2 2 2 2 2 2 2 2 2 2 2 2 2 2 2 2
left_child=1 3 26 4 7 6 15 10 11 19 -1 -8 18 -6 -15 -2 -17 -4 -13 -5 -21 22 -12 -24 -22 -16 -3 -7
right_child=5 2 17 9 13 27 8 -9 -10 -11 21 12 -14 14 25 16 -18 -19 -20 20 24 -23 23 -25 -26 -27 -28 -29
leaf_value=-0.043694244177007999 0.00070737871559610639 0.025884764450744783 -0.042255085048947157 -0.043730565582865158 0.049710404523428037 0.040320681940408706 0.040919336484234618 0.037023252724140233 0.045494156389065669 0.01545057535305029 0.0020063991672799857 0.0010687063084515894 0.03494064872698506 -0.016033355420552751 0.032501777456385821 -0.049330695085342324 0.0060838882814529417 0.0063247390268679352 -0.040887467207004077 -0.039188428256336436 0.0094644871463277821 0.011952623488264841 -0.041542663423385168 -0.008656409660304008 -0.013058364533174967 0.013338161343555748 0.04443965676258281 0.045837162270628271
leaf_weight=61.249832957983017 6.7541048005223301 9.9589013904333097 18.531124234199527 1544.3148397877812 10.732979252934454 119.27651885896921 13.892381891608236 3.0402106940746298 82.127052813768387 3.8693827241659156 5.3286130502820042 5.7744811996817607 8.4758784174919111 8.0729941725730914 7.9122348874807384 19.544828705489639 4.050032712519168 3.4468321874737731 7.0221172645688057 8.3010011240839976 4.7807447984814626 5.8356876149773589 5.7574126049876195 3.6741164550185204 3.9032077267765999 9.1140782833099347 85.102070637047291 2025.1295320391655
leaf_count=703 35 54 193 19289 37 659 65 14 447 18 35 30 39 34 35 155 20 19 35 74 34 34 47 27 30 38 453 11915
internal_value=0.00848398 -0.03684 0.0280922 -0.041373 -0.0155619 0.0441377 0.0232501 -0.0324748 0.0374902 -0.0433465 -0.0357738 0.0177135 0.00064891 0.0241358 0.0109477 -0.0308328 -0.0397774 -0.0343249 -0.0234387 -0.0435103 -0.0214997 -0.0108097 -0.0202042 -0.0316922 -0.0010394 0.024158 0.0429155 0.0455594
internal_weight=4094.97 1802.93 117.039 1685.89 120.718 2292.05 147.641 84.8859 117.292 1565.17 81.8457 35.1649 21.2725 35.8323 25.0993 30.349 23.5949 21.978 12.7966 1561.3 16.985 20.5958 14.7601 9.43153 8.68395 17.0263 95.061 2144.41
internal_count=34568 21168 719 20449 1004 13400 826 860 616 19445 846 169 104 144 107 210 175 212 65 19427 138 143 109 74 64 73 507 12574
is_linear=0
shrinkage=0.04


Tree=39
num_leaves=26
num_cat=0
split_feature=10 8 20 20 9 12 13 8 12 5 3 7 1 24 10 8 8 23 12 12 9 12 4 33 36
split_gain=3950.76 320.053 59.2868 54.4636 60.7514 40.7181 60.3722 15.3161 10.9267 9.81243 6.13033 9.53501 6.54466 6.08393 5.84141 3.25799 3.17283 2.20027 10.3959 1.76349 0.926044 0.710309 0.591744 0.434804 0.391605
threshold=0.13188406080007556 0.81872946023941051 0.37850958108901983 0.2098387032747269 0.65733855962753307 0.42895354330539709 0.21111111342906955 0.84327486157417308 0.21258071064949038 0.24068965017795566 0.91112279891967785 0.3470857441425324 0.34848485887050634 0.067424245178699507 0.1702898591756821 0.68614074587821972 0.59675306081771862 1.0000000180025095e-35 0.54181629419326793 0.45139981806278234 0.54653680324554454 0.61846226453781139 0.83438816666603099 0.87500000000000011 0.2333333417773247
decision_type=2 2 2 2 2 2 2 2 2 2 2 2 2 2 2 2 2 2 2 2 2 2 2 2 2
left_child=1 3 22 4 16 6 7 9 24 -2 11 -6 -13 19 -7 -14 -1 -16 -19 23 -8 -20 -3 -5 -4
right_child=5 2 8 13 10 14 20 -9 -10 -11 -12 12 15 -15 17 -17 -18 18 21 -21 -22 -23 -24 -25 -26
leaf_value=-0.042477442210958796 0.0087087560082756196 0.030645021762541608 -0.042123553802399842 -0.043484763833650901 0.043895826700493031 0.011892335919772144 0.022011199008874677 0.030210300681459811 0.024207632511292147 -0.046010223054615287 0.040294483466044667 -0.02419473342859961 -0.0015097831935176858 0.011184852887145085 0.045535265158074718 0.028688766553702918 -0.0072729784948370483 -0.001890691325576347 0.023485412401648337 -0.0083636985763609478 0.044099516267406796 0.042614298663523495 0.044786193629005606 -0.019101709774366388 -0.014680955483447588
leaf_weight=60.284203045070171 5.7840890064835575 23.268490999937057 16.841459430754192 1498.2875142246485 7.8343731090426436 9.7004478201270086 8.4166577905416471 5.6335441023111335 4.1983735710382453 23.37055929005146 12.31785202026367 11.101615227758886 12.300611823797228 2.5444044470787039 1994.6643699631095 8.2594676166772825 5.168403983116149 9.2475243359804136 9.884635001420973 3.1293045580387107 52.071054264903069 98.528706543147564 68.688754305243492 4.6392297446727744 3.2331314310431472
leaf_count=724 24 120 179 19380 34 49 34 21 18 179 55 60 44 11 12147 32 47 45 48 21 275 578 389 28 26
internal_value=0.00843052 -0.0366274 0.027183 -0.0412143 -0.0147007 0.0438338 0.017864 -0.0233655 -0.026941 -0.0350215 0.01734 0.00892471 -0.00140969 -0.0432581 0.0449873 0.0116202 -0.0399056 0.0451316 0.0377904 -0.0433647 0.0415917 0.041212 0.0417567 -0.0434291 -0.0390186
internal_weight=3959.4 1742.1 116.23 1625.87 117.267 2217.3 95.2759 34.7882 24.273 29.1546 51.8139 39.4961 31.6617 1508.6 2122.03 20.5601 65.4526 2112.33 117.661 1506.06 60.4877 108.413 91.9572 1502.93 20.0746
internal_count=34568 21168 732 20436 996 13400 533 224 223 203 225 170 136 19440 12867 76 771 12818 671 19429 309 626 509 19408 205
is_linear=0
shrinkage=0.04


Tree=40
num_leaves=27
num_cat=0
split_feature=10 9 23 10 9 13 36 14 12 3 36 38 29 11 9 30 29 23 19 12 29 3 30 38 29 22
split_gain=3734.19 336.634 110.457 22.4289 35.0215 33.5549 19.6329 19.1758 14.804 13.8171 6.87278 6.38414 13.1619 6.34774 9.00378 8.33216 5.48234 4.15172 10.8825 4.08832 2.54241 1.67902 1.04548 0.600614 0.341395 0.324059
threshold=0.16333333402872088 0.80901724100112926 1.0000000180025095e-35 0.29705883562564855 0.64899963140487682 0.30952382087707525 0.2333333417773247 1.0000000180025095e-35 0.1990172937512398 0.91112279891967785 0.56666669249534618 0.40795028209686285 0.61669000983238231 0.19399641454219821 0.64051282405853283 0.41615794599056249 0.48692882061004644 1.0000000180025095e-35 0.82952776551246654 0.070823889225721373 0.72175925970077526 0.85466015338897716 0.55632126331329357 0.43274678289890295 0.73520171642303478 0.82500001788139354
decision_type=2 2 2 2 2 2 2 2 2 2 2 2 2 2 2 2 2 2 2 2 2 2 2 2 2 2
left_child=1 7 6 4 5 16 19 9 -9 11 23 13 -13 14 21 -16 -2 -6 -19 -3 -8 24 -17 -4 -1 -22
right_child=3 2 10 -5 17 -7 20 8 -10 -11 -12 12 -14 -15 15 22 -18 18 -20 -21 25 -23 -24 -25 -26 -27
leaf_value=-0.041694347408937286 -0.0087894277830017371 -0.037356392003509611 -0.042776043079887305 0.045096985742399946 0.04278406116454668 0.035980355038617989 0.0088794961399452192 -0.031092345667731679 0.043771779724462175 0.0082027817904390433 0.0068245860362983546 0.024470168297021502 -0.041604085462604683 -0.043369630692956712 0.02189201483204745 -0.031740297124846308 -0.05592793362881996 -0.018066939568757059 0.040450889085325105 0.00955154109638876 0.041892736284292124 -0.0049717779635652789 -0.0087804174884677927 -0.012089054000510085 -0.020707667053318057 0.021261842025028309
leaf_weight=55.312825284898281 6.3125978112220791 5.1957188919186574 37.974940292537212 1970.013540558517 85.995262861251831 14.191081881523131 4.9969241023063651 7.1670752912759763 6.41807921230793 8.0831660404801351 4.7082084044814101 6.568028315901759 10.369672499597071 1398.5034581869841 7.6175492480397251 10.670626357197763 12.360284790396689 6.7176646590232876 11.789008200168608 4.0756624266505241 109.01262482255697 2.7380007877945891 6.4230964183807364 2.5811865925788871 6.3082001507282248 6.2692879885435095
leaf_count=707 34 44 460 12421 489 69 28 69 22 56 25 36 95 18779 40 58 91 36 52 20 585 25 25 16 69 32
internal_value=0.00841731 -0.03565 0.0167855 0.043988 0.0277763 -0.00783188 0.0355081 -0.0416709 0.00486062 -0.042096 -0.036077 -0.042377 -0.0159263 -0.0426612 -0.0309869 -0.00963715 -0.041643 0.0389553 0.0193194 -0.0175195 0.0398314 -0.0387515 -0.0244733 -0.0413198 -0.0401055 0.0410557
internal_weight=3808.37 1700.99 174.815 2107.38 137.366 32.864 129.55 1526.18 13.5852 1512.59 45.2643 1504.51 16.9377 1487.57 89.0703 24.7113 18.6729 104.502 18.5067 9.27138 120.279 64.359 17.0937 40.5561 61.621 115.282
internal_count=34383 21191 1210 13192 771 194 709 19981 91 19890 501 19834 131 19703 924 123 125 577 88 64 645 801 83 476 776 617
is_linear=0
shrinkage=0.04


Tree=41
num_leaves=26
num_cat=0
split_feature=10 8 20 20 9 10 9 13 10 20 13 10 9 30 39 8 32 1 29 5 24 11 19 1 1
split_gain=3565.75 324.175 82.9493 31.9338 36.7593 22.279 33.4322 31.7157 15.7902 25.927 12.8044 10.7725 7.75432 11.4401 6.97987 6.18063 7.76449 5.98191 5.30041 3.79611 2.20237 1.96609 1.95194 0.693453 0.390995
threshold=0.16333333402872088 0.75147059559822094 0.53671374917030346 0.23854447156190875 0.67041200399398815 0.29705883562564855 0.64899963140487682 0.30952382087707525 0.11651583760976793 0.53144779801368724 0.30952382087707525 0.048199767246842391 0.80901724100112926 0.49167129397392279 1.0000000180025095e-35 0.74352160096168529 0.21111111342906955 0.31666667759418493 0.48692882061004644 0.87026646733284008 0.050641026347875602 0.53589835762977611 0.82683658599853527 0.44949495792388922 0.095454547554254546
decision_type=2 2 2 2 2 2 2 2 2 2 2 2 2 2 2 2 2 2 2 2 2 2 2 2 2
left_child=1 3 14 4 11 6 7 18 20 -10 -4 17 13 -6 -3 16 22 -1 -2 -14 -5 -11 -8 -16 -20
right_child=5 2 10 8 12 -7 15 -9 9 21 -12 -13 19 -15 23 -17 -18 -19 24 -21 -22 -23 -24 -25 -26
leaf_value=-0.042666399554124067 -0.0084681480867959957 0.00074254529916469134 -0.043010124505378181 -0.04326351582309574 0.021278746139623449 0.044842520071062077 -0.015067655196854903 0.035445114886725936 0.032446217031847378 -0.044297029989127025 0.030346856299988071 0.026608001173095856 0.046830221134631672 -0.034871251733036915 0.024779417391266999 0.044630453329388711 0.039153671912815574 0.0037582488718460321 -0.030397369190276583 0.01021744129485396 -0.0028767769848016965 -0.0086539058540489391 0.01228165609521748 0.042720476479566422 -0.066129350275423784
leaf_weight=64.588765501976013 6.3139012306928661 7.3052900880575171 27.839814230799679 1357.7857011109591 10.47705749422312 1903.3002712354064 6.8305317312479037 13.861344948410986 11.056605063378809 17.573713466525081 3.1213795840740195 2.9935893118381491 8.3979237228631991 9.32914901524782 11.681681491434572 73.972396597266197 14.523850321769713 4.3194497972726813 5.5398545861244184 10.125318601727484 2.374393329024314 3.8223926275968543 6.3728525191545486 91.382631435990334 6.5754891633987427
leaf_count=843 34 47 321 18921 47 12421 36 69 53 161 10 18 29 44 56 427 85 24 46 42 15 30 29 530 45
internal_value=0.00836339 -0.0354371 0.0222626 -0.0408844 -0.0197433 0.0437134 0.0273641 -0.00769051 -0.042534 -0.0140795 -0.0342455 -0.0363397 0.011535 -0.00559057 0.0384245 0.0384728 0.0206032 -0.0396764 -0.0406739 0.0290721 -0.043196 -0.0388434 -0.00166408 0.0410746 -0.0549232
internal_weight=3681.47 1644.17 141.331 1502.84 110.231 2037.29 133.99 32.2906 1392.61 32.4527 30.9612 71.9018 38.3294 19.8062 110.37 101.7 27.7272 68.9082 18.4292 18.5232 1360.16 21.3961 13.2034 103.064 12.1153
internal_count=34383 21191 964 20227 1047 13192 771 194 19180 244 331 885 162 91 633 577 150 867 125 71 18936 191 65 586 91
is_linear=0
shrinkage=0.04


Tree=42
num_leaves=28
num_cat=0
split_feature=10 8 20 20 29 10 8 13 8 10 20 38 13 23 6 1 8 29 19 6 13 24 31 29 29 20 1
split_gain=3405.28 310.518 78.7439 31.8404 32.5022 22.1509 31.4654 35.5237 19.8516 15.7671 24.7282 15.2147 12.3662 10.8412 8.18226 6.9418 6.80505 4.59953 3.17019 4.78968 2.9281 2.19517 1.16505 0.360937 2.28921 0.100738 0.0550912
threshold=0.16333333402872088 0.75147059559822094 0.53671374917030346 0.23854447156190875 0.80747354030609142 0.29705883562564855 0.71535181999206554 0.30952382087707525 0.084219858050346388 0.11651583760976793 0.60885909199714672 0.22028702497482303 0.30952382087707525 1.0000000180025095e-35 0.51431512832641613 0.44949495792388922 0.67083334922790538 0.83738514780998241 0.95505049824714672 0.46572023630142217 0.45000000298023229 0.050641026347875602 0.86667150259017955 0.7241005301475526 0.74608466029167186 0.30940108001232153 0.41428571939468389
decision_type=2 2 2 2 2 2 2 2 2 2 2 2 2 2 2 2 2 2 2 2 2 2 2 2 2 2 2
left_child=1 3 15 4 11 6 7 8 -2 21 13 16 -4 -11 -10 17 22 -3 19 -6 -9 -5 23 -1 -25 -17 -8
right_child=5 2 12 9 18 -7 26 20 14 10 -12 -13 -14 -15 -16 25 -18 -19 -20 -21 -22 -23 -24 24 -26 -27 -28
leaf_value=-0.042155238417401417 0.029688511148937662 -0.011743329071503768 -0.042738768143011065 -0.043114904501079847 0.030113586256222017 0.044599406995959524 0.024172609988980565 0.008511089786486143 -0.056366389710632174 0.053317851850881337 -0.042319444035433813 0.043200824878384253 0.02965265911964857 -0.012343965188145418 -0.0034418915020322806 0.043097516367934387 0.014010355860916352 0.028713317598325121 0.032344774756911339 -0.0078084124902551445 0.043742229394145599 -0.002789382516940493 -0.0077336037725371509 0.0019144346594394386 -0.03480066411272105 0.023912974751015101 0.044777328242711543
leaf_weight=57.821791715919971 6.6916511207819012 6.6669404059648505 26.924146905541424 1308.9570455625653 6.379340894520289 1838.4455783367157 6.2764326333999625 5.5175983756780651 16.507793441414837 7.5314019471406954 18.481081314384937 2.6662888899445525 3.1050699055194846 5.9727368205785751 6.4886936321854582 85.320050291717052 3.1973064690828314 8.3830552846193296 9.7815234661102277 13.824729211628435 20.336169317364693 2.3709079921245566 2.7031230330467215 3.2400618195533744 8.2723229974508268 7.0748267844319335 68.86722369492054
leaf_count=770 29 43 321 18921 33 12421 35 32 122 31 175 11 10 38 30 509 17 45 37 58 112 15 20 26 75 36 411
internal_value=0.0083144 -0.0352329 0.022002 -0.0406762 -0.0193555 0.0434492 0.026953 0.00390447 -0.0252945 -0.0423642 -0.0137482 -0.0327954 -0.033878 0.0254896 -0.0424727 0.0379377 -0.0363803 0.01134 0.0153829 0.00545094 0.0369688 -0.043045 -0.0389284 -0.0399566 -0.0252214 0.0420333 0.0435447
internal_weight=3557.8 1588.67 137.474 1451.2 107.886 1969.13 130.686 55.5419 29.6881 1343.31 31.9852 77.9009 30.0292 13.5041 22.9965 107.445 75.2346 15.05 29.9856 20.2041 25.8538 1311.33 72.0373 69.3342 11.5124 92.3949 75.1437
internal_count=34383 21191 964 20227 1047 13192 771 325 181 19180 244 919 331 69 152 633 908 88 128 91 144 18936 891 871 101 545 446
is_linear=0
shrinkage=0.04


Tree=43
num_leaves=30
num_cat=0
split_feature=10 8 20 20 29 10 8 13 8 10 20 12 13 39 6 23 8 3 19 6 13 38 8 8 3 12 29 29 12
split_gain=3252.86 297.548 74.7758 31.8248 31.0435 21.7959 30.2401 33.6408 18.7839 15.6709 23.4985 14.6256 11.9457 10.1756 7.91403 6.89402 6.61801 3.06904 3.02339 4.44666 2.88379 0.983557 0.453423 0.79467 0.285795 0.261521 0.232422 2.01807 0.0984781
threshold=0.16333333402872088 0.75147059559822094 0.53671374917030346 0.23854447156190875 0.80747354030609142 0.29705883562564855 0.71535181999206554 0.30952382087707525 0.084219858050346388 0.11651583760976793 0.60885909199714672 0.14671076089143756 0.30952382087707525 1.0000000180025095e-35 0.51431512832641613 1.0000000180025095e-35 0.67083334922790538 0.86663055419921886 0.95505049824714672 0.46572023630142217 0.45000000298023229 0.36785912513732916 0.82446312904357921 0.78830561041831981 0.85466015338897716 0.28577655553817755 0.7241005301475526 0.74608466029167186 0.38279198110103613
decision_type=2 2 2 2 2 2 2 2 2 2 2 2 2 2 2 2 2 2 2 2 2 2 2 2 2 2 2 2 2
left_child=1 3 15 4 11 6 7 8 -2 21 13 16 -4 -11 -10 22 17 26 19 -6 -9 -5 23 -3 -12 -23 -1 -28 -27
right_child=5 2 12 9 18 -7 -8 20 14 10 24 -13 -14 -15 -16 -17 -18 -19 -20 -21 -22 25 -24 -25 -26 28 27 -29 -30
leaf_value=-0.042413837041354617 0.029011599535375038 0.033923482332803942 -0.042473670204336747 -0.043050649375229275 0.028912291693882788 0.044366935704959143 0.043193547347905974 0.008248292575264226 -0.055488421402316405 -0.012010154735451202 -0.045515182144082622 0.041996626572721067 0.029030309945375206 0.051721794046952041 -0.0033084966183347876 0.00042097243657444156 0.013609400088631237 0.0024509751089782563 0.03161026029931447 -0.0075201781859352539 0.043368855190141754 -0.0091171212066624204 0.042073754496864436 0.010766448515902902 -0.01747979943541899 -0.034855678033170849 -0.0004291663356639988 -0.035135353532358672 -0.014090758933701574
leaf_weight=55.400280021131039 6.6271930336952236 8.1957715749740583 26.035964757204059 1251.1008864343166 6.4432654157280984 1775.4352152273059 72.818901717662811 5.4843197688460377 16.129854954779152 5.9361536949872988 14.522596135735514 2.6780266165733329 3.0881578773260108 7.5038068741559982 6.4935842379927626 7.2921697348356238 3.2126527205109587 2.4248986691236487 9.6479569077491742 13.845128960907457 19.716196864843369 3.4246834814548484 83.237482294440269 5.8745819404721251 3.4645664095878592 5.3680252954363805 3.4638684242963782 8.5698093399405462 4.1912746876478195
leaf_count=769 29 39 321 18804 33 12421 446 32 122 38 146 11 10 31 30 47 17 17 37 58 112 36 514 33 29 60 27 78 36
internal_value=0.00826931 -0.0350313 0.0217523 -0.0404723 -0.0189559 0.0432015 0.0266231 0.00385178 -0.0246896 -0.0422027 -0.0134405 -0.0323967 -0.0335252 0.024733 -0.0415679 0.0374665 -0.0360143 -0.0386062 0.0149009 0.00527219 0.0364942 -0.0429003 0.0402447 0.026378 -0.0418105 -0.0253627 -0.04017 -0.0261791 -0.0290017
internal_weight=3437.63 1534.92 133.724 1401.2 105.686 1902.71 127.27 54.4511 29.2506 1295.51 31.4271 75.7495 29.1241 13.44 22.6234 104.6 73.0715 69.8589 29.9364 20.2884 25.2005 1264.08 97.3078 14.0704 17.9872 12.984 67.434 12.0337 9.5593
internal_count=34383 21191 964 20227 1047 13192 771 325 181 19180 244 919 331 69 152 633 908 891 128 91 144 18936 586 72 175 132 874 105 96
is_linear=0
shrinkage=0.04


Tree=44
num_leaves=25
num_cat=0
split_feature=38 8 33 20 13 29 23 38 13 19 13 3 38 31 7 36 29 29 1 36 31 38 29 14
split_gain=3056.92 245.119 120.365 76.4331 28.3413 31.8434 27.3436 59.7885 17.1548 12.4955 6.4183 4.97522 4.65994 3.63424 3.28228 2.40897 1.94139 1.9577 1.73829 0.642487 0.549686 0.520044 0.220172 0.0814063
threshold=0.40795028209686285 0.75147059559822094 0.87500000000000011 0.29716350138187414 -1.0000000180025095e-35 0.80747354030609142 1.0000000180025095e-35 0.60138812661170971 0.21111111342906955 0.91458967328071605 0.45000000298023229 0.86663055419921886 0.22450219094753268 0.90625891089439403 0.42741556465625768 0.2333333417773247 0.7241005301475526 0.77781432867050182 0.44949495792388922 0.43333333730697637 0.82611790299415599 0.12512611597776416 0.64110448956489574 1.0000000180025095e-35
decision_type=2 2 2 2 2 2 2 2 2 2 2 2 2 2 2 2 2 2 2 2 2 2 2 2
left_child=1 2 4 18 5 11 -2 9 -5 19 23 16 -4 14 -7 22 21 20 -3 -8 -18 -1 -9 -6
right_child=6 3 12 8 10 13 7 15 -10 -11 -12 -13 -14 -15 -16 -17 17 -19 -20 -21 -22 -23 -24 -25
leaf_value=-0.042110881608865183 0.044192848157853952 0.019352863691040164 0.00082085623507330871 -0.042247797793726359 -0.042694952591762966 0.022867810666319825 -0.046675300451385349 0.021661205930940002 0.032699562265382461 0.014487096822603083 -0.0032817646578301501 0.0078345630468138836 0.043426304848893461 0.037421062995454786 -0.0063862584705137691 0.013155388538844759 -0.012071977006367821 -0.036335738287253255 0.04195668398209209 -0.018767481008668818 0.0061040603682001194 -0.010357417705327157 0.042201280367643125 -0.017827936509738792
leaf_weight=45.763585068285465 1707.1789423525333 10.156597539782522 4.7820303440094021 28.258813083171844 1239.16379853338 8.8662924244999939 15.506867967545992 6.119125470519065 4.5410611033439627 7.7445275485515586 6.9548345357179633 3.4784019738435736 26.456295698881149 6.9601575434207907 12.943170689046381 7.1403970792889586 3.9649145230650884 3.9763583838939667 77.22483741492033 4.7562692612409583 3.4359706714749336 2.0653147473931304 80.414625845849514 3.3182089254260054
leaf_count=657 12269 52 33 349 19138 42 129 41 20 45 57 21 172 29 52 34 37 34 495 33 25 21 556 42
internal_value=0.00822374 -0.0342384 -0.0390367 0.020303 -0.0408539 -0.0188885 0.0428729 0.0240484 -0.0306497 -0.0260425 -0.0424362 -0.0346095 0.0371189 0.0153083 0.00620379 0.0392373 -0.0373189 -0.0184024 0.0396887 -0.0418337 -0.00390495 -0.0410976 0.0411435 -0.0426508
internal_weight=3321.17 1492.31 1372.13 120.181 1340.89 91.4542 1828.86 121.682 32.7999 28.0077 1249.44 62.6845 31.2383 28.7696 21.8095 93.6741 59.2061 11.3772 87.3814 20.2631 7.40089 47.8289 86.5338 1242.48
internal_count=34383 21276 20360 916 20155 918 13107 838 369 207 19237 795 205 123 94 631 774 96 547 162 62 678 597 19180
is_linear=0
shrinkage=0.04


Tree=45
num_leaves=27
num_cat=0
split_feature=10 8 23 10 9 20 9 33 1 10 2 36 8 3 32 9 7 33 36 5 31 38 2 10 23 1
split_gain=2966.25 264.75 76.1663 33.4534 34.6818 29.7552 24.4585 21.2345 10.5761 10.9574 9.68045 9.1337 8.27627 11.1569 8.02607 6.12206 6.29811 5.93855 4.87494 4.05117 3.38097 1.5185 0.511314 0.453999 0.343552 0.247339
threshold=0.14039409160614016 0.74352160096168529 1.0000000180025095e-35 0.28174604475498205 0.64051282405853283 0.23854447156190875 0.67041200399398815 1.0000000180025095e-35 0.31666667759418493 0.048199767246842391 0.19433516263961795 0.2333333417773247 0.70678734779357921 0.67975163459777843 0.21111111342906955 0.81661397218704235 0.42185109853744512 0.87500000000000011 0.56666669249534618 0.89512962102890026 0.84103107452392589 0.50805342197418224 0.57284301519393932 0.12701612710952762 1.0000000180025095e-35 0.43650794029235845
decision_type=2 2 2 2 2 2 2 2 2 2 2 2 2 2 2 2 2 2 2 2 2 2 2 2 2 2
left_child=1 5 11 4 7 6 8 10 9 -1 -2 -3 13 -6 -15 16 -8 21 -4 -17 -13 23 -12 -7 -5 -14
right_child=3 2 18 24 12 17 15 -9 -10 -11 22 20 25 14 -16 19 -18 -19 -20 -21 -22 -23 -24 -25 -26 -27
leaf_value=-0.042001071436632779 0.0065463799112656955 -0.0066782386701416604 -0.041217768793212761 0.044135933363139083 0.046123938735673269 -0.042628782185090267 0.013349259072809521 0.030017917480074281 0.023194635583920299 0.030450620422107028 -0.052915400325361954 0.0079086666309291613 0.022602185642775448 -0.025989266645337912 0.024691030996032093 0.040169427378847988 -0.028309889468128336 -0.0021043192856985229 0.0063790006142977178 0.0015198371359022916 0.042045945973771905 -0.0093927182614201299 -0.020434398212067842 -0.016976601515521408 0.037387641490560973 0.043725390163878317
leaf_weight=55.171688161790371 6.602628946304324 6.511085979640483 25.728982277214531 1589.2706243693829 9.3485167026519793 1174.6868387050927 10.087972074747087 11.588771924376486 3.7343063727021208 2.3643489927053443 12.96228998154402 5.654826693236827 6.352893888950347 10.19382204115391 6.9449224323034278 8.8563219457864779 9.771396875381468 6.0435721278190604 3.3231424652039996 7.4056376814842215 85.153939351439476 3.2478134632110587 3.750247497111558 3.927907168865203 81.678822435438633 60.3786860704422
leaf_count=821 31 37 360 11942 49 18939 45 57 20 14 116 28 36 59 43 31 48 33 16 31 549 25 24 35 584 384
internal_value=0.00827821 -0.0351016 0.0199217 0.0423191 0.022203 -0.040533 -0.0188361 -0.0113428 -0.0339283 -0.0382253 -0.0327411 0.0368108 0.0347701 0.0146795 -0.0048614 0.00704649 -0.00751839 -0.0422848 -0.0354714 0.0241275 0.0400635 -0.042487 -0.047854 -0.0425658 0.0438408 0.0422493
internal_weight=3210.74 1411.67 126.372 1799.07 128.123 1285.3 97.3917 34.9039 61.2703 57.536 23.3152 97.3199 93.2188 26.4873 17.1387 36.1213 19.8594 1187.91 29.0521 16.262 90.8088 1181.86 16.7125 1178.61 1670.95 66.7316
internal_count=34357 21032 990 13325 799 20042 1010 228 855 835 171 614 571 151 102 155 93 19032 376 62 577 18999 140 18974 12526 420
is_linear=0
shrinkage=0.04


Tree=46
num_leaves=27
num_cat=0
split_feature=10 8 23 12 23 11 9 24 33 8 3 1 33 36 31 9 19 36 38 36 3 31 12 9 5 10
split_gain=2834.42 253.638 72.4072 34.0682 38.3517 27.5614 24.6074 12.4759 11.345 15.5968 10.9841 10.7235 10.1567 8.85378 6.44632 5.77811 6.30342 4.77274 3.37733 5.37183 5.70452 3.34901 3.28966 2.84858 2.35841 2.33226
threshold=0.14039409160614016 0.74352160096168529 1.0000000180025095e-35 0.49013464152812963 1.0000000180025095e-35 0.19399641454219821 0.67041200399398815 0.10811688378453256 0.62500000000000011 0.70064935088157665 0.48772154748439794 0.31666667759418493 0.87500000000000011 0.2333333417773247 0.84571436047554027 0.81661397218704235 0.86754387617111217 0.56666669249534618 0.36785912513732916 0.30000001192092901 0.7747386395931245 0.84103107452392589 0.014571007341146471 0.65345367789268505 0.89009663462638866 0.18898809701204303
decision_type=2 2 2 2 2 2 2 2 2 2 2 2 2 2 2 2 2 2 2 2 2 2 2 2 2 2
left_child=1 5 13 4 8 6 11 23 9 10 -2 22 18 -3 -12 16 -8 -4 -7 -20 -21 -15 -1 -6 -17 -5
right_child=3 2 17 25 7 12 15 -9 -10 -11 14 -13 -14 21 -16 24 -18 -19 19 20 -22 -23 -24 -25 -26 -27
leaf_value=-0.041707200418141847 0.028819892484745129 -0.006480003710625841 -0.040998034491973485 0.01778360746171407 -0.049054648865103356 -0.042622349617901206 -0.027741531896280071 0.029655777096151619 0.043855123877857755 0.041532595177924313 -0.048312342936491295 0.022435318008520833 0.0050835029505567585 0.0076157920203896272 0.0041436734829396306 0.037220138427460907 0.015010921468467154 0.006226599099384349 -0.040032217850414595 0.026019983399376948 -0.027952683389518507 0.041665789726801218 0.0053414819467029395 -0.014173472998903818 0.0063788224403304936 0.0436853169846445
leaf_weight=49.015976123511791 6.3677970841527012 6.4989313781261435 24.857878144830469 8.4525291770696622 11.63773244246841 1124.2121148593724 9.5880618169903773 4.2418393045663825 53.183542683720589 15.971591353416441 8.1947452053427678 3.7714758887886992 6.825498864054679 5.6369147077202788 5.3378281146287909 8.2982491254806536 9.0973370969295484 3.3257109820842734 10.80622134357691 4.8542295172810537 4.3299651220440865 82.559862464666367 1.9655268415808667 7.62959861755371 7.7552036345005027 1617.1715273857117
leaf_count=760 30 37 360 46 114 18861 51 18 368 104 43 20 36 28 28 30 36 16 126 30 36 549 24 43 32 12531
internal_value=0.00823462 -0.0349171 0.0196759 0.0420843 0.020388 -0.0403465 -0.0184943 -0.0237688 0.0322803 0.0140338 -0.00938539 -0.0348449 -0.0420182 0.0363489 -0.0289139 0.0076024 -0.00716199 -0.0351374 -0.0423088 -0.0228672 -4.63407e-05 0.0396381 -0.0397028 -0.0372734 0.0240977 0.043567
internal_weight=3101.59 1363.4 122.879 1738.19 112.565 1240.52 89.4918 23.5092 89.0555 35.872 19.9004 54.753 1151.03 94.6957 13.5326 34.7389 18.6854 28.1836 1144.2 19.9904 9.18419 88.1968 50.9815 19.2673 16.0535 1625.62
internal_count=34357 21032 990 13325 748 20042 953 175 573 205 101 804 19089 614 71 149 87 376 19053 192 66 577 784 157 62 12577
is_linear=0
shrinkage=0.04


Tree=47
num_leaves=29
num_cat=0
split_feature=12 9 23 12 13 8 13 11 1 38 36 8 8 2 38 8 11 31 23 8 2 38 4 4 38 2 19 19
split_gain=2678.07 251.656 77.2808 42.785 49.5628 24.1318 19.5179 17.8424 26.4074 12.5495 12.5225 9.17486 6.87198 12.4682 6.16876 4.71319 4.45507 4.02897 3.17547 3.07426 2.44695 1.56829 0.555759 1.36972 0.226225 8.50566 0.206189 0.0966757
threshold=0.30752871930599218 0.81661397218704235 1.0000000180025095e-35 0.49013464152812963 0.30952382087707525 0.78830561041831981 0.45000000298023229 0.19399641454219821 0.31666667759418493 0.27338087558746343 0.16666667163372043 0.062996033579111113 0.69631093740463268 0.64747309684753429 0.044277127832174308 0.58123165369033825 0.379817545413971 0.96959519386291515 1.0000000180025095e-35 0.64785373210906994 0.6569296419620515 0.43274678289890295 0.85270008444786083 0.80186915397644054 0.29596754908561712 0.25677657127380377 0.56691542267799389 0.94665718078613292
decision_type=2 2 2 2 2 2 2 2 2 2 2 2 2 2 2 2 2 2 2 2 2 2 2 2 2 2 2 2
left_child=1 6 10 4 5 11 7 8 14 -8 -3 -2 13 -10 20 -12 -13 -4 -5 26 -1 -6 23 -17 -9 -26 -18 -7
right_child=3 2 17 18 21 27 9 24 12 -11 15 16 -14 -15 -16 22 19 -19 -20 -21 -22 -23 -24 -25 25 -27 -28 -29
leaf_value=-0.041252377752952339 0.016935244191780784 -0.01885539409194666 -0.041718830231399107 0.043831049051060882 0.016404957102703534 0.018772619678091983 -0.029527471501308397 -0.042588547626609151 0.030351323602901017 0.042751764249164527 0.0036861828081998344 0.00095986738734768885 0.038433264451253411 -0.035281550982113108 0.018846993708787067 0.036175061489672075 -0.023938519889567918 -0.00029548267961999891 0.034068317429326436 -0.010380069080617185 -0.0016505077666953299 0.043167618975958888 0.042875070780344922 0.015036434757722051 0.026124890685434662 -0.038748869462953771 -0.05312312537682129 0.040176780784935348
leaf_weight=51.137085150927305 4.6702492609620085 5.8305494263768187 27.860188499093056 1484.926616974175 6.5006893724203101 5.7668163403868657 5.7057980224490148 1057.3430868573487 7.2087990716099757 6.3790230676531792 6.7852482460439196 3.8646590150892761 8.479193449020384 7.7876531630754471 2.0637528635561457 24.293725214898586 4.3608932383358541 4.2736137658357611 88.107810407876968 4.8919350504875174 2.7616039291024199 52.844897747039795 57.610613107681274 10.317592963576315 2.4350871518254307 27.694265328347683 17.678351100534201 6.0628940463066101
leaf_count=786 24 45 416 11947 32 34 52 18403 30 28 32 24 39 36 20 136 36 37 649 33 18 388 412 62 22 417 168 31
internal_value=0.00819107 -0.034513 0.0166309 0.0416506 0.0168031 -0.0134765 -0.0404727 -0.0409974 -0.0219989 0.00884342 0.0332079 -0.0298103 0.0129136 -0.00354098 -0.0366403 0.0365883 -0.0375878 -0.0363444 0.0433181 -0.0430753 -0.0393232 0.040686 0.0389254 0.0308026 -0.0423517 -0.032362 -0.0492184 0.0328476
internal_weight=2995.64 1315.97 136.972 1679.68 106.641 47.2958 1179 1166.91 79.4381 12.0848 104.838 35.4661 23.4756 14.9965 55.9624 99.0072 30.7958 32.1338 1573.03 26.9312 53.8987 59.3456 92.2219 34.6113 1087.47 30.1294 22.0392 11.8297
internal_count=34357 20991 1140 13366 770 350 19851 19771 929 80 687 285 105 66 824 642 261 453 12596 237 804 420 610 198 18842 439 204 65
is_linear=0
shrinkage=0.04


Tree=48
num_leaves=28
num_cat=0
split_feature=10 9 23 12 32 8 20 8 12 20 29 29 8 30 5 36 8 33 10 38 19 38 23 10 4 4 31
split_gain=2589.79 233.136 74.9541 32.6902 42.957 25.8631 21.0454 25.1103 12.1631 10.5123 8.32544 7.61045 5.92734 5.02679 4.48887 4.27719 4.18396 3.7767 2.72327 1.90055 1.68582 1.35016 0.638051 0.606056 0.393513 1.80017 0.227707
threshold=0.14039409160614016 0.81661397218704235 1.0000000180025095e-35 0.49013464152812963 0.30952382087707525 0.78830561041831981 0.23854447156190875 0.69631093740463268 0.14671076089143756 0.51530769467353832 0.48032534122467047 0.73520171642303478 0.64785373210906994 0.41615794599056249 0.61620295047760021 0.63333335518836986 0.58123165369033825 0.87500000000000011 0.1702898591756821 0.50805342197418224 0.89323708415031444 0.36785912513732916 1.0000000180025095e-35 0.12701612710952762 0.85270008444786083 0.80186915397644054 0.91839417815208446
decision_type=2 2 2 2 2 2 2 2 2 2 2 2 2 2 2 2 2 2 2 2 2 2 2 2 2 2 2
left_child=1 6 9 4 5 10 7 8 11 16 -2 -1 -12 14 -13 -4 -3 19 -5 23 -15 -6 -20 26 25 -18 -8
right_child=3 2 15 18 21 -7 17 -9 -10 -11 12 13 -14 20 -16 -17 24 -19 22 -21 -22 -23 -24 -25 -26 -27 -28
leaf_value=-0.041249500671854102 0.0021305345001571478 0.0027847703869710817 -0.040583553022742108 0.0086067608142843983 0.017538697926786421 0.034818751811671322 -0.042290600627405632 0.031302229892006025 0.042141055811296117 -0.010329260447734035 -0.053202272762696644 -0.013212404901833535 -0.002187811750330098 -0.036979429548244049 0.037151380365283614 0.0067503583137655176 0.036775840073515843 -0.0067594631232353528 0.043600981828266418 -0.0059053374294945919 -0.0073462428192115859 0.042291945639699201 0.036477622852922664 -0.015171458195349069 0.04253125076605347 0.013059299668749819 -0.011360640621723032
leaf_weight=47.989004515111446 8.5706596896052378 5.6948834657669059 29.283544834703207 4.432099647819995 7.0645077377557746 12.253445260226725 1042.8314298205078 11.490187078714369 2.2745934277772895 7.4293222762644282 17.065820030868057 4.571952801197769 4.6319117210805407 7.3902638629078847 3.7234084010124207 2.7688180878758422 22.42212700843811 5.5595213621854773 1428.4897535070777 2.8891083002090445 6.0888704657554626 57.611530229449272 81.743035957217216 3.6332320459187022 54.028841361403465 9.6256946325302106 1.7614976204931725
leaf_count=774 45 23 446 22 35 70 18812 55 9 56 146 57 26 45 19 15 123 32 11931 24 29 426 624 34 400 58 21
internal_value=0.0081495 -0.034567 0.0157415 0.0416395 0.0198704 -0.0110741 -0.0403758 -0.0204559 -0.0292292 0.0328559 -0.0306268 -0.0324888 -0.0430913 -0.0117083 0.0112235 -0.0361579 0.0365393 -0.041918 0.0431594 -0.0420933 -0.0256782 0.0400277 0.0432531 -0.0421841 0.0387046 0.0305957 -0.0422552
internal_weight=2893.32 1271.46 131.253 1621.86 107.198 42.5218 1140.2 83.5283 72.0381 99.2009 30.2684 69.7635 21.6977 21.7745 8.29536 32.0524 91.7715 1056.67 1514.66 1051.12 13.4791 64.676 1510.23 1048.23 86.0767 32.0478 1044.59
internal_count=34357 21032 1121 13325 748 287 19911 988 933 660 217 924 172 150 76 461 604 18923 12577 18891 74 461 12555 18867 581 181 18833
is_linear=0
shrinkage=0.04


Tree=49
num_leaves=32
num_cat=0
split_feature=12 9 20 12 13 20 20 8 8 13 23 24 29 38 14 23 12 8 30 19 4 38 13 38 22 31 4 22 4 12 12
split_gain=2447.23 231.595 72.8161 40.7859 45.0885 23.665 18.6255 23.8866 17.2859 13.275 9.67304 8.60359 5.89472 7.53987 3.98135 3.6178 8.10082 3.44577 2.81082 2.4424 2.14441 1.66371 1.25734 5.11133 0.767098 0.498317 0.432652 2.10016 1.97348 0.371715 0.227541
threshold=0.30752871930599218 0.81661397218704235 0.50196850299835216 0.49013464152812963 0.30952382087707525 0.49029034376144415 0.23854447156190875 0.69631093740463268 0.78830561041831981 0.63333335518836986 1.0000000180025095e-35 0.12183055281639101 0.80747354030609142 0.17433679103851321 -1.0000000180025095e-35 1.0000000180025095e-35 0.60685729980468761 0.58123165369033825 0.71892124414443981 0.90550595521926891 0.61633428931236278 0.43274678289890295 0.30952382087707525 0.22028702497482303 0.92499998211860668 0.86061349511146557 0.85270008444786083 0.37500000000000006 0.79805827140808117 0.55562418699264537 0.23849330097436908
decision_type=2 2 2 2 2 2 2 2 2 2 2 2 2 2 2 2 2 2 2 2 2 2 2 2 2 2 2 2 2 2 2
left_child=1 6 10 4 5 19 7 12 14 18 17 30 13 20 -7 -5 29 -3 22 -2 24 -6 -8 -24 25 -1 27 -19 -29 -17 -4
right_child=3 2 11 15 21 8 9 -9 -10 -11 -12 -13 -14 -15 -16 16 -18 26 -20 -21 -22 -23 23 -25 -26 -27 -28 28 -30 -31 -32
leaf_value=-0.0419886925415296 0.010566771421023354 0.0061913989700262319 -0.042056452646041034 0.043479878398299823 0.01538825985149669 -0.0085464970465118882 -0.042225849150741047 0.030104092997762604 0.025250902666148375 0.019038905970239172 -0.013904220861918328 0.026495544180965922 -0.0028160741143681916 0.026665861875727566 -0.050688087147116194 -0.0039896231869236479 0.038074377752453162 0.038385503478474976 0.004411686475658678 0.046842408273096811 -0.008500795103477515 0.042699201734928097 -0.038078559085713032 0.013196982857185296 -0.0081126307981335931 -0.01024210241653249 0.04229746306026981 0.026122404345380899 -0.0032184629932516446 0.0083794590016151201 -0.012296539365958217
leaf_weight=47.271697904914618 6.6752955317497236 6.3083352819085112 27.880143497139219 1381.8352057188749 6.3365655913949004 5.0416095107793835 998.34391951188445 11.186713360249994 6.0614014267921439 4.8318427354097357 5.5665685869753352 2.2019849121570578 11.329083599150179 1.9038394019007672 22.008636437356472 6.0671173334121686 71.584638342261314 19.964734129607677 1.6374818049371231 6.0742009505629539 4.7924520745873442 49.423907935619354 8.3250119276344758 3.4453477002680293 2.0632669664919367 2.0174419097602359 53.382149420678616 7.4029844030737859 5.2462193220853806 6.0359196290373802 2.0475291684269896
leaf_count=777 39 26 440 11947 32 25 18684 54 35 25 46 12 54 13 223 39 575 113 12 28 34 388 122 24 33 19 409 45 32 35 17
internal_value=0.00810841 -0.0341685 0.016134 0.0412158 0.0163748 -0.0127528 -0.0401473 -0.0209903 -0.0303148 -0.0416311 0.0332101 -0.0348747 -0.0297405 -0.0347807 -0.0436655 0.0429203 0.0330622 0.0363043 -0.0419527 0.0308189 -0.0376009 0.0400534 -0.0420386 -0.0230717 -0.0399845 -0.0410351 0.0383809 0.0303475 0.0148047 0.00245846 -0.0407095
internal_weight=2794.29 1227.15 130.001 1567.14 101.622 45.8611 1097.15 80.5645 33.1116 1016.58 97.871 32.1297 69.3778 58.0487 27.0502 1465.52 83.6877 92.3044 1011.75 12.7495 56.1449 55.7605 1010.11 11.7704 51.3524 49.2891 85.9961 32.6139 12.6492 12.103 29.9277
internal_count=34357 20991 1140 13366 770 350 19851 984 283 18867 671 469 930 876 248 12596 649 625 18842 67 863 420 18830 146 829 796 599 190 77 74 457
is_linear=0
shrinkage=0.04


Tree=50
num_leaves=25
num_cat=0
split_feature=10 20 8 10 8 2 13 24 5 36 3 22 22 38 20 19 38 1 1 31 24 14 8 2
split_gain=2380.74 202.228 86.4871 45.1632 37.5497 35.631 18.9726 15.3759 15.1308 6.72603 6.44898 6.39616 4.10511 2.75213 6.34302 2.25512 1.98309 1.42963 1.38719 1.13721 1.09767 0.786569 0.152851 0.100026
threshold=0.11651583760976793 0.2098387032747269 0.69631093740463268 0.28174604475498205 0.72065573930740368 0.22684391587972644 0.45000000298023229 0.050641026347875602 0.64051282405853283 0.2333333417773247 0.8702492117881776 0.37500000000000006 0.32500000298023229 0.36785912513732916 0.53144779801368724 0.90121948719024669 0.1152913309633732 0.34848485887050634 0.31666667759418493 0.8425690531730653 0.040361991152167327 -1.0000000180025095e-35 0.74352160096168529 0.091431558132171645
decision_type=2 2 2 2 2 2 2 2 2 2 2 2 2 2 2 2 2 2 2 2 2 2 2 2
left_child=1 2 8 4 5 9 10 13 16 -2 11 21 -10 20 -15 -14 18 -6 -1 -4 -3 -7 -21 -11
right_child=3 7 19 -5 17 6 -8 -9 12 23 -12 -13 15 14 -16 -17 -18 -19 -20 22 -22 -23 -24 -25
leaf_value=-0.03974963964806344 -0.00037694874438782281 -0.042198886219122642 0.013675482381709804 0.042980505218063451 0.013563815212338305 -0.022448419068636136 0.027594754397957586 0.012485292964943544 0.017753727326238655 0.025465083137272072 3.1983670464081452e-05 -0.00040865567140852498 -0.021427906659191129 0.017410038041971651 -0.036806847919392628 0.0051910237666121109 0.00085950077536592947 0.042120408471225196 -0.0043866176989752516 0.018446804106199591 -0.008309416648406542 -0.053137905316869197 0.039382304900929886 0.051819045230441299
leaf_weight=41.885461539030075 5.9688916541636017 987.4030597358942 5.4254132956266394 1402.0763336420059 4.8663851842284194 4.9969914145767751 8.7400786504149419 7.6603309698402873 11.06318034976721 5.4144815653562572 7.1615148894488803 4.9992056638002387 11.202406510710718 3.9571630656719199 8.4517448730766755 7.1785463318228713 1.9013340547680844 59.886239260435104 2.3010770231485358 4.6812007501721373 2.4228160344064227 21.118575070053339 67.802287958562374 13.670142609626053
leaf_count=743 35 19115 27 12560 29 46 55 48 51 32 42 35 56 29 119 33 15 431 14 22 32 227 513 74
internal_value=0.00820593 -0.0349485 0.00775117 0.0408325 0.0185965 -0.00132162 -0.0216981 -0.0414427 -0.022485 0.0358138 -0.0337209 -0.0412742 -3.13599e-05 -0.0418767 -0.0192698 -0.0112194 -0.0364378 0.0403029 -0.0381203 0.0369768 -0.0421292 -0.0488102 0.0384304 0.0467034
internal_weight=2702.23 1163.34 153.441 1538.9 136.823 72.0699 47.0164 1009.9 75.532 25.0535 38.2763 31.1148 29.4441 1002.23 12.4089 18.381 46.0879 64.7526 44.1865 77.9089 989.826 26.1156 72.4835 19.0846
internal_count=34383 20817 1474 13566 1006 546 405 19343 912 141 350 308 140 19295 148 89 772 460 757 562 19147 273 535 106
is_linear=0
shrinkage=0.04


Tree=51
num_leaves=27
num_cat=0
split_feature=10 11 1 10 8 2 38 14 3 8 39 3 19 19 2 14 8 5 29 8 0 1 14 19 1 2
split_gain=2276.01 194.656 74.3824 44.5059 35.8789 33.6468 18.3556 17.492 11.9565 10.8499 8.43963 7.42143 7.08236 5.31761 4.87152 4.3209 6.2247 2.57156 2.53237 2.29354 2.01467 1.44063 1.31477 1.16794 0.986856 0.65648
threshold=0.11651583760976793 1.0000000180025095e-35 0.31666667759418493 0.28174604475498205 0.72065573930740368 0.22684391587972644 0.36785912513732916 1.0000000180025095e-35 0.88630625605583202 0.69631093740463268 1.0000000180025095e-35 0.8702492117881776 0.94028520584106456 0.82426470518112194 0.71494102478027355 1.0000000180025095e-35 0.64346247911453258 0.74646764993667614 0.84884920716285717 0.70064935088157665 1.0000000180025095e-35 0.34848485887050634 -1.0000000180025095e-35 0.74388790130615245 0.58571431040763866 0.64326766133308422
decision_type=2 2 2 2 2 2 2 2 2 2 2 2 2 2 2 2 2 2 2 2 2 2 2 2 2 2
left_child=1 2 8 4 5 13 15 11 19 14 12 18 -8 -2 17 20 -17 -4 22 25 -3 -6 -7 24 -11 -1
right_child=3 6 9 -5 21 7 10 -9 -10 23 -12 -13 -14 -15 -16 16 -18 -19 -20 -21 -22 -23 -24 -25 -26 -27
leaf_value=-0.040120159381639986 0.0094258189030234207 -0.042197662220484544 -0.0020387321388434789 0.042811319561211779 0.013217265029403232 -0.018899199838730674 -0.035325567538749554 0.025717236071596417 0.029138772486426 0.0070408424474486244 0.03134474301547608 0.0018029349413924967 0.02741537291614117 0.048750331809061465 -0.019232777907386853 -0.033999285156902946 0.026558228425372282 0.028392398412032192 -0.0040285151292902962 0.0030815577813791614 -0.0029579588983882237 0.041763753856323256 -0.050115254904581387 0.040059582801354736 0.030094983749154293 -0.0074364614885260513
leaf_weight=40.216202095150948 9.4223794527351874 952.56860909238458 6.4487065523862901 1352.3222593590617 4.8382906690239897 5.2993517927825513 9.5490162186324614 8.8429336398839933 3.5869737118482581 6.0234961956739417 6.3744083717465392 7.4733576253056517 2.4752935245633116 15.251299001276491 7.1861697733402243 4.9279841296374789 3.0544747076928616 9.7829390466213209 2.9060249216854563 1.7534333616495121 2.3610692881047717 58.032119773328304 21.651269655674696 56.522084467113018 8.5126949399709684 1.8371108397841442
leaf_count=705 55 19153 33 12560 29 48 121 52 19 36 30 44 24 86 30 61 17 35 24 8 25 431 237 440 62 18
internal_value=0.00816621 -0.0347766 0.0089157 0.0406273 0.0183121 -0.00126485 -0.041102 -0.0212616 -0.0312823 0.0292989 -0.00135868 -0.0331023 -0.0203892 0.035061 0.00525388 -0.0418573 -0.0100559 0.0169062 -0.041649 -0.0371767 -0.0421058 0.0398979 -0.0453131 0.0369569 0.0222413 -0.0390027
internal_weight=2609.22 1123.18 141.87 1486.04 133.717 70.8466 981.311 46.1729 47.3937 94.4761 18.3987 37.33 12.0243 24.6737 23.4178 962.912 7.98246 16.2316 29.8566 43.8067 954.93 62.8704 26.9506 71.0583 14.5362 42.0533
internal_count=34383 20817 1386 13566 1006 546 19431 405 750 636 175 353 145 141 98 19256 78 68 309 731 19178 460 285 538 98 723
is_linear=0
shrinkage=0.04


Tree=52
num_leaves=26
num_cat=0
split_feature=10 20 8 10 8 2 9 14 24 3 36 33 7 9 2 7 24 1 38 4 19 1 24 5 23
split_gain=2175.86 188.812 77.9253 43.9672 34.3203 31.6887 19.6394 16.5545 14.7422 7.15058 6.5689 3.74486 3.32228 5.26588 2.21786 1.97061 1.92477 1.50771 1.27697 4.11386 1.18189 0.853078 0.608921 0.261871 0.00486514
threshold=0.11651583760976793 0.2098387032747269 0.69631093740463268 0.28174604475498205 0.72065573930740368 0.22684391587972644 0.64051282405853283 1.0000000180025095e-35 0.050641026347875602 0.8702492117881776 0.2333333417773247 0.87500000000000011 0.35685387253761297 0.80901724100112926 0.67028987407684337 0.36593484878540045 0.067424245178699507 0.31666667759418493 0.36785912513732916 0.41324576735496527 0.74388790130615245 0.58571431040763866 0.041841737926006324 0.092665474861860289 1.0000000180025095e-35
decision_type=2 2 2 2 2 2 2 2 2 2 2 2 2 2 2 2 2 2 2 2 2 2 2 2 2
left_child=1 2 6 4 5 10 17 9 11 15 -2 18 -8 14 -14 -7 -6 -1 22 -20 21 -4 -3 -12 -5
right_child=3 8 20 24 16 7 12 -9 -10 -11 23 -13 13 -15 -16 -17 -18 -19 19 -21 -22 -23 -24 -25 -26
leaf_value=-0.0408126332341655 -0.0012542777544518075 -0.042094755947724959 0.0082891160540795056 0.042946599172127925 0.0091926980497368579 -0.046517241967171524 0.02218463551943585 0.025171710315564515 0.011924537889701423 0.00174811099013688 0.024834456283839481 -0.0059903092804673985 -0.003452618210589971 0.013594803266020333 -0.037045643346956439 -0.015540324661114505 0.041446175552734096 -0.0041200591085508763 0.014692261378816922 -0.034252859785684826 0.039191560030594673 0.029668501706647074 -0.0079655065944739499 0.051255656634169401 0.036236538583510468
leaf_weight=39.47052102163434 5.9626303054392364 911.82268921285868 6.791414536535739 1237.7594544813037 4.1432869657874098 22.967051409184936 8.1282988041639346 8.7125147357583028 7.5771948508918276 7.4723585024476042 5.8546606674790409 5.3000960797071448 5.9549726694822329 10.775768488645552 5.8815527334809303 6.2380666621029368 56.902362711727619 2.2874748632311812 2.5550890974700442 8.9425946176052076 58.71156020462513 8.314940504729746 1.6741833947598923 12.534131478518246 66.415427252650261
leaf_count=751 35 19092 40 11965 24 257 41 52 48 44 34 34 34 42 30 52 436 14 29 117 460 62 23 72 595
internal_value=0.00812876 -0.0346093 0.00756492 0.0404237 0.0180121 -0.00121933 -0.0216298 -0.0208144 -0.0411952 -0.0324452 0.0342235 -0.0416503 0.00258013 -0.00533948 -0.0224134 -0.0409943 0.0394959 -0.0390105 -0.0418437 -0.0226679 0.0361391 0.021829 -0.0420459 0.0453133 0.0426481
internal_weight=2519.15 1084.19 146.317 1434.96 130.787 69.7414 72.4986 45.39 937.872 36.6775 24.3514 930.295 30.7406 22.6123 11.8365 29.2051 61.0456 41.758 924.995 11.4977 73.8179 15.1064 913.497 18.3888 1304.17
internal_count=34383 20817 1474 13566 1006 546 912 405 19343 353 141 19295 147 106 64 309 460 765 19261 146 562 102 19115 106 12560
is_linear=0
shrinkage=0.04


Tree=53
num_leaves=31
num_cat=0
split_feature=10 20 9 10 13 38 24 36 3 1 13 2 5 9 9 7 2 38 20 3 36 19 30 33 19 30 19 19 30 23
split_gain=2080.49 182.302 72.4168 43.3806 33.5974 25.1747 14.4592 13.3886 12.4598 9.28694 8.91246 4.82564 5.45777 4.38361 4.03935 14.1411 3.18298 2.90968 5.80294 2.58574 1.79834 1.68891 1.27849 1.17721 1.02372 0.9413 0.497525 0.407907 0.287208 0.0734102
threshold=0.11651583760976793 0.2098387032747269 0.65733855962753307 0.28174604475498205 0.21111111342906955 0.60138812661170971 0.041841737926006324 0.30000001192092901 0.91112279891967785 0.38750000298023229 0.30952382087707525 0.23904761672019961 0.77032968401908886 0.48331478238105779 0.80901724100112926 0.31016972661018377 0.62988328933715831 0.36785912513732916 0.53144779801368724 0.87715959548950206 0.43333333730697637 0.89699381589889537 0.66670167446136486 0.87500000000000011 0.72821971774101268 0.40631484985351568 0.943650782108307 0.71583852171897899 0.70175439119339 1.0000000180025095e-35
decision_type=2 2 2 2 2 2 2 2 2 2 2 2 2 2 2 2 2 2 2 2 2 2 2 2 2 2 2 2 2 2
left_child=1 2 9 4 5 7 17 19 14 25 28 -9 -13 -6 15 -4 -17 23 -19 26 -16 -22 -7 -3 -10 -1 -2 -15 -8 -5
right_child=3 6 8 29 13 22 10 11 24 -11 -12 12 -14 27 20 16 -18 18 -20 -21 21 -23 -24 -25 -26 -27 -28 -29 -30 -31
leaf_value=-0.040890062124107375 -0.043033869834902296 -0.042003387377122475 0.042333577317623307 0.042800758865705321 0.0080705864545350357 0.012689539908336645 -0.03051384870466051 0.036917481019036608 0.017868934423560929 0.030335360334744866 0.04157497196678045 -0.030659192884782232 0.023223389246011829 0.02013265252861017 0.032826880469702238 0.0021623194587056861 -0.033254793777932494 0.018251838653697561 -0.035622900715488619 -0.0054569864618645349 -0.0015510530871931775 0.024933325426120336 0.039357055688048037 -0.014432693206386524 0.041157269721151135 -0.0042420572807451776 -0.01281233663002862 0.042662494573481771 -0.0071194534178880553 0.03588600090674026
leaf_weight=39.189820751547813 21.45969561859966 877.9400320276618 6.2196116521954563 1193.2017151042819 8.1607905142009241 6.0276728495955494 3.4032913930714113 4.9602829590439788 6.9666532650589934 2.0693836361169806 4.2828153222799301 5.0228390879929048 3.8270809054374695 5.6451830416917792 10.204344891011717 5.4177666343748596 10.610239148139952 3.6509283781051618 7.2695623598992825 4.4414955228567115 8.4701026827096921 4.8180023729801169 13.449841804802416 4.635697826743125 47.40462563931942 1.5568166077136982 2.6287674345076075 52.277617927640676 2.5949019640684128 64.436334021389484
leaf_count=756 245 19092 26 11965 44 30 44 23 55 9 18 50 17 41 52 29 56 27 111 25 49 26 92 31 399 17 20 419 20 595
internal_value=0.00809101 -0.0344419 0.00744755 0.0402267 0.0177302 -0.00345798 -0.0410728 -0.02065 0.0259961 -0.0352379 0.00510674 0.010662 -0.00695596 0.0372015 0.0100985 -0.00205232 -0.0218057 -0.0416156 -0.0173319 -0.0357204 0.0210801 0.0095773 0.0324956 -0.0418846 0.0387249 -0.0396925 -0.0406778 0.0410302 -0.0237226 0.0424909
internal_weight=2432.24 1046.7 142.927 1385.54 127.901 61.8177 903.777 42.3402 100.111 42.816 10.281 13.8102 8.84992 66.0836 45.7401 22.2476 16.028 893.496 10.9205 28.53 23.4924 13.2881 19.4775 882.576 54.3713 40.7466 24.0885 57.9228 5.99819 1257.64
internal_count=34383 20817 1474 13566 1006 502 19343 380 692 782 82 90 67 504 238 111 85 19261 138 290 127 75 122 19123 454 773 265 460 64 12560
is_linear=0
shrinkage=0.04


Tree=54
num_leaves=32
num_cat=0
split_feature=12 6 20 13 23 38 11 1 38 24 3 29 6 9 9 1 24 3 23 9 20 28 12 13 4 4 38 38 3 12 38
split_gain=1971.94 194.203 42.6658 25.8801 24.9315 40.2841 23.2961 22.7705 21.7546 10.0796 6.85925 4.15941 3.70934 4.59519 3.56096 3.70381 5.1268 3.53269 3.52252 3.28838 1.78556 1.74085 1.60408 6.36912 1.05898 3.14218 0.99253 0.794362 0.441876 0.328304 0.186149
threshold=0.33165454864501959 0.6287311613559724 0.54186138510704052 0.30952382087707525 1.0000000180025095e-35 0.60138812661170971 1.0000000180025095e-35 0.31666667759418493 0.22028702497482303 0.10811688378453256 0.50441086292266857 0.7241005301475526 0.4475123286247254 0.80901724100112926 0.89512962102890026 0.13392857462167743 0.13961988687515262 0.8602094054222108 1.0000000180025095e-35 0.65733855962753307 0.45550055801868444 0.75000000000000011 0.4060333669185639 0.30952382087707525 0.83438816666603099 0.81302964687347423 0.82546606659889232 0.388277217745781 0.89176484942436229 0.30752871930599218 0.40795028209686285
decision_type=2 2 2 2 2 2 2 2 2 2 2 2 2 2 2 2 2 2 2 2 2 2 2 2 2 2 2 2 2 2 2
left_child=1 3 18 6 22 10 7 11 -5 21 -6 -1 -9 -14 15 -7 -17 -12 24 -13 -10 -4 23 -2 25 28 -18 29 -3 -8 -29
right_child=4 2 9 8 5 14 27 12 20 -11 17 19 13 -15 -16 16 26 -19 -20 -21 -22 -23 -24 -25 -26 -27 -28 30 -30 -31 -32
leaf_value=-0.041188697002380217 -0.0094820156254637328 0.016572042151449019 -0.0016206597629235577 -0.037979722006680969 0.012450383608264089 0.037963081082094424 -0.041818398993432197 0.032018533973779226 0.054066111854868072 0.025180417999720026 -0.044831432732322547 -0.030093258035518253 -0.01400685694227826 0.023030693781190607 0.041010227515711109 -0.025976058035749733 0.031683905601866187 -0.0070248909622376886 0.0002941346390728298 0.012492967987168011 0.017084172302074971 -0.041643061993856069 0.042528268541951721 0.037884408200911997 0.038906424020372053 0.00029548091849010893 0.0020655780123865668 -0.0065098730501402351 0.036403159264199771 -0.010618979166647554 -0.024980645602769979
leaf_weight=32.513960901647806 4.9777518548071411 6.8727919161319795 2.0524976067245069 8.8124100714921969 5.886565167456868 7.0703339874744442 838.74232655763626 7.9050568342208889 5.6853166744112951 3.720454014837741 12.467688705772163 3.8078677691519243 11.217880204319956 7.3592738211154929 53.437459781765938 4.3202137947082502 4.2505734711885452 6.4464291259646407 4.9469748772680751 4.7311970442533493 5.7805535346269608 18.292560588568449 1188.6905070841312 18.093667469918728 47.031732268631458 6.3980298042297354 3.0032223612070084 3.2263425961136809 15.494618840515612 1.8272808678448189 2.902389582246542
leaf_count=645 30 37 26 137 35 58 18906 34 26 22 133 63 50 33 495 28 39 46 38 27 34 311 12269 148 419 44 30 40 114 27 39
internal_value=0.00805701 -0.0330477 0.0183404 -0.0388361 0.0407044 0.0206693 -0.0398268 -0.0166755 0.00534931 -0.0270554 -0.0222027 -0.0348402 0.0117736 0.00130321 0.0356093 0.0182095 0.00290333 -0.0334212 0.0321803 -0.00807078 0.0394819 -0.037986 0.0422788 0.0275665 0.034282 0.0251159 0.0218719 -0.0416389 0.0317481 -0.0417705 -0.0187563
internal_weight=2347.97 1039.32 104.81 934.512 1308.64 96.8825 914.234 67.5352 20.2783 24.0655 24.8007 41.053 26.4822 18.5772 72.0818 18.6443 11.574 18.9141 80.7441 8.53906 11.4659 20.3451 1211.76 23.0714 75.7972 28.7654 7.2538 846.698 22.3674 840.57 6.12873
internal_count=34383 21072 1011 20061 13311 864 19864 852 197 359 214 735 117 83 650 155 97 179 652 90 60 337 12447 178 614 195 69 19012 151 18933 79
is_linear=0
shrinkage=0.04


Tree=55
num_leaves=28
num_cat=0
split_feature=10 20 8 10 13 7 33 9 36 7 31 9 5 38 12 1 31 31 38 20 9 8 22 31 23 12 38
split_gain=1900.81 171.226 59.593 38.1606 33.2354 30.0672 17.5419 14.1006 12.8786 6.73672 6.61551 6.5004 6.00155 5.95099 5.15717 3.76216 2.59947 2.31234 1.80293 4.78926 1.46392 1.3805 0.954722 0.335112 0.305068 3.4688 0.0442236
threshold=0.12060606107115747 0.2098387032747269 0.69631093740463268 0.29705883562564855 0.21111111342906955 0.60104459524154674 0.87500000000000011 0.5604878067970277 0.30000001192092901 0.30249267816543585 0.94286227226257335 0.65733855962753307 0.40778534114360815 0.60138812661170971 0.15793423354625705 0.44949495792388922 0.87379801273345958 0.88019788265228283 0.388277217745781 0.53144779801368724 0.37952858209609991 0.59675306081771862 0.87500000000000011 0.82611790299415599 1.0000000180025095e-35 0.5801178812980653 0.62815144658088695
decision_type=2 2 2 2 2 2 2 2 2 2 2 2 2 2 2 2 2 2 2 2 2 2 2 2 2 2 2
left_child=1 2 7 4 5 8 10 22 13 11 18 23 -10 -2 -12 17 21 -4 -3 -20 -6 -11 -1 -9 -5 -26 -7
right_child=3 6 15 24 20 26 -8 9 12 16 14 -13 -14 -15 -16 -17 -18 -19 19 -21 -22 -23 -24 -25 25 -27 -28
leaf_value=-0.040063385871944614 -0.043826453236297407 -0.041758234190167165 -0.006412639036569052 0.042700095017558282 0.011714729491924529 0.02058589559855499 0.015995586343752574 -0.016536388534489813 0.031799136194006448 -0.029931528786938225 -0.030436471916560272 0.049518217452801501 -0.017748536036569652 0.007187208534048032 0.02724599837074556 0.037681152838582942 0.0034132329187424181 0.025236343305754669 0.013422689484617801 -0.036370922701976269 0.03931213100740661 -0.0038332539315707242 -0.0047279687040313175 0.0014017423792062964 0.00052358489845385928 0.037704123343950215 0.04099971537353482
leaf_weight=28.919041369110349 24.142780706286434 820.16565069928765 5.6574546471238119 1089.3513439930975 4.8864285349845877 5.8790172338485744 7.8384472429752341 2.3822863325476629 7.0558974631130678 9.8384262695908564 3.2082735858857623 5.2101806998252869 5.514217734336853 3.5925379544496527 3.4252637475728989 57.25700519233942 9.4490212276577932 6.1781940087676048 3.517213046550749 7.3537326529622078 63.691580012440681 5.2642220743000498 1.7710263691842545 2.0565936490893364 4.2763731256127349 54.943707853555679 13.17164424061775
leaf_count=616 259 19236 30 11766 26 31 46 41 36 61 50 21 46 22 17 502 41 38 24 105 541 35 33 24 32 547 101
internal_value=0.00789508 -0.0339882 0.0079267 0.040037 0.0189784 -0.00292813 -0.0406375 -0.0193327 -0.022357 -0.00136653 -0.0411993 0.0244446 0.010128 -0.0369934 -0.00102681 0.0334385 -0.0124475 0.0110215 -0.0415165 -0.0203047 0.0376129 -0.0220026 -0.0383338 -0.0092021 0.0423548 0.0350802 0.0365831
internal_weight=2256 979.492 133.983 1276.51 127.934 59.3561 845.509 64.8908 40.3054 34.2007 837.67 9.64906 12.5701 27.7353 6.63354 69.0927 24.5517 11.8356 831.037 10.8709 68.578 15.1026 30.6901 4.43888 1148.57 59.2201 19.0507
internal_count=34327 20920 1442 13407 1062 495 19478 872 363 223 19432 86 82 281 67 570 137 68 19365 129 567 96 649 65 12345 579 132
is_linear=0
shrinkage=0.04


Tree=56
num_leaves=32
num_cat=0
split_feature=10 20 8 10 23 7 9 33 7 9 36 8 1 31 12 2 1 1 31 12 31 33 5 8 3 32 4 11 23 12 31
split_gain=1818.13 165.668 57.0025 40.6607 36.8275 22.021 14.0463 11.5275 9.28526 7.46319 15.0756 5.4531 5.10411 4.95921 4.33262 3.89114 6.00248 3.72789 2.19295 1.39361 1.19109 0.996771 0.874371 0.843819 4.84796 2.03281 0.763343 0.505176 0.374508 3.41088 0.00600536
threshold=0.11651583760976793 0.2098387032747269 0.69631093740463268 0.29705883562564855 1.0000000180025095e-35 0.60705992579460155 0.61620295047760021 0.87500000000000011 0.30249267816543585 0.62575301527977001 0.30000001192092901 0.062996033579111113 0.31666667759418493 0.94286227226257335 0.15793423354625705 0.72850123047828685 0.34848485887050634 0.44949495792388922 0.88019788265228283 0.38279198110103613 0.67434236407279979 1.0000000180025095e-35 0.68237251043319713 0.69309264421463024 0.67975163459777843 0.21111111342906955 0.90366768836975109 0.19399641454219821 1.0000000180025095e-35 0.5801178812980653 0.94475334882736217
decision_type=2 2 2 2 2 2 2 2 2 2 2 2 2 2 2 2 2 2 2 2 2 2 2 2 2 2 2 2 2 2 2
left_child=1 2 6 4 9 11 12 13 -8 10 20 -6 -1 19 -15 16 22 18 -4 26 -2 -12 -10 24 -11 -26 27 -3 -5 -30 -7
right_child=3 7 17 28 5 30 8 -9 15 23 21 -13 -14 14 -16 -17 -18 -19 -20 -21 -22 -23 -24 -25 25 -27 -28 -29 29 -31 -32
leaf_value=-0.040098108034381776 -0.032035912422984175 -0.012871194569160915 -0.0062208368978010631 0.042576760976445548 0.0060762544563396446 0.017274953095478197 0.040090876255305288 0.0079067484356066999 -0.0027533376152349049 0.045218857167280711 0.016227400378669418 -0.040918987061554966 0.015413063201998601 -0.030169382133044681 0.024222199227788607 -0.032231315642761132 0.025354195054995036 0.037336385207771945 0.024661055961686995 -0.011131468413024443 -0.0033446459583649914 0.045910016957755338 -0.027568864467782905 0.042245401371774779 -0.01135876466459965 0.01957548671349835 -0.0045760417320481707 -0.041695315643701179 0.00050342143488319184 0.037417595006873201 0.037272187828401457
leaf_weight=31.945994850248098 6.4425540640950221 2.75332486629486 5.6627049520611745 1049.6122267767787 4.0804580338299301 5.1567175835371 5.8371708169579533 7.1639882773160926 3.9762847088277393 9.3588000088930148 5.2142698727548114 22.740301910787821 1.9733737036585797 3.1328215375542632 2.9698600918054581 6.9854559600353232 7.0932975113391867 55.523318529129028 6.1059238761663437 3.8395762667059889 3.8387383297085762 8.4203777909278852 5.4309020042419434 48.127227805554867 4.6277112737297994 5.7850846722722054 1.318400066345929 789.58062829449773 4.2747600674629203 53.196742698550224 5.4578563496470451
leaf_count=704 51 61 30 11766 19 34 32 44 34 70 29 262 11 50 15 32 25 502 38 47 33 50 32 450 27 45 18 19203 32 547 34
internal_value=0.00786102 -0.0339934 0.00773029 0.0397316 0.0181883 -0.0147525 -0.019263 -0.0407179 0.00104931 0.0316639 0.011452 -0.0336446 -0.0362189 -0.0411695 -0.00399087 -0.0104831 0.000553607 0.0330099 0.0107157 -0.0414447 -0.0229493 0.0371875 -0.0188402 0.0383781 0.0265992 0.00603838 -0.0415687 -0.041621 0.0422187 0.0347361 0.0307532
internal_weight=2177.63 941.293 130.534 1236.33 129.25 37.4353 63.2425 810.759 29.3231 91.8148 23.9159 26.8208 33.9194 803.595 6.10268 23.4859 16.5005 67.2919 11.7686 797.492 10.2813 13.6346 9.40719 67.8988 19.7716 10.4128 793.652 792.334 1107.08 57.4715 10.6146
internal_count=34327 20878 1440 13449 1104 349 870 19438 155 755 163 281 715 19394 65 123 91 570 68 19329 84 79 66 592 142 72 19282 19264 12345 579 68
is_linear=0
shrinkage=0.04


Tree=57
num_leaves=30
num_cat=0
split_feature=10 20 8 10 39 7 24 31 8 36 13 13 8 10 6 36 7 4 33 31 5 24 19 5 19 39 12 11 19
split_gain=1739.18 160.109 54.0194 39.9964 34.9142 20.932 15.8745 7.81592 7.26916 13.8535 7.16942 5.79816 5.14246 4.55783 3.77338 3.48983 3.24934 3.06838 2.92029 2.91544 2.86484 2.77211 1.73243 1.31805 1.25992 0.445039 3.35326 0.140438 0.0772946
threshold=0.11651583760976793 0.2098387032747269 0.69631093740463268 0.29705883562564855 1.0000000180025095e-35 0.61730417609214794 0.041841737926006324 0.78844255208969127 0.69309264421463024 0.30000001192092901 0.45000000298023229 0.30952382087707525 0.062996033579111113 0.037749288603663451 0.50138315558433544 0.76666668057441723 0.50013899803161632 0.60120484232902538 0.87500000000000011 0.83178025484085094 0.50944742560386669 0.012000767979770901 0.65821567177772533 0.65648320317268383 0.90121948719024669 1.0000000180025095e-35 0.5801178812980653 0.19399641454219821 0.53681120276451122
decision_type=2 2 2 2 2 2 2 2 2 2 2 2 2 2 2 2 2 2 2 2 2 2 2 2 2 2 2 2 2
left_child=1 2 7 4 5 12 18 13 9 10 21 -8 -2 17 15 19 -4 -1 27 -9 -11 -6 -18 -21 -16 26 -5 -3 -14
right_child=3 6 16 25 8 -7 11 14 -10 20 -12 -13 28 -15 24 -17 22 -19 -20 23 -22 -23 -24 -25 -26 -27 -28 -29 -30
leaf_value=-0.038373792963205769 0.0059183839683247912 -0.015862756696520923 0.0050064987071803549 0.00049842618465610524 -0.0056141966325930119 0.031224007504298459 -0.016339722606003061 0.024028297262832558 0.042071432098109256 0.044357856354324696 0.021717677315564322 0.039882945885330798 -0.019294450074712227 0.020134913758757273 -0.026944703304517037 0.03625114820270213 0.010936287745174368 0.0047031041597676987 -0.0075000360498593465 -0.029260185951681051 0.011239263154874654 -0.044885493565222596 0.037878338841927019 -0.00015029802054613873 -0.0029021770437945927 0.042458496838931284 0.037131217605237049 -0.041478072754528403 -0.042699386511677422
leaf_weight=29.497131038457159 4.0827412642538574 2.9679940007627001 6.7477741762995711 4.2732095792889586 5.9314644299447554 10.07997917383909 4.6371447034180147 2.9947501532733467 47.156710281968117 18.136896915733818 6.2192407175898543 3.9686288759112358 4.311326868832114 1.4949724227190007 7.4639404192566854 3.9033971093595019 5.8013933449983588 2.3878338374197474 4.9188348427414885 3.2799252867698652 6.969646167010068 5.1096639782190323 53.000358790159225 4.7399949319660664 6.3158789128065109 1011.2127266526222 51.508524838835001 764.60089119151235 18.242871273308992
leaf_count=648 19 62 33 32 46 65 52 30 455 121 42 17 45 8 34 24 43 17 33 55 49 42 494 26 28 11766 547 19274 220
internal_value=0.00782907 -0.0338302 0.00760808 0.0395597 0.0179536 -0.0143986 -0.0406078 -0.0188625 0.031265 0.0181855 -0.008844 0.011368 -0.032616 -0.031604 -0.00318581 0.0101689 0.0325821 -0.0349743 -0.0412121 -0.00215625 0.0362905 -0.0270132 0.0355604 -0.0145789 -0.0173166 0.0420871 0.0343914 -0.0414117 -0.0397321
internal_weight=2101.96 908.721 127.627 1193.24 126.241 36.7169 781.093 62.0778 89.5236 42.3669 17.2604 8.60577 26.6369 33.3799 28.6979 14.9181 65.5495 31.885 772.488 11.0147 25.1065 11.0411 58.8018 8.01992 13.7798 1066.99 55.7817 767.569 22.5542
internal_count=34327 20878 1440 13449 1104 349 19438 870 755 300 130 69 284 673 197 135 570 665 19369 111 170 88 537 81 62 12345 579 19336 265
is_linear=0
shrinkage=0.04


Tree=58
num_leaves=43
num_cat=0
split_feature=23 13 24 8 9 7 32 2 24 3 30 9 1 19 2 9 8 20 2 22 35 24 24 4 21 9 13 29 2 6 1 20 9 13 1 4 3 9 20 8 35 31
split_gain=1312.46 202.75 187.668 159.615 25.2317 12.0862 10.542 9.27585 8.98757 7.833 6.24936 5.7347 5.63826 5.04761 6.92163 4.22922 3.46354 3.64302 3.39814 3.96927 3.38212 2.56571 2.33312 3.19369 2.06123 1.8992 6.12726 1.75662 1.5123 2.31036 1.39833 1.23635 1.10276 1.03582 0.955388 0.808221 0.775254 0.600841 0.521651 0.286691 0.0831701 0.0802701
threshold=1.0000000180025095e-35 0.30952382087707525 0.10811688378453256 0.69631093740463268 0.65345367789268505 0.31768727302551275 -1.0000000180025095e-35 0.72850123047828685 0.06138147599995137 0.93002474308013927 0.58875668048858654 0.94392031431198131 0.31666667759418493 0.86754387617111217 0.72046512365341198 0.7897985875606538 0.077677227556705489 0.30940108001232153 0.23294574022293094 0.32500000298023229 0.35000000894069677 0.041841737926006324 0.050641026347875602 0.64174234867095958 0.12500000372529033 0.50878274440765392 0.45000000298023229 0.89906084537506115 0.23904761672019961 0.14960411190986636 0.31666667759418493 0.79006174206733715 0.75147059559822094 0.58571431040763866 0.19090909510850909 0.86391696333885204 0.68660101294517528 0.49691358208656317 0.99717512726783764 0.73401361703872692 0.25000000745058065 0.4090802818536759
decision_type=2 2 2 2 2 2 2 2 2 2 2 2 2 2 2 2 2 2 2 2 2 2 2 2 2 2 2 2 2 2 2 2 2 2 2 2 2 2 2 2 2 2
left_child=1 3 9 4 6 34 24 12 11 16 22 13 18 36 32 -4 17 -2 19 -8 40 30 23 -5 31 26 28 -10 -3 -30 -11 -1 -15 -28 -6 -18 -7 -21 -17 -12 -20 -19
right_child=2 25 15 10 5 8 7 -9 27 21 39 -13 -14 14 -16 38 35 41 20 37 -22 -23 -24 -25 -26 -27 33 -29 29 -31 -32 -33 -34 -35 -36 -37 -38 -39 -40 -41 -42 -43
leaf_value=-0.022604879381877385 0.0092553154281382402 0.015658402529497548 -0.0013769807416193507 0.020817086669636872 0.042097055095298881 -0.011040504387412012 -0.030991732041825135 0.02917383024665066 0.0014931987717900436 0.0089928370884887043 0.018012640146592283 0.022510729636960276 0.0052227685957369208 0.00087465282505880867 -0.032964800815991666 0.041208191541726807 -0.041165762842495804 -0.030754774774019587 -0.042207069464174699 -0.0031884108529926141 0.0028696188914675404 0.022286988654182976 0.030754252591981654 -0.016978042908790344 0.0289561936568247 0.042184045939434957 0.020883393765108515 0.037210711129260124 -0.033827504720202392 0.012268805134969935 -0.025474361675431111 0.011199148392659302 0.031870274938875939 0.039678365427512324 0.013687212486063685 -0.0035415461867694419 -0.044693402062040553 0.018943987801182127 0.015950390915272804 0.038713418566505065 -0.02370717943389055 -0.009293073858077228
leaf_weight=1.9188972376286977 3.5375607796013382 2.8622430972754946 4.002496935427188 4.6603106297552568 8.0327335298061353 2.5511199533939424 8.35728497430682 2.5103522688150397 3.5439049601554853 1.6183947548270206 5.1693277135491362 3.2982180155813685 4.7583538591861716 3.0271199159324151 5.7592761591076851 46.062851510941982 650.50719690322876 26.331058040261272 85.223089139908552 2.5516206510365 2.5327269360423079 2.8226866759359837 4.0202975049614897 6.5706748217344284 3.8230327852070332 889.49023470655084 11.837788380682467 4.8678240329027176 2.373673964291811 1.8359116502106188 4.4931410327553749 1.9273004122078417 3.5595954358577728 50.635763332247734 5.0818074457347384 1.2443161047995079 11.752522133290766 2.7375510185956955 4.1298799254000178 127.35476600006223 7.4588806368410578 2.1266837939620009
leaf_count=48 50 33 40 42 84 31 194 27 35 22 43 16 55 42 53 477 16673 602 2094 47 48 17 44 49 43 10579 135 42 41 25 88 22 19 589 50 15 134 29 44 1389 171 46
internal_value=0.00779561 0.0323373 -0.0343096 0.00489732 -0.0208366 0.00261518 -0.030528 -0.0335225 -0.00880213 -0.0399284 0.0353275 -0.0190245 -0.0353056 -0.0252804 -0.00532452 0.0365645 -0.0404141 -0.0251211 -0.0371526 -0.0158048 -0.0399038 -0.00219552 0.00981968 -0.00043366 0.0125174 0.0415577 0.0328078 0.0245667 -0.00167218 -0.0152379 -0.0159091 -0.00674636 0.0204095 0.0367087 0.0335828 -0.0411029 -0.040279 0.00945863 0.0396603 0.0381216 -0.0411362 -0.0297366
internal_weight=2028.96 1282.08 746.876 323.049 175.273 51.4741 123.799 116.13 38.3596 692.681 147.775 29.9479 113.62 26.6496 12.346 54.1952 683.747 31.9953 108.861 13.6465 95.2147 8.93422 15.2513 11.231 7.66923 959.036 69.5454 8.41173 7.07183 4.20959 6.11154 3.8462 6.58672 62.4736 13.1145 651.752 14.3036 5.28917 50.1927 132.524 92.682 28.4577
internal_count=34327 16253 18074 4851 3284 506 2778 2665 372 17513 1567 295 2638 279 114 561 17386 698 2583 270 2313 127 135 91 113 11402 823 77 99 66 110 70 61 724 134 16688 165 76 521 1432 2265 648
is_linear=0
shrinkage=0.04


Tree=59
num_leaves=29
num_cat=0
split_feature=10 20 8 10 23 7 24 9 7 38 19 8 1 19 1 19 8 24 9 33 8 36 38 12 23 12 38 19
split_gain=1595.2 150.35 48.1481 38.7077 31.3488 18.8894 15.0086 13.2395 8.14785 7.5294 5.13433 5.10288 4.92943 4.42571 3.83171 5.72407 3.81321 11.3113 9.96035 2.74913 2.40664 1.71911 0.586543 0.693391 0.548443 3.27343 0.500349 0.185496
threshold=0.11651583760976793 0.2098387032747269 0.69631093740463268 0.29705883562564855 1.0000000180025095e-35 0.60705992579460155 0.041841737926006324 0.61620295047760021 0.30249267816543585 0.27338087558746343 0.86754387617111217 0.062996033579111113 0.31666667759418493 0.64365079998970043 0.44949495792388922 0.86576578021049511 0.69309264421463024 0.01673669554293156 0.74239632487297069 0.87500000000000011 0.8155706822872163 0.30000001192092901 0.36785912513732916 0.28577655553817755 1.0000000180025095e-35 0.5801178812980653 0.28706936538219457 0.59807693958282482
decision_type=2 2 2 2 2 2 2 2 2 2 2 2 2 2 2 2 2 2 2 2 2 2 2 2 2 2 2 2
left_child=1 2 7 4 9 11 19 12 -9 -2 13 -6 -1 -10 15 -4 17 21 -19 22 -8 -11 -3 -24 -5 -26 -13 -16
right_child=3 6 14 24 5 -7 20 8 10 16 -12 26 -14 -15 27 -17 -18 18 -20 -21 -22 -23 23 -25 25 -27 -28 -29
leaf_value=-0.039697320653149529 -0.014799444252799736 -0.041437156490230304 -0.017775602925886085 0.042239662791576177 0.0062810569610354788 0.029427635119686237 -0.011590260191316195 0.037907784714327125 0.0031265724649750816 0.016091250410386403 0.009201170426592787 -0.011594315505023082 0.015153596466858552 -0.04284449173505412 0.01462542492774907 0.032195716509859362 0.041638853121133773 -0.043873714316319264 0.020047780223573099 -0.0080606531283343771 0.025598979530756138 0.044511527249592946 -0.0023882485549224512 -0.028485300635604519 0.00048991740236438961 0.036641768738209145 -0.041829919208379737 0.037439360449050857
leaf_weight=28.843418151140217 4.5082922689616671 703.91745087876916 5.3829109445214254 939.36908691003919 4.0853271260857609 10.024290010333059 3.3679191283881647 5.8577772341668632 4.710408281534912 7.2596446909010437 11.200161233544348 2.468939300626519 1.9712372720241536 7.3033977225422859 3.3564248383045188 6.0103354603052139 43.572980046272278 5.1552741937339288 7.4887038543820381 4.9403133243322364 5.010448407381773 16.957862064242363 2.5317110568284971 6.4635179154574871 4.2264127507805815 48.710451982915401 18.668310459703207 47.440716825425625
leaf_count=704 43 19198 32 11766 19 68 38 32 25 50 52 46 11 46 24 36 452 38 54 33 31 118 39 99 32 547 216 478
internal_value=0.00775604 -0.0335241 0.00744848 0.0392381 0.017479 -0.0137433 -0.040418 -0.0178882 0.00151288 0.030473 -0.0094298 -0.0317955 -0.0355102 -0.0261305 0.0317382 0.00916743 0.0333123 0.0221834 -0.00767555 -0.0410415 0.010794 0.0374094 -0.041251 -0.0226877 0.0418429 0.0338043 -0.0392994 0.0363963
internal_weight=1960.8 848.308 122.077 1112.5 120.19 35.2469 726.231 59.8864 29.0717 84.9428 23.214 25.2226 30.8147 12.0138 62.1904 11.3932 80.4345 36.8615 12.644 717.853 8.37837 24.2175 712.913 8.99523 992.306 52.9369 21.1372 50.7971
internal_count=34327 20878 1440 13449 1104 349 19438 870 155 755 123 281 715 71 570 68 712 260 92 19369 69 168 19336 138 12345 579 262 502
is_linear=0
shrinkage=0.04


Tree=60
num_leaves=33
num_cat=0
split_feature=10 20 8 12 20 10 8 13 8 29 12 30 30 19 39 32 8 19 19 3 2 29 1 35 22 31 23 12 4 19 1 12
split_gain=1513.19 154.146 49.2106 32.884 26.1348 17.4371 17.2832 16.7372 12.2656 11.6634 13.0573 9.05045 8.13901 6.06084 5.82863 4.61898 6.65521 3.16834 5.16598 6.32773 3.07758 2.91883 2.86871 2.04022 1.96408 1.16381 1.14916 3.27994 0.876146 1.22 0.370635 0.155615
threshold=0.16333333402872088 0.23854447156190875 0.69631093740463268 0.23849330097436908 0.52060455083847057 0.29705883562564855 0.78086888790130626 0.45000000298023229 0.077677227556705489 0.71671876311302196 0.14671076089143756 0.81668415665626537 0.48521696031093603 0.90550595521926891 1.0000000180025095e-35 0.30952382087707525 0.75147059559822094 0.60660174489021312 0.92546296119689953 0.69181254506111156 0.23904761672019961 0.71898147463798534 0.31666667759418493 0.25000000745058065 0.67499998211860668 0.84571436047554027 1.0000000180025095e-35 0.5801178812980653 0.45199692249298101 0.66939890384674083 0.41428571939468389 0.22836096584796908
decision_type=2 2 2 2 2 2 2 2 2 2 2 2 2 2 2 2 2 2 2 2 2 2 2 2 2 2 2 2 2 2 2 2
left_child=1 2 9 15 13 6 7 8 -2 10 22 23 28 14 -5 31 20 -11 19 -19 -17 -4 -1 -6 -21 -23 -7 -28 29 -10 -8 -3
right_child=5 3 21 4 11 26 30 -9 12 17 -12 -13 -14 -15 -16 16 -18 18 -20 24 -22 25 -24 -25 -26 -27 27 -29 -30 -31 -32 -33
leaf_value=-0.040326720847367249 0.025175614060068425 -0.041507484659526778 0.00079667727459080688 -0.017159617162401993 -0.040699511605627292 0.042048685806906676 0.014450711588548604 0.039061455167781804 -0.0019885209575663775 0.022634764839843686 0.040388571761606235 0.028919866818362672 0.00028856380619182698 0.05910625821230972 0.035840152210793015 0.0055525427421846277 0.029375356438880861 0.02135944742770703 0.016159149410990382 -0.041211293880546999 -0.039856141588076502 0.008147571522184217 0.0080956774512244232 -0.0019710822217300617 -0.0052527606911113283 0.036949771415675209 -0.00099670976861921941 0.035244351684695363 -0.060409229025815123 -0.037148173812356092 0.041567021944450951 -0.017142756151216514
leaf_weight=31.237126410007477 8.1206151843071002 666.9593700543046 4.2067393735051146 5.0297737866640109 20.961104866117246 910.2309902831912 3.0525436997413626 12.769277602434157 2.6280672214925307 7.2605937272310248 2.4732612222433081 2.6103697046637526 9.0327603556215745 6.4667590074241152 5.0485283806920052 2.5234170742332918 2.7177586480975142 3.5179394558072117 9.8234728388488275 8.239887483417986 7.8010269813239574 3.3966200724244109 1.4389270842075337 2.618872456252574 3.8703806884586802 55.467310562729836 3.9959480836987487 45.240297995507717 6.2486857771873474 3.3369249850511551 36.681866839528084 3.5105525739490977
leaf_count=755 51 18811 29 46 388 11837 26 117 31 50 11 12 58 38 28 28 14 36 51 68 114 22 7 40 22 537 30 525 52 37 392 90
internal_value=0.00769436 -0.031633 0.0082166 -0.0388247 -0.00457415 0.0400679 0.0216814 0.00349764 -0.0131251 -0.0152442 -0.030746 -0.0288308 -0.0286566 0.0329211 0.0105691 -0.0409496 -0.0148667 0.00194106 -0.00483932 -0.0184806 -0.0290763 0.0332698 -0.0378128 -0.0367881 -0.0315278 0.0355302 0.0416 0.0322765 -0.0480325 -0.0255113 0.0400696 -0.0414205
internal_weight=1898.52 857.18 130.932 726.248 42.7354 1041.34 81.8707 42.1363 29.3671 67.8616 35.1493 26.1903 21.2464 16.5451 10.0783 683.512 13.0422 32.7123 25.4517 15.6282 10.3244 63.0707 32.6761 23.58 12.1103 58.8639 959.467 49.2362 12.2137 5.96499 39.7344 670.47
internal_count=34353 21197 1588 19609 552 13156 764 346 229 1000 773 440 178 112 74 19057 156 227 177 126 142 588 762 428 90 559 12392 555 120 68 418 18901
is_linear=0
shrinkage=0.04


Tree=61
num_leaves=32
num_cat=0
split_feature=10 20 9 10 39 9 13 24 9 12 9 1 12 3 6 1 1 9 19 4 1 19 39 12 20 12 19 19 30 12 29
split_gain=1447.29 151.651 50.1525 39.4916 26.788 16.2318 10.6421 13.0071 9.82219 8.81677 4.65441 14.0156 3.74761 3.5398 6.23807 8.75647 5.96732 3.37898 2.32219 1.28414 1.27497 1.24301 1.23363 3.21316 0.969075 14.0211 0.908522 0.906147 0.879195 0.0801711 0.0644377
threshold=0.11651583760976793 0.2098387032747269 0.80901724100112926 0.29705883562564855 1.0000000180025095e-35 0.91331186890602123 0.30952382087707525 0.02649122849106789 0.49691358208656317 0.1990172937512398 0.62575301527977001 0.095454547554254546 0.54181629419326793 0.91112279891967785 0.43088302016258245 0.31666667759418493 0.087121214717626586 0.33137255907058721 0.92403846979141246 0.45199692249298101 0.44949495792388922 0.62593284249305736 1.0000000180025095e-35 0.5801178812980653 0.30940108001232153 0.14671076089143756 0.91458967328071605 0.89323708415031444 0.55073565244674694 0.12016079202294351 0.90814155340194713
decision_type=2 2 2 2 2 2 2 2 2 2 2 2 2 2 2 2 2 2 2 2 2 2 2 2 2 2 2 2 2 2 2
left_child=1 2 8 4 5 12 24 29 -1 -6 11 17 26 14 15 16 -10 -11 20 -18 -4 -12 23 -5 25 -3 -2 30 -16 -8 -22
right_child=3 6 18 22 9 -7 7 -9 13 10 21 -13 -14 -15 28 -17 19 -19 -20 -21 27 -23 -24 -25 -26 -27 -28 -29 -30 -31 -32
leaf_value=-0.038882453271503713 -0.040847406103835228 -0.038806627084105386 0.0076205768146555518 -0.0010009834572231925 -0.017229609320055891 0.032832841844468469 -0.035899241903831494 0.040235283265742751 0.029241856915148037 0.00064383347617009816 0.0092121960425117794 -0.042182572766587878 -0.00021167202127468212 0.027106655471429954 -0.037691647113376255 0.037682557431304123 -0.000510828657869372 0.04051780813489117 0.042849913775090336 -0.032999251236830104 0.03538863894373695 0.039957866110967161 0.041944885692658834 0.034930821451618792 -0.041413773795350231 0.048547304577306286 -0.013690008684365309 0.0052090497351236663 -0.011834100118105777 -0.009581183005991591 0.021248837610490338
leaf_weight=21.543072424829006 15.399456141516572 18.921734083443884 7.632047824561595 3.9987770766019812 5.1309690289199343 7.8147913515567771 6.5489992164075357 4.8888936489820471 2.5860788747668293 4.5492708645761075 3.307314805686473 3.9327840320765963 5.9609585106372824 3.1853905022144309 7.6985728293657285 6.5960952788591376 2.5307924151420584 12.014575924724339 24.709500834345818 8.4131947420537454 14.745803050696855 50.669814229011536 876.66453405469656 43.861938256770372 639.3448563143611 2.0396261289715758 4.7122523598372927 3.307675175368785 5.3259680643677711 1.7230441868305204 12.755316086113451
leaf_count=571 211 529 42 30 49 53 118 23 26 28 30 30 32 21 50 30 38 87 243 143 129 518 11837 525 18684 26 41 35 25 24 125
internal_value=0.00766365 -0.0329307 0.00818579 0.0387394 0.0161651 -0.013136 -0.0403271 -0.00409701 -0.0184238 0.0286761 0.0321937 0.0143861 -0.0281524 -0.00520315 -0.00945758 0.00451639 -0.0136713 0.0304696 0.0324804 -0.0264865 0.0244281 0.0383647 0.0414794 0.0319068 -0.0410365 -0.0274558 -0.0359087 0.0279982 -0.0294137 -0.0326802 0.0303249
internal_weight=1832.51 794.497 121.03 1038.02 113.492 33.8875 673.467 13.1609 57.8792 79.6047 74.4738 20.4966 26.0727 36.3361 33.1507 20.1262 13.5301 16.5638 63.1503 10.944 38.4408 53.9771 924.525 47.8607 660.306 20.9614 20.1117 30.8088 13.0245 8.27204 27.5011
internal_count=34353 20882 1478 13471 1079 337 19404 165 904 742 693 145 284 333 312 237 207 115 574 181 331 548 12392 555 19239 555 252 289 75 142 254
is_linear=0
shrinkage=0.04


Tree=62
num_leaves=28
num_cat=0
split_feature=10 20 6 38 20 10 13 38 10 1 7 33 7 19 38 11 21 4 36 11 13 33 39 12 30 11 36
split_gain=1384.12 144.225 42.5881 37.8171 19.5218 17.3028 15.411 14.1212 12.2118 12.2888 11.1134 8.80776 7.87252 5.3563 4.76855 4.46935 2.85485 2.01795 2.42284 1.74481 1.33411 1.65099 1.31922 3.86455 0.856367 0.31541 0.240735
threshold=0.16333333402872088 0.23854447156190875 0.58512848615646373 0.36785912513732916 0.53144779801368724 0.29705883562564855 0.21111111342906955 0.63741767406463634 0.046536797657608993 0.31666667759418493 0.36174568533897405 0.87500000000000011 0.74539512395858776 0.87367022037506115 0.43274678289890295 0.50862327218055736 0.27500000596046453 0.82519841194152843 0.56666669249534618 0.55747640132904064 0.45000000298023229 0.62500000000000011 1.0000000180025095e-35 0.56715172529220592 0.41153609752655035 0.19399641454219821 0.36666667461395269
decision_type=2 2 2 2 2 2 2 2 2 2 2 2 2 2 2 2 2 2 2 2 2 2 2 2 2 2 2
left_child=1 2 8 11 13 6 7 14 9 16 -11 25 19 -5 -2 -16 24 18 26 -6 21 -8 23 -7 -1 -3 -4
right_child=5 3 17 4 12 22 20 -9 -10 10 -12 -13 -14 -15 15 -17 -18 -19 -20 -21 -22 -23 -24 -25 -26 -27 -28
leaf_value=-0.037450572345060017 -0.042927039846663038 -0.013212549459757623 0.034810790554179807 0.0093790927508222172 -0.041466697321902161 -0.0056486961076570369 0.0025904380440922459 0.034246982362868023 0.039150543767228874 0.037365968174163322 -0.01941172949290712 0.0021671221960516767 0.027716488873734235 0.057748669315005906 0.014387274701770033 -0.023113835561499131 0.011599210719079208 0.037115428698945893 0.001394539021018002 -0.00071564689821892514 0.041029530930560228 0.0330931544994841 0.041844821947057555 0.034720614813150766 -0.013297169046083326 -0.041229171825519668 0.016843658444349058
leaf_weight=32.700300719588995 6.1560862492769983 2.5553313605487338 8.0361040085554176 7.4825406037271041 11.812137601897122 3.4664849489927283 5.6530261337757093 11.667384617030619 4.5972659327089778 8.111984811723234 10.853239826858042 7.3229076117277137 2.5263538882136336 7.0986165963113308 8.5362291391938943 8.4515371937304717 1.3950215652585018 38.297471508383751 8.1940819434821588 1.9858990721404541 32.546186745166779 4.9170439839363098 844.26718293502927 43.066542595624924 5.1154524125158778 633.90864777937531 8.1651826351881009
leaf_count=813 78 60 58 54 186 25 57 107 27 36 58 47 12 38 54 50 19 423 53 26 368 50 11837 530 41 19186 60
internal_value=0.00763119 -0.0312664 0.00801315 -0.0385777 0.00436221 0.0397611 0.0210185 0.000990874 -0.0150717 -0.0203176 0.00572446 -0.0406489 -0.0244927 0.0361102 -0.0168444 -0.00456644 -0.0327249 0.0309825 0.0197327 -0.0362284 0.0365564 0.0193548 0.041362 0.0315355 -0.0348506 -0.04115 0.0280064
internal_weight=1768.89 800.159 125.466 674.692 30.9055 968.728 77.9275 34.8112 62.7733 58.176 18.9652 643.787 16.3244 14.5812 23.1439 16.9878 39.2108 62.6928 24.3954 13.798 43.1163 10.5701 890.8 46.533 37.8158 636.464 16.2013
internal_count=34353 21197 1588 19609 316 13156 764 289 994 967 94 19293 224 92 182 104 873 594 171 212 475 107 12392 555 854 19246 118
is_linear=0
shrinkage=0.04


Tree=63
num_leaves=37
num_cat=0
split_feature=10 20 9 10 39 5 38 9 9 21 9 7 6 1 38 9 33 21 19 36 9 7 2 39 12 19 1 29 31 4 29 7 19 38 11 11
split_gain=1323.95 142.365 45.5005 38.4321 24.6922 14.9359 10.6927 9.37045 8.22954 18.5201 5.57268 5.21797 7.1304 6.99864 5.1039 5.06223 3.591 3.16815 2.38885 2.30997 1.93805 1.88008 1.93602 1.40548 3.7716 1.15898 0.693633 0.671544 2.60615 0.468526 0.432338 0.164007 0.154923 1.29407 0.148702 0.0766701
threshold=0.11651583760976793 0.2098387032747269 0.80901724100112926 0.29705883562564855 1.0000000180025095e-35 0.91331186890602123 0.36785912513732916 0.49691358208656317 0.62575301527977001 0.075000001117587103 0.77459675073623668 0.35197180509567266 0.59156423807144176 0.31666667759418493 0.65848225355148327 0.65733855962753307 0.87500000000000011 0.32500000298023229 0.92403846979141246 0.30000001192092901 0.45512083172798162 0.71943116188049328 0.76506900787353527 1.0000000180025095e-35 0.56715172529220592 0.63373982906341564 0.10555555671453477 0.99861112236976635 0.93937537074089061 0.59720873832702648 0.53274002671241771 0.5750112533569337 0.86240702867507946 0.48293033242225653 0.36949598789215093 0.19399641454219821
decision_type=2 2 2 2 2 2 2 2 2 2 2 2 2 2 2 2 2 2 2 2 2 2 2 2 2 2 2 2 2 2 2 2 2 2 2 2
left_child=1 2 7 4 5 14 16 -1 9 30 20 13 29 15 17 26 35 34 21 -11 -8 22 31 24 -5 -10 -9 -23 -29 -13 -6 -4 33 -27 -2 -3
right_child=3 6 18 23 8 -7 10 11 25 19 -12 12 -14 -15 -16 -17 -18 -19 -20 -21 -22 27 -24 -25 -26 32 -28 28 -30 -31 -32 -33 -34 -35 -36 -37
leaf_value=-0.038595955653783535 -0.014410517726896884 -0.016709536210079024 0.011386883661039562 -0.0055206791058063512 -0.011717255837909529 0.031996171320808953 0.0060809786381561537 -0.00046202497092038853 0.0086359995749904165 0.0077631484626873382 0.022306553870316114 -0.016630758516676895 0.014836448433962314 0.037622670556547166 0.014796156924532263 0.01959690431853417 -0.0058353067263892736 -0.0034747492052441269 0.042418732964997971 0.043091712131097151 -0.033822804719579054 0.038129718767321005 -0.0037121523924712723 0.041748274229727926 0.034405246413349362 0.0054315997797347495 -0.033040238060783177 0.031401127611636936 -0.011220129230092846 -0.043233708411286521 -0.044246164949260466 0.027736229024418392 0.041501249292770118 0.033382699009157968 -0.043705262084552228 -0.041290584336788429
leaf_weight=20.12533126398921 2.3583814837038615 3.1685489714145652 5.7768523916602152 3.4799887537956229 2.3323969729244736 7.5139006376266471 1.8696649447083453 1.3026058562099949 3.3468706198036662 5.1011736616492263 5.6909524500370026 4.6245386227965373 5.3530685827136031 6.7904148623347274 2.9660364091396323 4.5157910212874413 5.2597765475511542 4.7698278278112403 23.272155843675137 9.5252315700054151 5.9142956100404263 12.536872029304506 6.7517427057027808 813.0044767037034 41.763056918978691 4.2926854975521556 5.8171581327915192 4.1364377588033667 2.5877751521766186 7.2387932986021042 5.5254591181874275 5.2955535799264908 34.893012531101704 10.94773533195257 15.139712361618875 602.78897921741009
leaf_count=571 25 77 26 25 20 53 21 24 32 36 41 35 31 30 17 25 38 24 243 64 112 143 53 11837 530 38 141 43 32 47 56 34 378 118 218 19115
internal_value=0.00760178 -0.0325954 0.0079662 0.0384032 0.0156887 -0.0128584 -0.0401422 -0.0177967 0.0280322 0.00706073 -0.00426959 -0.00493477 -0.0199176 0.00943391 -0.0274618 -0.00926256 -0.0409187 -0.0338853 0.0316698 0.032562 -0.0243464 0.0235069 0.0123835 0.0412474 0.0311624 0.0364042 -0.0281835 0.0320525 0.0157237 -0.0358417 -0.0377519 0.0216317 0.037965 0.0267852 -0.0412259 -0.041206
internal_weight=1707.78 740.817 116.125 966.96 108.712 32.7479 624.692 55.7677 75.9646 22.4843 13.4749 35.6424 17.2164 18.426 25.234 11.6356 611.217 22.2679 60.3574 14.6264 7.78396 37.0852 17.8241 858.248 45.243 53.4803 7.11976 19.2611 6.72421 11.8633 7.85786 11.0724 50.1334 15.2404 17.4981 605.958
internal_count=34353 20882 1478 13471 1079 337 19404 904 742 176 174 333 113 220 284 190 19230 267 574 100 133 331 113 12392 555 566 165 218 75 82 76 60 534 156 243 19192
is_linear=0
shrinkage=0.04


Tree=64
num_leaves=35
num_cat=0
split_feature=12 37 9 23 38 13 38 8 19 36 8 19 12 33 8 8 9 19 7 30 30 38 19 11 7 2 21 28 4 2 2 38 11 9
split_gain=1260.06 131.238 44.5586 40.1968 40.0661 27.5247 15.2175 9.29226 8.07635 5.02588 3.8859 3.22734 3.20374 6.21961 3.93107 6.29691 3.20339 5.49528 3.11523 6.04072 4.09801 2.37065 1.95544 1.51504 1.28099 1.62539 1.23238 0.97019 2.73495 2.18738 2.78504 0.674102 0.272671 0.244927
threshold=0.26597504317760473 1.0000000180025095e-35 0.80901724100112926 1.0000000180025095e-35 0.60138812661170971 0.30952382087707525 0.27338087558746343 0.5524578094482423 0.91458967328071605 0.30000001192092901 0.66210046410560619 0.38742592930793768 0.42895354330539709 0.62500000000000011 0.71535181999206554 0.45512083172798162 0.92403846979141246 0.81530213356018078 0.35197180509567266 0.5811329483985902 0.37687824666500097 0.36785912513732916 0.92403846979141246 0.37853831052780157 0.71943116188049328 0.76506900787353527 0.22500000149011615 0.75000000000000011 0.50316455960273754 0.49295215308666235 0.54110360145568859 0.8524155616760255 0.19399641454219821 0.60943254828453075
decision_type=2 2 2 2 2 2 2 2 2 2 2 2 2 2 2 2 2 2 2 2 2 2 2 2 2 2 2 2 2 2 2 2 2 2
left_child=1 2 7 12 8 21 10 27 11 -10 26 -5 13 14 15 -2 17 -6 20 -20 33 32 24 -13 25 -4 -7 -1 29 -29 -31 -19 -3 -9
right_child=3 5 22 4 16 6 -8 18 9 -11 -12 23 -14 -15 -16 -17 -18 31 19 -21 -22 -23 -24 -25 -26 -27 -28 28 -30 30 -32 -33 -34 -35
leaf_value=-0.039435375535903566 0.017124993355932906 -0.020013093249184419 0.022580743345628082 0.0041737687256814321 -0.018683248803336001 -0.039688467099420366 0.043758059804658647 -0.012971573233708619 -0.016143065644120127 0.036915257477451315 0.015053717710767162 -0.012896446849170892 0.041453273856479393 0.040637468171858294 0.031110285778139152 -0.036403314139784503 0.039645426006685844 0.032500123420604606 -0.030011821135346863 0.021215425560753731 0.045630870119236125 -0.0055860894481729248 0.042532753954232602 -0.04681475108510607 0.031710339762949881 -0.0015419261545270638 -0.0020612587283449666 -0.026199525158068063 -0.040747566036227763 0.032105148847993238 -0.013045227147324201 0.0048311972586986733 -0.041168824607192435 0.002306850476552972
leaf_weight=17.199705719947815 6.4211238883435744 5.5110085681080809 10.74425543099642 2.3374284096062246 4.1395290456712273 7.1252891086041945 8.2892713211476785 1.9968113154172926 4.8914899975061399 3.4787352941930294 2.4075856134295455 4.1270776931196478 811.39225006103516 20.834537833929062 5.2474909648299208 4.5431318208575249 34.176110964268446 10.112228788435457 7.2401684969663602 4.6681795343756676 3.3356137499213219 3.6371194683015338 21.804955266416073 15.725365493446587 18.769536603242159 6.2713430747389785 1.8850687742233274 2.7444129325449484 4.277481246739625 2.6126430779695511 3.0691848769783974 2.3413167968392363 583.37481419928372 1.969112806022167
leaf_count=479 41 120 59 29 39 120 49 44 55 21 20 39 12142 227 52 30 431 101 46 28 18 39 239 257 218 50 25 76 43 31 37 31 19101 16
internal_value=0.0075698 -0.032157 0.00865347 0.0382928 0.0111606 -0.0392792 0.00663526 -0.0189782 -0.0242204 0.00787944 -0.0220926 -0.0362517 0.0408689 0.026917 0.00721513 -0.00657511 0.0325744 0.0158958 0.00258787 -0.00954075 0.0208556 -0.040824 0.0321502 -0.0411917 0.0243347 0.0141682 -0.0332372 -0.0324014 -0.0196186 -0.00409131 0.0097263 0.0283816 -0.0410249 -0.00613093
internal_weight=1648.7 718.934 106.703 929.768 81.3293 612.23 19.7072 49.1133 30.5601 8.37023 11.4179 22.1899 848.439 37.0463 16.2117 10.9643 50.7692 16.5931 19.2099 11.9083 7.30154 592.523 57.5901 19.8524 35.7851 17.0156 9.01036 29.9034 12.7037 8.42624 5.68183 12.4535 588.886 3.96592
internal_count=34353 20858 1384 13495 1003 19474 214 818 401 76 165 325 12492 350 123 71 602 171 152 74 78 19260 566 296 327 109 145 666 187 144 68 132 19221 60
is_linear=0
shrinkage=0.04


Tree=65
num_leaves=34
num_cat=0
split_feature=12 6 39 10 8 33 13 1 6 2 13 38 14 4 4 29 2 8 31 29 38 24 29 1 30 39 12 4 7 13 8 31 6
split_gain=1228.28 119.25 30.648 27.1588 20.1514 14.6644 12.5945 14.5568 12.1995 11.9677 11.3603 13.3345 7.78089 5.86614 4.66575 4.22383 3.11318 4.84737 3.3672 2.93189 2.42653 2.23797 1.97544 1.68925 1.4757 1.33547 3.9929 1.03984 0.903535 0.800396 0.739168 0.703762 0.55942
threshold=0.30752871930599218 0.58512848615646373 1.0000000180025095e-35 0.29705883562564855 0.72065573930740368 1.0000000180025095e-35 -1.0000000180025095e-35 0.31666667759418493 0.4475123286247254 0.22684391587972644 0.30952382087707525 0.27338087558746343 1.0000000180025095e-35 0.84356173872947704 0.92907443642616283 0.74341753125190746 0.81530213356018078 0.83457711338996898 0.87379801273345958 0.8556150794029237 0.388277217745781 0.06138147599995137 0.77781432867050182 0.095454547554254546 0.39531622827053076 1.0000000180025095e-35 0.55562418699264537 0.75716626644134533 0.49085336923599249 -1.0000000180025095e-35 0.47413024306297308 0.39742122590541845 0.72225382924079906
decision_type=2 2 2 2 2 2 2 2 2 2 2 2 2 2 2 2 2 2 2 2 2 2 2 2 2 2 2 2 2 2 2 2 2
left_child=1 6 14 4 5 9 7 15 -9 31 20 30 24 16 -3 -1 18 -18 19 -4 -8 -6 -17 -7 -11 26 -5 -19 -26 -15 -12 -2 -20
right_child=3 2 13 25 21 23 10 8 -10 12 11 -13 -14 29 -16 22 17 27 32 -21 -22 -23 -24 -25 28 -27 -28 -29 -30 -31 -32 -33 -34
leaf_value=-0.040276192204495666 0.0060947060228293019 -0.039298145293427442 0.020058333384115938 -0.007304574737580255 0.0055830750273296514 0.03986061013829012 -0.040889248020660511 0.044595626900315398 -0.016839302276197506 -0.048527758993907738 -0.037449343755531952 0.03965692166258087 0.017955648119368436 0.037130579673533108 0.0089523063748051281 0.016214538236565545 -0.036785396791036512 0.025432157711743203 0.035304043024158765 -0.02007182832842232 -0.0022992839364461841 0.040443312676191952 -0.020705946940596527 0.0098134293061858929 -0.0024861795030621599 0.041566196901567591 0.034357167608346763 -0.0021606199876080105 -0.029237605747631835 0.014048497942889801 -0.002754392420839948 0.029537439954950999 0.011934018369503935
leaf_weight=25.668111883103851 4.612378675490616 16.428934970870618 3.7747794426977652 3.2668631896376601 3.7909810133278361 9.4459307901561242 550.41769170574844 7.488074433058503 10.164495851844547 12.073900699615484 6.8932477813214046 5.3131962344050399 3.5152484625577918 31.486794162541628 3.1678477302193633 3.0344252176582804 3.5562347918748838 3.04257582873106 9.2984132803976518 4.6213017236441374 2.8702647574245921 36.86199789494276 2.9943183325231075 5.9498669728636733 3.5938264243304721 757.67747210338712 42.20341644063592 3.3251299485564232 4.3930988013744354 5.5098417401313773 1.4426281284540889 4.7788701429963112 4.6718554906547061
leaf_count=709 31 446 32 22 29 82 18834 33 50 181 128 29 22 396 39 35 25 33 66 41 46 437 40 46 36 11899 565 33 38 50 26 33 48
internal_value=0.00754685 -0.031866 0.0112592 0.0387026 0.0173057 -0.000255692 -0.0381037 -0.0178723 0.0105665 -0.0152444 -0.0398101 -0.00326558 -0.0299718 0.0237285 -0.0311937 -0.0335352 0.0104898 -0.00719086 0.0183768 -0.001366 -0.0406979 0.0374903 -0.00241126 0.0301203 -0.0392795 0.0410366 0.0311324 0.0129258 -0.019722 0.034388 -0.0327194 0.0203981 0.0294319
internal_weight=1597.33 705.17 88.8837 892.164 89.0161 48.3631 616.286 49.3494 17.6526 32.9673 566.937 13.6491 23.5761 69.2869 19.5968 31.6969 32.2903 9.92394 22.3663 8.39608 553.288 40.653 6.02874 15.3958 20.0608 803.148 45.4703 6.36771 7.98693 36.9966 8.33588 9.39125 13.9703
internal_count=34560 21139 1209 13421 935 469 19930 867 83 341 19063 183 277 724 485 784 278 91 187 73 18880 466 75 128 255 12486 587 66 74 446 154 64 114
is_linear=0
shrinkage=0.04


Tree=66
num_leaves=33
num_cat=0
split_feature=12 9 36 10 30 36 13 1 13 38 13 6 4 33 33 4 2 23 38 7 2 12 38 30 23 12 36 9 1 2 19 19
split_gain=1174.77 118.655 28.6534 26.8728 17.772 17.7342 12.5946 17.0303 12.24 13.2461 10.6059 9.07377 7.02234 5.6392 5.21467 4.457 4.38568 5.87178 4.33027 3.74289 3.07593 2.10653 2.02827 1.59401 1.42194 4.41142 1.03278 0.843655 0.8241 0.658896 0.404666 0.231495
threshold=0.30752871930599218 0.81661397218704235 0.2333333417773247 0.29705883562564855 0.70736858248710643 0.30000001192092901 -1.0000000180025095e-35 0.31666667759418493 0.30952382087707525 0.27338087558746343 0.45000000298023229 0.44229741394519811 0.83438816666603099 1.0000000180025095e-35 1.0000000180025095e-35 0.78319624066352855 0.34178434312343603 1.0000000180025095e-35 0.40795028209686285 0.47113773226737982 0.6569296419620515 0.5801178812980653 0.388277217745781 0.43862789869308477 1.0000000180025095e-35 0.54181629419326793 0.2333333417773247 0.8589511811733247 0.44949495792388922 0.58499062061309826 0.82952776551246654 0.80600360035896312
decision_type=2 2 2 2 2 2 2 2 2 2 2 2 2 2 2 2 2 2 2 2 2 2 2 2 2 2 2 2 2 2 2 2
left_child=1 6 18 4 5 10 7 20 22 29 13 -9 14 21 27 28 -7 23 -3 -13 -1 26 -8 -18 -5 -26 -2 -4 -16 -10 31 -14
right_child=3 2 12 24 -6 16 8 11 9 -11 -12 19 30 -15 15 -17 17 -19 -20 -21 -22 -23 -24 -25 25 -27 -28 -29 -30 -31 -32 -33
leaf_value=-0.040071578931667455 -0.050348042408916188 -0.038280514650410241 -0.0002788319559675948 0.041479129235002986 0.03931559078432352 0.042329448502425232 -0.040829569559812436 0.044772391402024256 -0.036981160891965813 0.0393159334083042 0.027550525175324164 -0.029108266006697012 0.02305447109043101 0.0070008464135262061 0.011445576410353478 -0.010157973666564324 0.0038471819612617953 -0.021898393081477476 0.016795732827111994 0.0085988922978571542 0.0049897466485549222 -0.0045964369343561113 -0.0053855743272288236 0.036414115808936963 -0.010478281901235082 0.034121809899862604 -0.012590997439011417 -0.029587577409195678 0.033505282195005814 -0.0033443571950546214 0.038485396788834919 0.0040977300305134971
leaf_weight=26.942675247788433 12.729898866266021 15.330302542075517 2.3444850910455015 729.46892511472106 33.235455363988876 11.447524797171356 531.51757459715009 6.1655608676373985 6.6702923420816642 5.5842869803309432 4.8303812593221656 5.7212620824575415 4.4210871234536162 4.3704977240413418 6.483020465821034 5.86593248322606 4.0948300287127477 4.934000300243496 1.6456200182437886 8.1940998807549459 2.1598173491656771 2.6848266273736945 3.1783520672470322 6.0869386121630669 2.9921542778611174 41.216271530836821 2.6323955897241822 3.658020855858922 11.283434774726627 1.4641672633588312 30.419819431379437 2.3838760890066624
leaf_count=761 176 407 37 11899 401 95 18876 27 132 31 49 30 52 28 32 50 24 55 13 45 17 17 48 62 20 567 28 54 97 22 377 31
internal_value=0.00751433 -0.0316805 0.0126645 0.0385485 0.0170424 0.00253666 -0.0379236 -0.0176911 -0.0396819 -0.00203391 -0.0195471 0.0101501 0.0244405 -0.0310135 0.00917405 0.0175521 0.0250691 0.00929673 -0.0317142 -0.00800943 -0.036522 -0.0402746 -0.0406369 0.0254759 0.0409296 0.0307631 -0.0455747 -0.0203547 0.0270005 -0.0323247 0.0357332 0.0186177
internal_weight=1542.16 681.434 83.8356 860.724 87.0467 53.8113 597.598 49.1834 548.415 13.7187 27.248 20.0809 66.8597 22.4176 29.6349 23.6324 26.5633 15.1158 16.9759 13.9154 29.1025 18.0471 534.696 10.1818 773.677 44.2084 15.3623 6.00251 17.7665 8.13446 37.2248 6.80496
internal_count=34560 21139 1150 13421 935 534 19989 880 19109 185 298 102 730 249 270 179 236 141 420 75 778 221 18924 86 12486 587 204 91 129 154 460 83
is_linear=0
shrinkage=0.04


Tree=67
num_leaves=36
num_cat=0
split_feature=12 9 36 10 8 36 11 1 38 29 6 33 4 29 29 33 4 38 12 14 8 31 32 9 11 38 8 12 31 9 8 8 38 38 29
split_gain=1123.71 114.363 27.1372 26.5273 18.8136 16.9571 13.3697 15.3783 10.4931 11.5157 7.7179 6.97658 6.85873 6.30687 6.55661 4.93189 4.23902 4.20612 3.95206 3.57141 3.29986 2.7484 2.17592 1.82782 1.73598 1.66043 1.17817 1.01827 0.953396 0.804467 0.681808 0.529483 0.462714 0.0734414 0.070654
threshold=0.30752871930599218 0.81661397218704235 0.2333333417773247 0.29705883562564855 0.72065573930740368 0.30000001192092901 0.19399641454219821 0.31666667759418493 0.33504070341587072 0.48032534122467047 0.44229741394519811 1.0000000180025095e-35 0.83438816666603099 0.61486905813217174 0.88097617030143749 1.0000000180025095e-35 0.78319624066352855 0.40795028209686285 0.5801178812980653 1.0000000180025095e-35 0.70064935088157665 0.85071325302124035 0.21111111342906955 0.80243903398513805 0.3256866335868836 0.2390113100409508 0.062996033579111113 0.42895354330539709 0.86061349511146557 0.8589511811733247 0.2237871661782265 0.18350168317556384 0.54865220189094555 0.31432443857192999 0.84884920716285717
decision_type=2 2 2 2 2 2 2 2 2 2 2 2 2 2 2 2 2 2 2 2 2 2 2 2 2 2 2 2 2 2 2 2 2 2 2
left_child=1 6 17 4 5 11 7 21 19 -10 -9 18 15 -7 -15 29 28 -3 26 33 -12 30 -11 -6 34 -21 -2 32 -17 -4 31 -1 -5 -8 -14
right_child=3 2 12 27 23 13 8 10 9 22 20 -13 24 14 -16 16 -18 -19 -20 25 -22 -23 -24 -25 -26 -27 -28 -29 -30 -31 -32 -33 -34 -35 -36
leaf_value=-0.018457303266886042 -0.0093099771083239562 -0.037996123012815908 -0.00027213682841023686 0.0013200798268985881 0.0090369332901654564 0.039158696292043882 -0.041049743619621257 0.040188733457937408 0.045618331748537841 -0.03554943619686169 -0.02295236793511481 0.01207956473470726 0.013669029620349903 -0.02745978229000139 0.030460497399245352 0.0097334970854698506 -0.0098024567360050236 0.016524206414252215 0.0028538755898541101 -0.021028714955127085 0.012350398881591423 0.0028736948029559569 0.008451575359074778 0.040178107661251634 0.00057933193444975974 0.013367962553049638 -0.047800190863052573 0.04096302972728709 0.032905488057427469 -0.028924849220040488 -0.040107839101720832 0.0073733828951649026 0.024208252437013349 -0.018028764536211658 0.038639514848304371
leaf_weight=1.2999769542366331 2.3588274270296159 14.848308032378556 2.3442919682711389 2.7433583177626124 4.4791809096932402 13.678256420418622 503.38000722415745 6.467291526496413 3.6921052206307641 7.032236982136963 7.985003322362898 5.7458287179470053 2.4735514968633643 5.4313472770154458 3.9614612460136414 5.9379484131932321 5.9060779549181452 1.6325648613274086 3.2346923053264609 3.833390846848487 5.927388034760952 2.4842915665358296 1.4602138958871362 33.780821535736322 2.2056452669203273 2.3132034316658974 12.384624782949684 740.32631443068385 11.556764725595711 3.6275253165513277 25.747915979474783 0.94583118148148049 2.1838764697313309 3.7760798204690209 31.546951105818152
leaf_count=40 17 407 37 34 42 115 18632 28 28 168 39 42 34 56 31 34 50 13 22 64 36 31 11 424 27 14 186 12418 95 54 743 29 34 126 399
internal_value=0.0074829 -0.0314994 0.0124555 0.038399 0.0167983 -0.000329489 -0.0377812 -0.0174038 -0.0396951 -0.0025515 0.0090502 -0.0233651 0.02398 0.0232231 -0.00183875 0.00888906 0.0170926 -0.0313676 -0.0349891 -0.0405641 -0.00787109 -0.0347492 -0.0274072 0.0369983 0.0353392 -0.00774077 -0.0430659 0.0408246 0.0264441 -0.019866 -0.0381834 -0.00863686 0.0151784 -0.0409351 0.03749
internal_weight=1488.73 658.425 82.0796 830.309 85.055 46.795 576.345 50.8577 525.487 12.1846 20.3797 23.724 65.5988 23.0711 9.39281 29.3726 23.4008 16.4809 17.9781 513.303 13.9124 30.478 8.49245 38.26 36.2261 6.14659 14.7435 745.254 17.4947 5.97182 27.9937 2.24581 4.92723 507.156 34.0205
internal_count=34560 21139 1150 13421 935 469 19989 946 19043 207 103 267 730 202 87 270 179 420 225 18836 75 843 179 466 460 78 203 12486 129 91 812 69 68 18758 433
is_linear=0
shrinkage=0.04


Tree=68
num_leaves=34
num_cat=0
split_feature=10 20 38 29 33 36 3 2 38 13 38 1 29 29 8 31 10 10 2 2 1 3 23 38 33 10 22 10 3 2 10 29 10
split_gain=1071.86 121.514 37.2871 37.2662 31.182 13.0542 10.0937 11.6148 8.90946 8.39928 8.32927 7.26043 6.90063 6.90178 6.35695 5.09382 3.81221 3.7935 4.16554 2.84183 2.54796 2.47261 2.00972 2.22258 1.44356 1.1834 1.14147 0.903775 0.512883 0.5078 0.358494 0.0739509 0.0297029
threshold=0.11651583760976793 0.25728431344032293 0.54865220189094555 0.73520171642303478 0.62500000000000011 0.2333333417773247 0.91658571362495433 0.72046512365341198 0.22028702497482303 0.45000000298023229 0.388277217745781 0.44949495792388922 0.54086399078369152 0.89906084537506115 0.79095324873924266 0.84919497370719921 0.098387096077203764 0.3717105239629746 0.73746865987777721 0.62316370010375988 0.31666667759418493 0.84680041670799266 1.0000000180025095e-35 0.60138812661170971 0.87500000000000011 0.21583850681781772 0.37500000000000006 0.65942031145095836 0.8279307782649995 0.65419578552246105 0.13484849035739901 0.86711758375167858 0.12701612710952762
decision_type=2 2 2 2 2 2 2 2 2 2 2 2 2 2 2 2 2 2 2 2 2 2 2 2 2 2 2 2 2 2 2 2 2
left_child=1 3 4 8 5 9 7 15 11 17 24 29 26 -14 -9 19 -12 18 30 20 28 -18 -4 -24 -3 -25 -7 -27 -5 -1 32 -17 -2
right_child=2 10 22 6 -6 12 -8 14 -10 -11 16 -13 13 -15 -16 31 21 -19 -20 -21 -22 -23 23 25 -26 27 -28 -29 -30 -31 -32 -33 -34
leaf_value=-0.040339792911740127 -0.026128367712416299 -0.041027117976779888 0.041148841728379994 -0.015379381653099289 0.039389311567418449 0.048108406695965819 0.036587914299409177 -0.038721958102716343 0.035179875593721328 0.019470360041574829 -0.029134439614320475 0.016464068146709383 -0.031780860228664901 0.027183870323133592 0.014280022355427746 0.04057476626918969 0.036759683111300727 0.0058244679854608673 -0.00054555800977452887 -0.024742877304950155 0.031102873127374742 -0.0067944017405378735 0.00085733472811019785 0.0075700670710935839 -0.010596830197902011 0.039006096936584321 0.013562194124147504 0.020761214885295445 0.0061388955098541269 -0.0038204487351003002 -0.055724195232308399 0.01965693492815021 -0.0056831321764149369
leaf_weight=28.313812084496025 2.6001630984246864 500.0155131239444 684.28307477012277 2.7017840202897805 33.71039392054081 4.9145644754171389 35.590353928506374 9.0169491693377477 2.0490099955350152 3.8444048911333075 3.1568610146641713 3.3001445755362502 6.23060962744057 3.7550750263035297 4.2784036248922339 10.287800237536429 2.7169949654489756 2.3038523606955996 3.1109761185944071 3.0581673085689536 4.043419674038887 2.983614232391119 3.921531453728675 3.9196743443608275 3.8836800232529631 30.215670004487038 4.1824136935174465 12.852828115224836 1.6657971814274786 1.0016841627657402 12.58128125593066 5.6090051233768454 1.3802839890122416
leaf_count=873 67 19170 11938 52 470 40 454 46 13 41 58 25 73 31 45 54 28 24 23 25 20 33 23 22 29 417 26 194 21 9 159 35 22
internal_value=0.00744864 -0.0319606 0.0376564 0.0059147 0.0111904 -0.0105486 0.0214594 0.00735068 -0.0276625 -0.0284248 -0.0401532 -0.0331323 0.0137913 -0.00855956 -0.0215893 0.0218795 -0.00130781 -0.0377233 -0.0430991 0.0010396 0.0129151 0.0168569 0.040457 0.0302148 -0.0408276 0.0325512 0.0363701 0.0344782 -0.00710566 -0.0393522 -0.0504578 0.0355087 -0.0230004
internal_weight=1437.48 623.673 813.807 110.916 78.614 44.9036 76.2517 40.6613 34.6647 25.821 512.757 32.6156 19.0827 9.98568 13.2954 27.366 8.85747 21.9766 19.6727 11.4692 8.411 5.70061 735.193 50.9097 503.899 46.9882 9.09698 43.0685 4.36758 29.3155 16.5617 15.8968 3.98045
internal_count=34560 20990 13570 1672 976 506 752 298 920 336 19318 907 170 104 91 207 119 295 271 118 93 61 12594 656 19199 633 66 611 73 882 248 89 89
is_linear=0
shrinkage=0.04


Tree=69
num_leaves=34
num_cat=0
split_feature=12 20 9 10 8 36 10 20 4 8 2 3 29 29 19 11 3 2 10 1 22 24 38 24 23 12 29 22 30 21 19 19 19
split_gain=1027.88 112.761 41.9455 26.2287 17.6944 15.456 13.4336 15.1802 9.43514 9.28253 6.53988 14.7575 5.9025 6.11441 4.75739 3.77778 3.53284 3.41305 3.24376 3.21451 2.75477 2.21571 2.04591 1.74441 1.74185 4.36487 1.48905 1.57912 1.19306 0.627466 0.37222 0.295742 0.177613
threshold=0.30752871930599218 0.29716350138187414 0.67041200399398815 0.29705883562564855 0.72065573930740368 0.30000001192092901 0.11651583760976793 0.62233561277389537 0.82519841194152843 0.59675306081771862 0.72046512365341198 0.91658571362495433 0.61486905813217174 0.88097617030143749 0.92546296119689953 0.55747640132904064 0.87715959548950206 0.61257407069206249 0.22902098298072818 0.34848485887050634 0.42499999701976782 0.06138147599995137 0.22028702497482303 0.050641026347875602 1.0000000180025095e-35 0.54181629419326793 0.81750240921974193 0.92499998211860668 0.63206583261489879 0.075000001117587103 0.82952776551246654 0.80600360035896312 0.70412456989288341
decision_type=2 2 2 2 2 2 2 2 2 2 2 2 2 2 2 2 2 2 2 2 2 2 2 2 2 2 2 2 2 2 2 2 2
left_child=1 2 9 4 5 15 23 29 10 22 14 -12 -7 -14 16 18 19 -17 -2 -4 -11 -6 26 -3 -5 -26 27 -1 -9 -8 31 -10 -13
right_child=3 6 8 24 21 12 7 28 30 20 11 32 13 -15 -16 17 -18 -19 -20 -21 -22 -23 -24 -25 25 -27 -28 -29 -30 -31 -32 -33 -34
leaf_value=-0.040018542236187428 -0.043701475675534777 -0.04090565422922255 -0.022149707903320558 0.041236197798873393 0.0046622144752618104 0.037887429376625467 0.01281433947108632 -0.040225246697030571 0.024208481532856766 -0.01096382600454098 -0.038461915431532219 0.011713665530003178 -0.027059288870659132 0.02946978112009294 0.048424435145808041 -0.019937537559096372 0.029675140541555262 0.023109783969196617 0.00026910358906167279 0.015652197666746911 0.031872919821125202 0.039683999049026093 0.0077174815932346923 -0.0042350248732272461 -0.011636461617900738 0.033127222732373805 0.0032772502857750345 0.0020772928997940749 -0.0023522470054521375 0.042620031684203356 0.040181995247859204 0.0033988662231719154 0.034930557131766869
leaf_weight=32.06889964453876 11.103235654532911 476.43505431711674 5.881775472313171 651.32533587515354 3.6559370756149283 13.243372829630973 3.8139688130468157 8.7450783252716047 4.2309791482985011 3.1803913433104745 10.146141141653063 3.1705999597907057 5.3245104998350126 3.8237871304154396 6.0352882239967576 5.1653116326779109 6.3878173232078543 3.5516946241259575 3.1508158370852462 5.194496626034379 3.5894102770835161 32.417161386460066 1.0727792214602221 2.5355909131467333 2.9062662944197646 37.443072877824306 1.0243602767586697 1.175987385213374 1.776705153286456 4.1623811181634665 27.19194046035409 2.2067371718585491 4.6400032974779606
leaf_count=1076 160 18917 48 11899 29 115 41 163 54 44 62 37 56 31 34 57 34 26 24 26 39 437 13 28 20 567 16 32 12 29 358 30 46
internal_value=0.00741929 -0.0311428 0.00409372 0.0380821 0.0161752 -0.000568897 -0.0394379 -0.0054125 0.0218889 -0.0272292 0.0085671 -0.00907549 0.0222269 -0.00224241 0.0218468 -0.0229039 0.00942902 -0.00145254 -0.0346164 -0.0043821 0.0130384 0.0364451 -0.0352591 -0.040728 0.0406196 0.0295059 -0.0369763 -0.0384066 -0.0348477 0.0326036 0.0371995 0.0193391 0.0287403
internal_weight=1387.78 614.666 117.198 773.111 81.4358 45.3627 497.469 18.4981 75.0858 42.1118 41.4561 17.9567 22.3917 9.1483 23.4994 22.9711 17.4641 8.71701 14.2541 11.0763 6.7698 36.0731 35.342 478.971 691.675 40.3493 34.2692 33.2449 10.5218 7.97635 33.6297 6.43772 7.8106
internal_count=34560 21139 1949 13421 935 469 19190 245 729 1220 287 145 202 87 142 267 108 83 184 74 83 466 1137 18945 12486 587 1124 1108 175 70 442 84 83
is_linear=0
shrinkage=0.04


Tree=70
num_leaves=26
num_cat=0
split_feature=38 11 13 8 23 38 12 9 12 9 9 2 33 1 6 1 38 35 9 22 24 36 12 7 22
split_gain=991.994 98.3543 50.8864 33.6934 19.1396 23.6911 11.3317 7.38504 7.21307 7.11515 4.72916 4.21406 3.95916 3.86831 2.69493 3.08898 2.29146 1.99851 1.72036 1.67832 1.024 1.86655 0.577681 0.446894 0.427766
threshold=0.40795028209686285 1.0000000180025095e-35 0.45000000298023229 0.56294015049934398 1.0000000180025095e-35 0.63741767406463634 0.16701237112283709 0.80901724100112926 0.54181629419326793 0.92907443642616283 0.68703359365463268 0.31139971315860754 0.87500000000000011 0.31666667759418493 0.59156423807144176 0.13392857462167743 0.56897041201591503 0.15000000223517421 0.75147059559822094 0.87500000000000011 0.041841737926006324 0.2333333417773247 0.42895354330539709 0.30622577667236334 0.77500000596046459
decision_type=2 2 2 2 2 2 2 2 2 2 2 2 2 2 2 2 2 2 2 2 2 2 2 2 2
left_child=1 3 8 10 22 9 -4 13 12 11 19 -6 20 23 15 -7 -13 24 -15 -1 -3 -22 -2 -5 -9
right_child=4 2 6 7 5 14 -8 17 -10 -11 -12 16 -14 18 -16 -17 -18 -19 -20 -21 21 -23 -24 -25 -26
leaf_value=-0.039336457781028476 0.02983919627173939 -0.040436730314433664 -0.027001243547667444 -0.005125118454466217 0.01373913257482213 0.031422752927053287 0.038043417891030502 0.03577470651945084 0.020461187758543491 0.028216439650454023 -0.0043123748435616336 -0.04555024147439822 0.010297202495420302 0.026523962723945537 0.038187671554073307 -0.011618625998520883 -0.0086938016203095356 0.0042678782602607246 -0.0014602474879691935 0.0044556726808770829 -0.031071559368554602 0.0075999061310926931 0.041138224144282289 -0.030888601256947076 0.010518217047934184
leaf_weight=19.185501877218492 27.68682212755084 486.04892371222377 4.3132644332945373 2.5006248336285379 2.3083181194961133 3.4219598025083533 16.178757317364216 38.982755899429321 2.2439120002090922 3.0058271810412398 11.543721511960028 9.9359376076608878 1.8348690196871746 5.8548773527145368 34.632276326417923 4.2497701197862625 4.710846208035945 4.3521573245525351 5.7833879068493843 1.0297803413122881 3.0386993177235118 2.4142294991761446 641.34369949996471 2.9880691468715668 2.7933631464838973
leaf_count=624 314 19667 58 42 11 39 209 483 30 16 54 161 14 29 519 52 31 33 31 26 52 18 12028 40 32
internal_value=0.007357 -0.0302155 -0.037086 0.00706548 0.0387539 0.0169349 0.0232159 0.023789 -0.0396478 -0.0179593 -0.0257199 -0.0280956 -0.0399891 0.00111692 0.0334992 0.0095045 -0.0356503 0.0318927 0.0137989 -0.0367768 -0.040214 -0.0156899 0.0407409 -0.0226986 0.0345188
internal_weight=1342.38 611.087 516.073 95.0142 731.295 62.2649 20.492 63.2552 495.581 19.9609 31.759 16.9551 493.337 17.127 42.304 7.67173 14.6468 46.1283 11.6383 20.2153 491.502 5.45293 669.031 5.48869 41.7761
internal_count=34613 21442 20048 1394 13171 829 267 690 19781 219 704 203 19751 142 610 91 192 548 60 650 19737 70 12342 82 515
is_linear=0
shrinkage=0.04


Tree=71
num_leaves=32
num_cat=0
split_feature=10 20 8 38 23 24 33 36 9 9 10 2 3 30 19 30 1 3 6 29 29 19 1 23 38 30 22 8 33 19 10
split_gain=961.776 109.547 32.6595 30.6223 29.618 8.36569 7.98565 10.1186 7.02974 6.74119 5.29044 4.60419 4.53831 3.60294 4.84776 3.05615 5.78618 3.01883 2.29253 2.17673 1.84819 1.76839 4.43985 1.72247 2.37799 1.6104 1.5899 1.25595 1.21637 0.892869 0.467721
threshold=0.11651583760976793 0.2098387032747269 0.56294015049934398 0.54865220189094555 1.0000000180025095e-35 0.041841737926006324 0.62500000000000011 0.30000001192092901 0.80901724100112926 0.67041200399398815 0.31698563694953924 0.60922586917877208 0.84815320372581493 0.73129138350486766 0.40967366099357611 0.45104220509529119 0.31666667759418493 0.52858299016952526 0.57146459817886364 0.76323142647743236 0.57642194628715526 0.85857143998146068 0.44949495792388922 1.0000000180025095e-35 0.66794970631599437 0.74296593666076671 0.92499998211860668 0.059262510389089591 0.87500000000000011 0.82182541489601146 0.65942031145095836
decision_type=2 2 2 2 2 2 2 2 2 2 2 2 2 2 2 2 2 2 2 2 2 2 2 2 2 2 2 2 2 2 2
left_child=1 2 9 4 6 28 7 10 15 26 12 -11 17 14 -6 16 19 -2 -17 -4 -9 22 -10 -5 -25 -7 -1 -16 -3 -24 -26
right_child=3 5 8 23 13 25 -8 20 21 11 -12 -13 -14 -15 27 18 -18 -19 -20 -21 -22 -23 29 24 30 -27 -28 -29 -30 -31 -32
leaf_value=-0.039402939444167555 -0.0038171515251077715 -0.040813394084934451 -0.027566302852881273 0.041015360717788704 0.015333531671323031 -0.011757926185688381 0.040061358927667289 0.04922413968733768 -0.012534314423769096 0.019790231425204557 0.027013151623077915 -0.021187574520928957 0.011240326500589206 0.012757765416790086 -0.0081013417762522931 -0.029135413138526869 0.048471851119001229 -0.05209295880595885 0.0049800736574280762 0.015615336035414127 0.012173161051187511 0.039389079755586545 0.032884611603542648 0.0077115493215675407 0.037858598142010286 0.022385516969048256 0.0031952550323840461 -0.048197568831587156 -0.01081646019117509 0.0063498702212091071 0.020914463142746351
leaf_weight=20.608293903991584 3.3011956941336411 455.23729351349175 2.8065443988889474 609.94454480335116 1.6855214927345539 2.7792575415223828 31.407972898334265 6.1381242051720601 4.1723052412271526 6.6521379947662336 2.9493035823106757 7.4007553681731224 3.4573472179472438 1.8462553918361653 2.1728390194475642 4.5871521122753602 3.4089783281087875 5.3136350307613611 5.2011199444532394 1.7995289005339143 4.8153018727898598 23.773583725094795 14.393327556550505 7.7079362869262686 27.993100173771381 2.8931049294769764 1.1024516150355328 12.104070317000149 3.6077044010162345 3.3741278983652583 11.146448042243717
leaf_count=688 23 19482 60 11926 22 43 477 45 26 29 46 37 28 9 12 28 13 57 34 14 38 331 148 54 410 21 27 227 28 48 182
internal_value=0.00732642 -0.0318888 0.00615022 0.0375377 0.0130018 -0.0400192 0.0268869 0.00959298 0.0231928 -0.0237527 -0.0113666 -0.00162829 -0.023062 -0.0302182 -0.0361997 0.00158715 0.0180849 -0.03688 -0.0124718 -0.0103083 0.0363091 0.0312744 0.0204603 0.0403093 0.0300952 0.00631567 -0.0370121 -0.0434614 -0.0406168 0.0287491 0.0340201
internal_weight=1295.78 563.798 99.2803 731.984 75.1916 464.517 57.3829 25.9749 63.5167 35.7636 15.0215 14.0529 12.0722 17.8087 15.9624 17.8033 8.01505 8.61483 9.78827 4.60607 10.9534 45.7133 21.9398 656.792 46.8475 5.67236 21.7107 14.2769 458.845 17.7675 39.1395
internal_count=34613 21057 1483 13556 984 19574 714 237 702 781 154 66 108 270 261 149 87 80 62 74 83 553 222 12572 646 64 715 239 19510 196 592
is_linear=0
shrinkage=0.04


Tree=72
num_leaves=30
num_cat=0
split_feature=10 13 8 38 23 24 33 36 31 13 8 5 30 2 29 1 13 13 23 38 29 3 13 29 2 36 31 38 10
split_gain=920.118 100.643 31.3625 29.97 28.1228 12.0435 7.78262 9.58976 6.71134 6.15163 4.24842 3.88454 3.47551 3.64837 2.95179 5.4939 2.7483 2.45279 1.84922 2.35913 1.7984 1.55437 1.96937 1.47485 1.4469 0.889093 0.718735 0.681299 0.479663
threshold=0.11651583760976793 -1.0000000180025095e-35 0.56294015049934398 0.54865220189094555 1.0000000180025095e-35 0.041841737926006324 0.62500000000000011 0.30000001192092901 0.91035637259483349 0.45000000298023229 0.84680575132370006 0.65648320317268383 0.73129138350486766 0.22684391587972644 0.86711758375167858 0.31666667759418493 0.45000000298023229 0.13392857462167743 1.0000000180025095e-35 0.66794970631599437 0.57642194628715526 0.52125823497772228 1.0000000180025095e-35 0.74608466029167186 0.61257407069206249 0.96666666865348827 0.9462377429008485 0.45795448124408727 0.65942031145095836
decision_type=2 2 2 2 2 2 2 2 2 2 2 2 2 2 2 2 2 2 2 2 2 2 2 2 2 2 2 2 2
left_child=1 2 11 4 6 16 7 9 10 21 14 25 13 -6 15 23 26 -7 -5 -20 -9 -2 -23 -4 -13 -1 27 -3 -21
right_child=3 5 8 18 12 17 -8 20 -10 -11 -12 24 -14 -15 -16 -17 -18 -19 19 28 -22 22 -24 -25 -26 -27 -28 -29 -30
leaf_value=-0.038653801752447967 -0.00096958288814556098 -0.04087601102450629 -0.031504652996713671 0.040936624797491265 -0.0028003600645696383 -0.0086188371413941558 0.039829297858601141 0.04849733139170935 0.036390373333009873 0.023004069670216298 0.032773745409663116 0.0068218551017067766 0.012528456207045711 -0.046494882983904563 -0.016755441097044656 0.025617352547319117 -0.0076042571752825581 0.032192546466558836 0.00746346022896726 0.037596144520229802 0.011844624838819545 -0.012168014488646196 -0.055201054193992814 0.0051122335334773958 -0.017585044739522097 -0.0037945572841519178 -0.01049675892427915 -0.0097249445170452236 0.020526119370483958
leaf_weight=17.421118227764971 2.9221994429826754 435.67667718790472 3.312838042154918 587.1355819888413 4.3324642460793283 3.6412614174187174 30.357492577284575 6.0065101534128171 28.92130521312356 4.3884654156863681 7.4820287451148024 5.7446485459804517 1.836326703429221 11.239865601062773 8.3117894344031793 10.867954567074774 4.975334718823432 2.8927279338240623 7.6911488324403754 27.089769747108221 4.7897347994148731 4.6962775904685259 2.8502648305147886 1.9285469613969324 6.6005477719008923 1.7035537213087071 2.6306913103908292 2.3450382854789487 10.935305804014204
leaf_count=632 24 19413 62 11926 33 51 477 45 423 50 84 31 9 228 53 50 55 18 54 410 38 54 26 21 34 50 46 34 182
internal_value=0.00730008 -0.0317229 0.00623346 0.0373889 0.012838 -0.0394723 0.0265378 0.00942933 0.0228485 -0.0110669 0.00944561 -0.0253667 -0.0297138 -0.0357016 0.000672682 0.0104428 -0.0402668 0.0117658 0.0401987 0.029687 0.0356178 -0.026821 -0.0350412 -0.0191293 -0.00658173 -0.0360964 -0.0406052 -0.0407462 0.0336905
internal_weight=1250.73 544.456 92.2943 706.271 73.4196 452.162 56.0109 25.6535 60.8245 14.8572 31.9032 31.4699 17.4087 15.5723 24.4211 16.1093 445.628 6.53399 632.852 45.7162 10.7962 10.4687 7.54654 5.24139 12.3452 19.1247 440.652 438.022 38.0251
internal_count=34613 21057 1440 13556 984 19617 714 237 693 154 270 747 270 261 186 133 19548 69 12572 646 83 104 80 83 65 682 19493 19447 592
is_linear=0
shrinkage=0.04


Tree=73
num_leaves=31
num_cat=0
split_feature=10 20 38 8 23 24 13 3 31 9 30 8 5 30 9 31 7 9 30 23 38 10 12 30 8 24 13 11 10 31
split_gain=880.158 103.127 29.4825 29.2084 26.677 8.05214 7.16418 7.30528 6.92737 6.54015 5.90884 3.67989 3.39555 3.35364 5.01637 1.99312 3.40753 4.13076 3.08721 1.97674 2.33804 1.86789 1.62621 1.52155 1.18137 0.689852 3.95584 0.677573 0.490985 0.274038
threshold=0.11651583760976793 0.2098387032747269 0.54865220189094555 0.56294015049934398 1.0000000180025095e-35 0.041841737926006324 0.45000000298023229 0.48772154748439794 0.91035637259483349 0.67041200399398815 0.32498341798782354 0.94804319739341747 0.78192934393882763 0.73129138350486766 0.24807692319154742 0.82611790299415599 0.40037354826927191 0.80901724100112926 0.70175439119339 1.0000000180025095e-35 0.66794970631599437 0.18350168317556384 0.22836096584796908 0.74296593666076671 0.059262510389089591 0.02649122849106789 0.21111111342906955 0.36854232847690588 0.65942031145095836 0.99850746989250194
decision_type=2 2 2 2 2 2 2 2 2 2 2 2 2 2 2 2 2 2 2 2 2 2 2 2 2 2 2 2 2 2
left_child=1 3 4 9 6 25 7 27 11 -1 -9 15 -11 14 -6 -5 -17 -18 -19 -4 -21 -12 -8 -7 -16 29 -27 -2 -22 -3
right_child=2 5 19 8 13 23 22 10 -10 12 21 -13 -14 -15 24 16 17 18 -20 20 28 -23 -24 -25 -26 26 -28 -29 -30 -31
leaf_value=-0.036563876352576193 0.048487523380067642 -0.040828349645962513 0.040859595462043548 -0.01786126382394692 0.017875646810836303 -0.011626462429558081 0.0056595565887583412 -0.035554341607342076 0.036351761071315991 0.015203306446258218 0.025249418525655227 0.034971520076450997 -0.020080702430046712 0.012303142500523371 -0.0084352418292990335 0.030504318823786271 -0.023207505193362961 0.030704234731792689 -0.0084109152606510716 0.0072221853701343658 0.037331523003354232 -0.0065068983119534471 0.040578874889243458 0.021717871870025881 -0.047641878090813508 -0.033428964497935587 0.024382323265239262 0.015949306549110493 0.020140073611085354 -0.0081073028905775755
leaf_weight=20.333973625674844 3.4206098094582584 417.18866080977023 565.15857003256679 4.6429762840271023 1.5540863517671848 2.7388187628239384 2.8958449065685263 5.7672939356416455 28.528110183775425 7.5763161107897741 4.7652400713413936 5.363580957055091 6.4280429407954216 1.8265948891639698 2.2368208989500991 5.5375374089926508 6.8574202805757549 5.371936582028864 4.7305899374186993 7.6749471798539153 26.218823555856943 4.2707194723188877 29.382376424968243 2.8426641095429659 11.419865138828753 5.1013805735856286 1.3016343992203472 4.2516459599137306 10.731603320688007 1.3543688356876362
leaf_count=715 17 19304 11926 58 22 43 22 67 427 38 38 60 28 9 13 43 37 32 45 54 410 33 489 21 226 178 7 48 182 21
internal_value=0.00726806 -0.0315562 0.0372312 0.00597809 0.0126244 -0.0398697 0.0261237 0.00794486 0.0224094 -0.022861 -0.00851955 0.00906462 -0.00129884 -0.0292265 -0.0352145 0.0022379 0.00736789 -0.00200445 0.0133358 0.0400887 0.0292776 0.0111266 0.0378309 0.00597223 -0.0427291 -0.0404972 -0.0189025 0.0359495 0.0333584 -0.0407548
internal_weight=1207.47 525.898 681.575 95.3705 71.7911 430.528 54.7537 22.4755 61.0322 34.3383 14.8033 32.504 14.0044 17.0374 15.2108 27.1405 22.4975 16.9599 10.1025 609.784 44.6254 9.03596 32.2782 5.58148 13.6567 424.946 6.40301 7.67226 36.9504 418.543
internal_count=34613 21057 13556 1483 984 19574 714 203 702 781 138 275 66 270 261 215 157 114 77 12572 646 71 511 64 239 19510 185 65 592 19325
is_linear=0
shrinkage=0.04


Tree=74
num_leaves=34
num_cat=0
split_feature=10 20 38 8 23 13 22 31 11 13 8 5 12 8 5 19 31 29 19 19 22 23 38 12 22 31 19 8 35 4 10 12 19
split_gain=841.884 100.092 28.9189 27.6326 25.2984 7.00418 7.5507 6.77751 5.56118 5.20675 6.97448 4.3004 3.86812 3.55825 3.54293 3.04393 3.91762 2.74518 2.70652 3.78208 3.30828 2.10492 2.31479 1.62417 1.60254 1.42641 1.4147 1.2204 1.21786 1.19736 0.501655 0.184733 0.180116
threshold=0.11651583760976793 0.2098387032747269 0.54865220189094555 0.56294015049934398 1.0000000180025095e-35 0.45000000298023229 0.22500000149011615 0.91035637259483349 0.55747640132904064 0.30952382087707525 0.7103942632675172 0.18321678787469867 0.25051344931125646 0.94804319739341747 0.65648320317268383 0.4552139043807984 0.91429111361503612 0.57642194628715526 0.89871793985366832 0.65261757373809826 0.37500000000000006 1.0000000180025095e-35 0.66794970631599437 0.22836096584796908 0.92499998211860668 0.94475334882736217 0.88047617673873912 0.059262510389089591 1.0000000180025095e-35 0.9261208474636079 0.65942031145095836 0.86668249964714061 0.71902412176132213
decision_type=2 2 2 2 2 2 2 2 2 2 2 2 2 2 2 2 2 2 2 2 2 2 2 2 2 2 2 2 2 2 2 2 2
left_child=1 3 4 12 5 6 8 13 11 25 -11 -2 14 18 24 -6 27 -8 19 -5 28 -4 -23 -7 -1 29 -16 -17 -21 -3 -24 -32 -9
right_child=2 9 21 7 15 23 17 32 -10 10 -12 -13 -14 -15 26 16 -18 -19 -20 20 -22 22 30 -25 -26 -27 -28 -29 -30 -31 31 -33 -34
leaf_value=-0.038711965386864826 0.011419715566843432 -0.040779135629964595 0.040784131075262943 0.0161869360151621 0.010041105386492699 0.0054891135712429699 0.046088022322085427 0.015304450613821984 0.024309960925914312 -0.033094013604238241 0.028938485271290174 -0.043150085143728936 0.023018086574501075 0.034631356802094129 -0.018263279877685522 -0.0075886151214926917 0.0107001171326247 0.0053459190740062779 0.017878800063809114 -0.010752467769656843 0.0063077433740781584 0.0069917340952675589 0.037064519246559895 0.040416576046491369 0.0040961169004664214 -0.0092282379474135715 0.0056361007571321918 -0.047246993005668945 -0.047118091114707494 0.0030749613307816514 0.004874987766515875 0.022523689664705963 0.038156801640789773
leaf_weight=18.185654930770401 2.3077019676566142 401.53704503551126 543.98564513772726 5.915427962318069 1.9831289257854248 2.8882232457399395 5.6692205630242807 3.6696410775184658 3.0746948383748522 5.272768968716262 3.489298714324832 6.407165789976716 1.5578486174345005 5.2163048610091201 7.1304693818092328 2.1616451181471339 1.8635333254933346 4.8632493056356907 9.4367941319942457 3.7567020040005428 4.3781504686921835 7.6593121849000445 25.379215322434902 28.347265020012856 1.0586518738418806 3.4711496736854306 5.7578805088996887 10.653663536533712 3.5914404783397913 0.63889331929385562 2.407004050910472 8.1280731707811338 23.954421926289797
leaf_count=683 15 19353 11926 48 30 22 43 43 32 140 17 72 5 60 38 12 10 41 59 38 36 54 410 489 27 55 28 218 34 9 42 140 384
internal_value=0.00724032 -0.031383 0.0370769 0.00587386 0.0124521 0.0257411 0.00779193 0.0219976 -0.013353 -0.0397969 -0.00756476 -0.0287243 -0.0224358 0.00884091 -0.0257105 -0.0287233 -0.0347506 0.0302711 0.00217085 -0.00692067 -0.0193478 0.039979 0.0288669 0.0375849 -0.036062 -0.040459 -0.00798455 -0.0420917 -0.0335446 -0.0406895 0.0330237 0.019756 0.0360788
internal_weight=1165.8 508.019 657.779 93.6094 70.2195 53.5575 22.322 59.9189 11.7896 414.409 8.76207 8.71487 33.6905 32.2948 32.1327 16.662 14.6788 10.5325 27.0785 17.6417 11.7263 587.559 43.5736 31.2355 19.2443 405.647 12.8883 12.8153 7.34814 402.176 35.9143 10.5351 27.6241
internal_count=34613 21057 13556 1483 984 714 203 702 119 19574 157 87 781 275 776 270 240 84 215 156 108 12572 646 511 710 19417 66 230 72 19362 592 182 427
is_linear=0
shrinkage=0.04


Tree=75
num_leaves=37
num_cat=0
split_feature=12 13 23 29 9 19 13 3 12 1 8 2 1 8 29 8 10 19 13 8 12 10 8 8 10 33 29 12 3 19 30 10 6 30 3 14
split_gain=790.831 92.233 36.251 27.4394 25.9538 13.7447 9.47349 7.76849 7.60195 6.10915 5.76852 4.22185 4.51649 3.79493 3.89829 3.09879 8.01666 2.68491 2.37877 5.50447 5.92054 7.25725 2.34753 2.21074 2.29025 2.13168 1.89083 1.33027 0.676347 0.496623 0.409033 0.234905 0.234479 0.136866 0.136707 0.0929894
threshold=0.23849330097436908 -1.0000000180025095e-35 1.0000000180025095e-35 0.71671876311302196 0.92403846979141246 0.91366460919380199 0.45000000298023229 0.91658571362495433 0.54181629419326793 0.44949495792388922 0.57338553667068493 0.62316370010375988 0.38750000298023229 0.76028168201446544 0.84176135063171398 0.10620300844311716 0.17752101272344592 0.41421362757682806 0.36666667461395269 0.69309264421463024 0.5801178812980653 0.23904761672019961 0.45512083172798162 0.83047896623611461 0.28174604475498205 0.87500000000000011 0.77145501971244823 0.22836096584796908 0.88400581479072582 0.71902412176132213 0.063119813799858107 0.15075758099555972 0.73133391141891491 0.99354812502861034 0.39340351521968847 1.0000000180025095e-35
decision_type=2 2 2 2 2 2 2 2 2 2 2 2 2 2 2 2 2 2 2 2 2 2 2 2 2 2 2 2 2 2 2 2 2 2 2 2
left_child=1 3 18 9 5 8 25 11 17 -1 -8 12 26 14 -13 -7 -17 -4 19 20 21 22 31 24 -10 27 -5 33 -15 -9 -29 -2 -6 -3 -19 -22
right_child=2 6 4 7 32 15 10 29 23 -11 -12 13 -14 28 -16 16 -18 34 -20 -21 35 -23 -24 -25 -26 -27 -28 30 -30 -31 -32 -33 -34 -35 -36 -37
leaf_value=-0.04005516604048738 0.034070663691169657 -0.040643266896911084 0.0074761769865600803 0.018299938164642159 0.011449131074654435 0.049326155040842749 -0.026601999135186065 0.011267660116851689 -0.010727432458345882 0.018018303885495732 0.029282734771155398 0.0044675607553110817 0.04442475604315501 0.029541366209315797 -0.030688354986828755 -0.032150042110290961 0.032544458963649964 -0.012455534042777463 0.041149635288960963 0.039081342540628138 0.036940153701882895 -0.036199260995305294 -0.0066546543878089398 -0.023089137472939864 0.026055323326338888 0.0028182546980798618 -0.014780531864249897 0.0080893588434681508 0.0045523144416035602 0.036987918602613544 -0.014179550190560171 0.011963467831338137 0.039482553952046133 -0.0086746433129684664 -0.045078437901328365 0.010308125303670574
leaf_weight=18.339733589440588 4.2971741352230364 382.97649951279163 1.2281029708683551 3.7287103999406082 2.1217072829604176 3.1246986184269181 4.1930895652621967 3.1483268216252354 3.2458148598670942 2.4079958796501151 4.3646741006523371 9.1869670152664238 6.3173881806433201 3.0777579881250849 8.2498562075197679 3.483929477632044 6.2358086984604597 1.7314764950424457 480.54149137809873 62.113570958375931 12.045053672045466 4.4255035370588294 3.980559552088379 2.4612707719206801 5.030470859259367 1.518066070973872 4.1180213894695044 0.90349932573735658 4.0019415430724621 23.84192668274045 1.3745062164962289 4.0121802017092705 25.866156477481127 1.2558793611824501 16.039646627381444 1.8173401616513736
leaf_count=694 41 19112 29 54 32 20 55 42 20 21 33 59 28 32 40 72 80 18 10858 1329 253 49 38 39 72 14 47 36 43 392 53 34 435 18 380 40
internal_value=0.00747398 -0.0311555 0.0364637 0.00617591 0.00915598 -0.0104506 -0.0392903 0.0188507 -0.0250743 -0.0323609 0.00176052 0.00683246 0.0230064 -0.00326012 -0.0131422 0.0222625 0.00795411 -0.0393583 0.0397911 0.032186 0.0169463 0.000344061 0.0162299 0.00169246 0.0118739 -0.0402056 0.00130366 -0.0403922 0.0186707 0.0347449 -0.00518588 0.0269332 0.0380361 -0.0405763 -0.0431555 0.0348182
internal_weight=1126.81 483.005 643.802 86.4186 70.5691 42.5812 396.586 65.6709 29.7368 20.7477 8.55776 38.6806 14.1641 24.5165 17.4368 12.8444 9.71974 18.9992 573.233 92.6914 30.5778 16.7154 12.2899 10.7376 8.27629 388.028 7.84673 386.51 7.0797 26.9903 2.27801 8.30935 27.9879 384.232 17.7711 13.8624
internal_count=34612 20773 13839 1452 1197 730 19321 737 558 715 88 303 129 174 99 172 152 427 12642 1784 455 162 113 131 92 19233 101 19219 75 434 89 75 467 19130 398 293
is_linear=0
shrinkage=0.04


Tree=76
num_leaves=38
num_cat=0
split_feature=12 20 23 29 9 19 3 12 33 1 2 31 1 19 21 12 19 13 12 33 2 30 1 31 12 14 13 32 32 12 3 29 11 11 12 19 4
split_gain=756.157 93.2093 35.2864 25.7564 24.8201 13.0888 7.91121 7.28612 6.0012 5.52045 4.99541 4.36654 3.74879 3.75138 2.94242 4.72794 2.57893 2.53605 5.46038 2.56858 2.3393 2.86561 2.11602 3.06714 2.09282 1.98138 1.98603 3.71254 1.32469 1.34001 1.18585 1.10743 0.841116 0.693285 0.494171 0.453705 0.24864
threshold=0.23849330097436908 0.23854447156190875 1.0000000180025095e-35 0.71671876311302196 0.92403846979141246 0.91366460919380199 0.91658571362495433 0.54181629419326793 0.87500000000000011 0.44949495792388922 0.62316370010375988 0.86864736676216137 0.38750000298023229 0.81165540218353283 0.37500000000000006 0.42895354330539709 0.41967740654945379 0.36666667461395269 0.5801178812980653 1.0000000180025095e-35 0.72046512365341198 0.72733286023139965 0.13392857462167743 0.87577280402183544 0.052531633526086814 1.0000000180025095e-35 0.13392857462167743 0.30952382087707525 0.45000000298023229 0.22836096584796908 0.8279307782649995 0.83344778418540966 0.34500262141227728 0.62617477774620067 0.38279198110103613 0.71902412176132213 0.72834226489067089
decision_type=2 2 2 2 2 2 2 2 2 2 2 2 2 2 2 2 2 2 2 2 2 2 2 2 2 2 2 2 2 2 2 2 2 2 2 2 2
left_child=1 3 17 9 5 7 10 16 28 24 12 31 13 30 15 -7 -4 18 19 25 -13 -22 -9 -24 -1 26 -2 -28 29 -3 -5 -12 -18 -17 -21 -8 -6
right_child=2 8 4 6 36 14 35 22 -10 -11 11 20 -14 -15 -16 33 32 -19 -20 34 21 -23 23 -25 -26 -27 27 -29 -30 -31 -32 -33 -34 -35 -36 -37 -38
leaf_value=-0.039961787495182838 0.013981352794856211 -0.04073418298500639 0.0068080712039624647 -0.028471625562677311 0.011188117051431735 -0.027720517149713238 0.011030615278053744 0.017351031429448851 -6.4330020659708078e-05 0.017747982413491004 -0.0065333039256732141 0.022587449365464515 0.043516212510533843 0.031242749998049667 0.048438455682737205 0.0042398600447203262 -0.0097754746010248594 0.041088183418766501 0.038414961252212249 0.012675731862665102 -0.024870006607424316 0.01463818054838995 -0.034181950721146916 0.014662740516802854 0.0087062556616351334 0.02201579608608897 -0.042327666611208702 0.010138267136791938 -0.0064053642732036951 -0.0052716668836763191 0.0020417283538498145 -0.034670045149031666 -0.046108543357195435 0.032268443174600779 0.032356974686342264 0.036066758340738615 0.039299667872372233
leaf_weight=19.104691851884134 2.7582804523408431 365.5757646523416 1.2635637912899316 2.4662274643778783 2.1080576330423382 2.62639515660703 3.1168640963733223 5.2796596698462945 6.0455602407455435 2.3767739981412879 4.7243205197155493 7.3094225674867621 6.227239701896905 3.361489687114954 3.0871101003140202 2.6466986760497093 2.1757143940776613 462.37804250977933 62.450085449963808 6.8080784399062386 4.2676410898566228 4.1932110041379929 3.0397997573018074 2.3506071306765079 0.85270819626748462 3.3822230827063313 3.1911563668400049 2.832611721009016 2.556912947446107 2.2929869536310425 3.3721223622560501 5.0771532766520977 15.075419792905448 4.2258786708116531 8.7569045014679414 23.85145528241992 24.974015016108751
leaf_count=756 31 19022 30 48 33 63 42 55 51 21 36 50 28 40 20 31 19 10858 1450 71 26 40 40 36 24 38 36 33 40 90 33 29 378 58 125 397 434
internal_value=0.00744653 -0.0309658 0.0363085 0.00543502 0.00904697 -0.0102366 0.017682 -0.0246302 -0.0396916 -0.0304693 0.00614109 -0.00468648 0.0229754 0.00481822 0.0219818 0.00778636 -0.0388637 0.03967 0.0318258 0.0157109 0.00807026 -0.00569334 0.00158121 -0.0138756 -0.0372417 0.00135882 -0.0085976 -0.0201192 -0.0403345 -0.0405393 -0.0136603 -0.0237449 -0.0427211 0.024223 0.0256918 0.0339136 0.0378037
internal_weight=1088.18 466.773 621.41 90.3013 68.8529 41.7708 67.9671 29.1848 376.471 22.3342 40.9988 25.5717 15.4271 9.19984 12.5861 9.49897 18.5147 552.557 90.1793 27.7293 15.7703 8.46085 10.6701 5.39041 19.9574 12.1643 8.78205 6.02377 370.426 367.869 5.83835 9.80147 17.2511 6.87258 15.565 26.9683 27.0821
internal_count=34612 20773 13839 1570 1197 730 769 558 19203 801 330 181 149 121 172 152 427 12642 1784 334 116 66 131 76 780 138 100 69 19152 19112 81 65 397 89 196 439 467
is_linear=0
shrinkage=0.04


Tree=77
num_leaves=39
num_cat=0
split_feature=12 11 39 38 1 2 13 3 9 31 9 1 24 10 6 2 13 38 10 10 10 31 4 22 28 13 12 11 10 4 4 11 7 10 36 14 10 35
split_gain=723.077 88.2663 34.402 24.5872 21.7071 9.68378 9.25695 7.83529 5.78587 4.99657 3.82108 3.01925 6.23453 3.76132 2.9813 7.02915 2.65933 6.28542 2.79867 2.71023 3.44803 2.59516 3.35911 2.33 2.5369 1.78859 1.50959 1.32962 1.27006 1.01747 0.84604 0.6937 0.654525 0.648317 0.500899 0.482671 0.232843 0.0163713
threshold=0.23849330097436908 1.0000000180025095e-35 1.0000000180025095e-35 0.58716276288032543 0.34848485887050634 0.19433516263961795 0.45000000298023229 0.87952226400375377 0.92907443642616283 0.86667150259017955 0.92403846979141246 0.10555555671453477 0.077777776867151274 0.65942031145095836 0.79063245654106151 0.61257407069206249 0.36666667461395269 0.62815144658088695 0.15075758099555972 0.31698563694953924 0.23904761672019961 0.87379801273345958 0.79205974936485302 0.72499999403953563 0.75000000000000011 0.21111111342906955 0.22836096584796908 0.65419578552246105 0.11269841343164445 0.61633428931236278 0.67028987407684337 0.19399641454219821 0.21655924618244174 0.12060606107115747 0.2333333417773247 1.0000000180025095e-35 0.74456521868705761 0.25000000745058065
decision_type=2 2 2 2 2 2 2 2 2 2 2 2 2 2 2 2 2 2 2 2 2 2 2 2 2 2 2 2 2 2 2 2 2 2 2 2 2 2
left_child=1 4 3 5 7 -2 26 23 27 34 11 -5 -13 -14 15 -6 17 18 33 20 25 -17 30 29 -25 -20 31 37 -28 -1 -23 32 -3 -4 -8 -33 -12 -7
right_child=2 6 16 10 14 8 9 -9 -10 -11 36 12 13 -15 -16 21 -18 -19 19 -21 -22 22 -24 24 -26 -27 28 -29 -30 -31 -32 35 -34 -35 -36 -37 -38 -39
leaf_value=-0.034442139906507234 0.021006491282095578 -0.02375992186684071 0.0092480416219047797 0.032314974351373274 0.046103727930950911 -0.044259601580700823 -0.032083213225785279 0.018957354419035684 0.019500544919943883 0.029659273549478084 0.039075059860760285 -0.039752637963669207 0.029753300512218681 -0.020217163154541806 0.035045816382787733 -0.017716752277681977 0.041028443675565289 0.037982329185763823 -0.0076446766192507622 0.027983344174170824 -0.030171930948196576 0.0036766415659482176 -0.014553450397801076 -0.024668338738008638 0.022570370902820654 0.023942137964461402 -0.020091577162362588 -0.00064322793267066597 0.018844649260357928 -0.0073006467155756569 0.028439328432057098 -0.040630057714702461 0.0028704045974376558 0.038792117599555614 -0.0043850189833495702 -0.0085578868868539 0.0097395096674981405 -0.01046567603992145
leaf_weight=19.96397357061506 5.6827925425022867 2.1842033527791496 3.0708526186645058 5.4467803053557899 6.2579204738140133 15.801072044298062 2.3131933622062189 6.4383044168353072 1.9588036909699429 3.8260960578918457 22.51012131199241 2.9154956862330428 6.6668145917355996 2.0253608711063862 20.288877096027136 5.9607900157570866 444.88392177596688 63.964280482381582 4.4888469316065329 3.2840155921876422 4.3531517349183551 3.6903295181691629 4.6262421682476988 1.7848760541528452 2.3623706735670567 3.978205494582653 1.5664266552776092 1.3384583070874203 0.78618767112493504 3.684771239757537 7.3035834617912769 352.33725980110466 1.7041220013052223 4.5292226653546095 2.3092356901615858 1.7870263122022141 1.7401260919868935 1.1998547296971072
leaf_count=675 49 94 41 70 27 420 31 43 10 26 423 20 90 35 374 34 10858 1515 33 63 48 26 54 58 27 50 77 7 14 27 64 19023 24 34 31 44 34 39
internal_value=0.00741802 -0.0307754 0.0361544 0.00894207 0.00654001 -0.0207539 -0.0391091 -0.0173101 -0.0332645 0.00170621 0.0277344 0.0116319 -0.000589836 0.0164227 0.0235685 0.0137866 0.0395558 0.0314982 0.0127091 0.0023374 -0.00644586 0.00184509 0.0103225 -0.0263693 0.000577636 0.00828028 -0.0400761 -0.040158 -0.00430577 -0.0309571 0.0215943 -0.0402882 -0.0141881 0.0303553 -0.0227034 -0.0405091 0.0376734 -0.0429509
internal_weight=1051.01 451.176 599.838 67.2857 82.362 25.981 368.814 34.2343 20.2982 8.44853 41.3047 17.0545 11.6077 8.69218 48.1277 27.8389 532.552 87.6686 23.7043 16.1042 12.8202 21.5809 15.6202 27.796 4.14725 8.46705 360.365 18.3394 2.35261 23.6487 10.9939 358.013 3.88833 7.60008 4.62243 354.124 24.2502 17.0009
internal_count=34612 20773 13839 1197 1409 525 19364 830 476 88 672 215 145 125 579 205 12642 1784 269 194 131 178 144 787 85 83 19276 466 91 702 90 19185 118 75 62 19067 457 459
is_linear=0
shrinkage=0.04


Tree=78
num_leaves=30
num_cat=0
split_feature=10 20 10 20 9 3 13 19 8 24 3 2 9 19 8 21 38 19 36 39 38 39 31 10 2 4 8 24 24
split_gain=690.095 93.2153 28.0526 27.7419 26.1223 20.3304 10.7496 7.4509 7.14807 5.79467 5.5824 5.27356 4.77552 3.68867 3.64089 3.57138 1.92506 1.7863 1.69953 1.59739 5.47298 1.10555 0.948701 0.870234 0.867684 1.76686 0.792967 0.0622268 0.422438
threshold=0.11651583760976793 0.29716350138187414 0.29705883562564855 0.53144779801368724 0.67041200399398815 0.93335816264152538 0.45000000298023229 0.92403846979141246 0.66210046410560619 0.050641026347875602 0.90834251046180736 0.61257407069206249 0.96051946282386791 0.65261757373809826 0.68614074587821972 0.12500000372529033 0.18709722906351092 0.71902412176132213 1.0000000180025095e-35 1.0000000180025095e-35 0.54865220189094555 1.0000000180025095e-35 0.99850746989250194 0.21583850681781772 0.67028987407684337 0.80874970555305492 0.59675306081771862 0.033712122589349754 0.037152059376239784
decision_type=2 2 2 2 2 2 2 2 2 2 2 2 2 2 2 2 2 2 2 2 2 2 2 2 2 2 2 2 2
left_child=1 4 3 21 8 6 12 10 16 22 11 -6 15 -13 -15 18 26 -12 -5 20 -4 -2 27 -8 -9 -26 -1 -3 -29
right_child=2 9 19 5 7 -7 23 24 -10 -11 17 13 -14 14 -16 -17 -18 -19 -20 -21 -22 -23 -24 -25 25 -27 -28 28 -30
leaf_value=-0.034945310057759485 0.018389885733107146 -0.040655832974983507 -0.022356956706049966 -0.016452149194831067 0.019566613387618281 0.03680396934286994 0.00030242763347906399 0.057593760985327196 0.019816110535123888 0.0061709491777668423 0.0014096092114019307 0.013454645502295946 0.01266616732075177 -0.042893109884152361 -0.0030804513873627782 -0.0076774488191937397 0.012379074851102194 0.032900119337476247 -0.056710328683504632 0.04053147385738206 0.03229157255751576 0.041856957712035396 -0.00038470750216364896 0.02891677056602366 0.0067482392728146958 0.03639558181841826 -0.0047221948899628819 -0.00019257098820118783 -0.024587018494990537
leaf_weight=25.672660809010274 7.8720994293689719 336.3707539010793 2.0419119596481314 3.7266443027183547 9.5405997913330811 9.6544230096042138 2.3648289553821078 3.7544182240963009 4.001682272180914 3.8540784157812586 3.8778382577002075 4.2793896291404989 1.9654919020831574 6.4996483568102104 7.1814846470952034 4.5695615634322158 0.69915974140167136 12.381217185407875 13.873321523889897 463.7473027985543 31.170984622091055 28.649591226130724 0.92827730625867744 3.3485502079129219 5.362447606399658 12.408274970948694 2.1246532350778571 1.4827848467975848 1.8037465196102855
leaf_count=1125 62 18894 12 49 56 170 23 22 37 36 50 29 23 46 53 46 24 194 244 11939 599 405 16 51 52 217 42 40 56
internal_value=0.00738683 -0.0300914 0.0363188 0.0133218 0.0043062 -0.00976679 -0.0259993 0.0187916 -0.0242577 -0.039841 0.00871014 -0.00237735 -0.0373152 -0.0148205 -0.0244263 -0.0424844 -0.0312435 0.0261449 -0.0501772 0.0397839 0.0279962 0.0377338 -0.0403943 0.0190529 0.0372954 0.0287562 -0.0330437 -0.0405042 -0.0167537
internal_weight=1015.21 442.223 572.985 76.0245 97.7835 39.5028 29.8484 65.2853 32.4982 344.44 43.7602 27.5011 24.135 17.9605 13.6811 22.1695 28.4965 16.2591 17.6 496.96 33.2129 36.5217 340.586 5.71338 21.5251 17.7707 27.7973 339.657 3.28653
internal_count=34612 20989 13623 1073 1947 606 436 719 1228 19042 428 184 362 128 99 339 1191 244 293 12550 611 467 19006 74 291 269 1167 18990 96
is_linear=0
shrinkage=0.04


Tree=79
num_leaves=33
num_cat=0
split_feature=10 11 10 29 38 33 30 36 8 11 1 38 33 32 21 38 4 7 19 36 38 19 22 19 23 38 1 6 2 19 8 8
split_gain=659.682 81.0522 27.5382 20.5522 15.7377 15.6893 11.8656 7.33168 6.81422 5.16086 4.88274 3.85786 3.22625 3.19652 3.28808 3.34756 3.15634 2.99996 5.63147 2.62109 5.85025 2.32885 1.76098 1.68774 1.67614 5.29453 1.33469 1.1694 2.32287 0.916942 0.512507 0.363881
threshold=0.11651583760976793 0.19399641454219821 0.29705883562564855 0.71671876311302196 0.36785912513732916 1.0000000180025095e-35 0.76274141669273388 0.36666667461395269 0.76028168201446544 0.3910194486379624 0.44949495792388922 0.052538979798555381 0.87500000000000011 0.45000000298023229 0.12500000372529033 0.69403594732284557 0.82519841194152843 0.30249267816543585 0.86754387617111217 0.36666667461395269 0.388277217745781 0.70412456989288341 0.17500000447034839 0.82952776551246654 1.0000000180025095e-35 0.54865220189094555 0.44949495792388922 0.350877195596695 0.54110360145568859 0.71902412176132213 0.64051282405853283 0.73765182495117199
decision_type=2 2 2 2 2 2 2 2 2 2 2 2 2 2 2 2 2 2 2 2 2 2 2 2 2 2 2 2 2 2 2 2
left_child=1 3 5 10 12 6 7 13 17 -6 11 -1 -3 14 15 31 -11 27 21 20 -7 -19 -22 -9 -4 -26 -10 28 -5 -28 -20 -2
right_child=2 4 24 8 9 19 -8 23 26 16 -12 -13 -14 -15 -16 -17 -18 18 30 -21 22 -23 -24 -25 25 -27 29 -29 -30 -31 -32 -33
leaf_value=-0.039683522469815484 -0.051445326503062903 -0.040420196885610389 0.040465919838832617 0.024920494026551766 0.033877918229975761 -0.021642743798745836 0.03404366494083827 -0.0068212590974303447 0.0063432590739715671 -0.031123882227838233 0.017114427841582198 0.021779408184188914 -0.0033342910922635376 0.010149430515910168 -0.0012381872020014052 0.0047658571348273213 0.020336005521903774 -0.0016138080618378059 0.023257538218314427 0.044398370708828558 0.037319051492262723 -0.033065452670209612 0.00090420475806313953 0.020696502294251688 -0.021732649517817587 0.031974390951336557 0.010497588646036272 0.040027685380379943 -0.019336873698578977 0.036313307434225991 0.005411410518578773 -0.013457363691550912
leaf_weight=17.140745989978321 10.91271335445345 329.04548520967364 446.27322034351528 2.8608256839215747 4.8564400766044837 3.2322115842252961 8.958409331738947 4.7924444228410703 4.4516256898641613 4.1551871113479137 2.2942436076700679 0.7400978934019794 4.177209708839654 2.2529840618371955 4.2222037082538 1.7396863065659989 1.4788756221532819 6.9061677679419535 5.8968343883752805 16.699564877897501 9.9007350169122201 7.1647616419941187 2.7369307316839686 7.0181572884321213 2.0634301528334609 30.254512514919043 4.2950800135731724 2.5150916911661625 1.7636840064078567 21.870752669870853 5.9961661621928215 1.8174729607999314
leaf_count=739 223 19265 11939 54 36 43 145 55 41 113 21 14 36 21 45 20 8 41 31 263 157 53 35 55 12 599 57 11 30 406 33 11
internal_value=0.00735802 -0.0298867 0.0361709 0.00526247 -0.0384599 0.01314 -0.00314861 -0.0144744 0.0164119 0.00848975 -0.02851 -0.0354352 -0.039977 -0.0280047 -0.0332372 -0.041535 -0.0155695 0.00346211 -0.00309576 0.0332627 0.018657 -0.0192845 0.0303866 0.00975236 0.0396909 0.0276183 0.029545 0.0237294 0.00714594 0.0329136 0.0158703 -0.0480196
internal_weight=980.484 427.609 552.875 83.8961 343.713 74.2835 41.7141 32.7557 63.721 10.4905 20.1751 17.8808 333.223 20.9451 18.6921 14.4699 5.63406 33.1035 25.9639 32.5694 15.8699 14.0709 12.6377 11.8106 478.591 32.3179 30.6175 7.1396 4.62451 26.1658 11.893 12.7302
internal_count=34612 20989 13623 1531 19458 1073 575 430 757 157 774 753 19301 320 299 254 121 253 158 498 235 94 192 110 12550 611 504 95 84 463 64 234
is_linear=0
shrinkage=0.04


Tree=80
num_leaves=40
num_cat=0
split_feature=12 20 10 8 9 21 32 13 12 29 36 19 2 4 35 30 36 8 29 30 23 12 31 9 19 19 12 31 2 12 22 29 11 36 9 3 31 8 12
split_gain=635.032 70.6739 33.264 22.3493 18.4642 14.4667 10.0593 9.00971 5.51329 5.06553 4.30261 3.99713 3.96485 3.91047 3.53368 3.44431 6.70039 4.27395 3.33167 3.56703 2.61088 3.32499 2.50763 2.3118 2.19371 2.03558 1.87209 1.82083 1.53528 1.30225 1.21963 0.895707 0.86226 0.733456 0.71451 0.668636 0.480517 0.376704 0.259774
threshold=0.23849330097436908 0.23854447156190875 0.29705883562564855 0.69631093740463268 0.74239632487297069 0.12500000372529033 0.30952382087707525 0.45000000298023229 0.16701237112283709 0.71671876311302196 0.2333333417773247 0.92403846979141246 0.72046512365341198 0.65806129574775707 0.25000000745058065 0.75505790114402782 0.36666667461395269 0.78830561041831981 0.99861112236976635 0.65323594212532055 1.0000000180025095e-35 0.5259326994419099 0.93437352776527416 0.67041200399398815 0.81165540218353283 0.51668518781661998 0.083147086203098311 0.86864736676216137 0.7454303801059724 0.22836096584796908 0.42499999701976782 0.81750240921974193 0.44127789139747625 0.63333335518836986 0.39455153048038488 0.84078088402748119 0.68428781628608715 0.72065573930740368 0.4060333669185639
decision_type=2 2 2 2 2 2 2 2 2 2 2 2 2 2 2 2 2 2 2 2 2 2 2 2 2 2 2 2 2 2 2 2 2 2 2 2 2 2 2
left_child=1 3 4 9 5 7 29 14 23 26 34 18 13 24 30 16 17 28 19 -5 38 -22 -20 -8 25 -11 27 -1 -6 -3 37 -21 -18 -12 -7 -26 -27 -2 -4
right_child=2 6 20 11 15 10 8 -9 -10 12 33 -13 -14 -15 -16 -17 32 -19 22 31 21 -23 -24 -25 35 36 -28 -29 -30 -31 -32 -33 -34 -35 -36 -37 -38 -39 -40
leaf_value=-0.038047842218595924 -0.048843448859313535 -0.040538503639134429 0.010784666963037828 -0.0034421809138038303 -0.0020493011438269841 -0.022580285355808947 -0.033401190215980474 0.021819842247771198 0.030816031868384934 0.0057542370612438587 0.038932289868079166 0.040088946313385478 -0.02882167650719298 0.032020018280197418 0.0083743615842085499 0.040209079519088357 0.043948938890408178 0.021275503911657664 0.0083446856436479554 0.0051332949616649413 -0.016338305680192983 0.0287919889016377 -0.03886108309893526 0.008179886151254142 0.019755688452926176 -0.0071599525335102636 0.01028571201239397 0.0083752408327753547 -0.03792118687827125 -0.0049481299642634502 -0.0050408136297105119 0.036578736674388219 0.0093368459353812133 0.010613012201117085 0.0031616057546472974 -0.0017843955817501765 -0.037333517324681501 -0.0091964343302653739 0.040487047490549155
leaf_weight=16.059959996491678 14.703122875653216 312.84606771171093 1.857494082301854 6.3498157225549283 3.4575384799391049 1.9207475595176209 4.8757135793566686 3.7326022982597342 3.8007382713258266 3.1462997514754587 7.5559889636933786 14.824844580143688 6.2881704848259679 4.3526159450411788 1.7049802914261807 21.611348032951355 7.1729529201984388 4.1848663352429867 2.8032025806605807 2.3540886007249346 1.7424975037574792 28.776319116353989 1.7149036563932893 2.2802609838545322 3.2914350889623156 2.1530888490378857 0.78428379260003467 0.7963747326284637 3.3525872714817524 2.2034078370779744 1.6449925117194641 9.6518685817718488 2.4953407365828753 3.5985263381153345 2.4097698265686631 3.4684120193123817 3.4139681942760944 1.2481451611965884 426.39123665913939
leaf_count=739 378 18995 44 42 40 35 127 41 28 27 77 248 33 20 30 380 82 59 41 32 11 590 32 19 42 33 21 6 36 93 32 158 39 36 29 25 40 18 11869
internal_value=0.00690467 -0.0307198 0.0353278 0.00254935 0.0113721 -0.00848388 -0.0390142 -0.0278931 -0.00103548 -0.0166074 0.0201278 0.0246257 -0.00478132 0.00430934 -0.0385761 0.0291711 0.0156256 -0.00561069 0.0126906 0.0200343 0.0394932 0.0254488 -0.014267 -0.0206266 -0.00555725 -0.0176174 -0.0322852 -0.0351604 -0.0234318 -0.0403189 -0.0436368 0.0316809 0.0374175 0.0321592 -0.0104568 0.0100231 -0.02971 -0.0468188 0.0403979
internal_weight=947.021 407.46 539.561 81.4533 80.7935 38.5189 326.006 23.0338 10.9567 43.7546 15.485 37.6987 26.114 19.8258 19.3012 42.2746 20.6633 10.995 22.8739 18.3558 458.768 30.5188 4.51811 7.15597 15.4732 8.71336 17.6406 16.8563 6.81013 315.049 17.5963 12.006 9.66829 11.1545 4.33052 6.75985 5.56706 15.9513 428.249
internal_count=34627 20801 13826 1539 1312 676 19262 499 174 986 177 553 220 187 458 636 256 135 305 232 12514 601 73 146 167 100 766 745 76 19088 428 190 121 113 64 67 73 396 11913
is_linear=0
shrinkage=0.04


Tree=81
num_leaves=36
num_cat=0
split_feature=38 17 33 23 9 1 19 3 38 3 38 38 2 38 13 2 4 13 8 1 8 19 1 7 22 7 19 9 19 8 19 31 8 8 4
split_gain=603.51 60.6724 31.2186 24.2809 19.7078 18.1172 14.3035 7.70842 5.99051 5.61824 4.28932 3.76042 4.74357 3.16397 6.59472 4.54159 11.4273 3.12969 2.74769 4.51143 2.53095 1.65936 1.39502 1.70274 1.30146 1.04678 1.02017 0.792589 0.705499 0.991559 0.678073 0.485537 0.218425 0.313636 0.124112
threshold=0.36785912513732916 1.0000000180025095e-35 0.62500000000000011 1.0000000180025095e-35 0.92403846979141246 0.34848485887050634 0.82182541489601146 0.49765211343765264 0.56897041201591503 0.88630625605583202 0.22028702497482303 0.28033281862735754 0.22684391587972644 0.62815144658088695 0.45000000298023229 0.6569296419620515 0.39077411592006689 0.45000000298023229 0.69631093740463268 0.44949495792388922 0.56294015049934398 0.88603895902633678 0.10555555671453477 0.54598379135131847 0.92499998211860668 0.30622577667236334 0.62192192673683178 0.13446328043937686 0.91458967328071605 0.73401361703872692 0.71902412176132213 0.66433870792388927 0.039607843384146697 0.037386443465948112 0.10367219150066377
decision_type=2 2 2 2 2 2 2 2 2 2 2 2 2 2 2 2 2 2 2 2 2 2 2 2 2 2 2 2 2 2 2 2 2 2 2
left_child=1 2 11 13 6 9 22 -8 -9 20 31 27 -13 14 15 16 34 -14 -7 -20 24 25 -5 -24 -3 -22 -6 -1 29 -10 -21 -4 33 -29 -2
right_child=3 5 10 4 26 18 7 8 28 -11 -12 12 17 -15 -16 -17 -18 -19 19 30 21 -23 23 -25 -26 -27 -28 32 -30 -31 -32 -33 -34 -35 -36
leaf_value=-0.0052920328929540114 0.0098280811536176661 -0.036950124260523812 -0.01708630326992705 -0.015031487360892102 0.0060769981629169526 0.0038040034941131825 0.052555714770578209 -0.033330607813918764 0.015359454805375539 0.017400148146341731 0.037467441781342377 0.015705682396462785 -0.034355969702155272 0.040355922364671691 0.0387082620139447 0.029541251411990613 -0.04279814604352427 0.018357923704679625 -0.016379375634128619 0.013130259692855003 0.0028771845218969229 0.013973891227526332 -0.058777366005676457 -0.0082143494768933453 0.003469710846548687 -0.02911507145484753 0.039288295117193117 -0.020788097938503752 0.023556205050885959 -0.013979395289203098 0.034206098020664627 0.0039117999891351224 -0.040310571590794979 0.00078314439303284146 0.032578495650882264
leaf_weight=1.6415806356817473 2.5566304139792937 17.157056342810403 2.1076374370604745 4.4583696937188533 2.279856842011216 13.438049249351023 3.8737915158271816 4.8995432797819367 2.2492733746767026 4.3162612915039054 8.399070577695964 3.9244535779580501 12.733867758885024 401.56924762576818 31.099528338760138 7.6981057859957209 5.6159330233931541 1.0031776651740063 2.5724718421697643 5.9816436544060734 1.9199368618428696 2.7682860568165779 6.3549890229478461 1.8736720159649847 0.93947117403149505 2.830033503472805 21.400341667234898 1.6749200662598005 5.067042350769043 1.9014374874532221 21.9816078171134 2.141748670488596 299.73733130749315 1.1664790930226445 3.7115408442914486
leaf_count=78 33 652 38 62 33 58 27 118 34 33 143 52 579 11540 698 90 48 9 23 70 36 23 119 27 18 33 434 105 75 29 414 24 18779 48 45
internal_value=0.00687228 -0.0292434 -0.0364624 0.0359937 0.0103506 0.00347246 -0.0106536 0.0120039 -0.00299763 -0.0198978 0.0228742 -0.0388974 -0.0183736 0.0390289 0.0276229 0.00842343 -0.00695398 -0.0288511 0.019567 0.0259664 -0.026926 -0.00565982 -0.0408169 -0.0502918 -0.0345718 -0.0180834 0.0366285 -0.039987 0.0153496 0.00153928 0.0306405 -0.00764194 -0.0401434 -0.0142842 0.0268905
internal_weight=915.044 408.435 334.53 506.609 54.3583 73.9048 30.6781 17.9911 14.1173 29.931 12.6485 321.882 17.6615 452.251 50.6817 19.5822 11.8841 13.737 43.9738 30.5357 25.6148 7.51826 12.687 8.22866 18.0965 4.74997 23.6802 304.22 9.21775 4.15071 27.9633 4.24939 302.579 2.8414 6.26817
internal_count=34627 21215 19855 13412 958 1360 491 283 256 795 205 19650 640 12454 914 216 126 588 565 507 762 92 208 146 670 69 467 19010 138 63 484 62 18932 153 78
is_linear=0
shrinkage=0.04


Tree=82
num_leaves=42
num_cat=0
split_feature=12 20 10 8 8 36 13 32 21 19 12 29 19 29 2 29 30 19 19 31 29 29 30 12 31 3 12 13 30 12 8 8 8 29 19 36 3 5 5 12 7
split_gain=580.455 67.0824 32.1346 19.939 16.5128 20.486 9.75995 9.72121 5.48021 6.54876 5.06525 4.81933 3.97139 3.92595 3.85139 3.27575 3.41319 2.7619 2.65732 2.54363 2.25366 2.25266 2.43079 1.92673 2.0127 1.80254 1.61325 4.35514 1.52467 1.34001 1.33744 1.12666 0.954583 0.908573 0.894791 0.630995 0.55544 0.207883 0.479237 0.273287 0.0162079
threshold=0.23849330097436908 0.23854447156190875 0.29705883562564855 0.69631093740463268 0.79095324873924266 0.43333333730697637 0.45000000298023229 0.30952382087707525 0.12500000372529033 0.82182541489601146 0.16701237112283709 0.71671876311302196 0.92403846979141246 0.91825759410858165 0.72046512365341198 0.99861112236976635 0.65323594212532055 0.79516318440437328 0.59417229890823375 0.93793785572052013 0.80747354030609142 0.48692882061004644 0.45104220509529119 0.085190840065479292 0.87704071402549755 0.40753968060016638 0.49013464152812963 0.30952382087707525 0.51892632246017467 0.22836096584796908 0.66210046410560619 0.73765182495117199 0.050641026347875602 0.81750240921974193 0.69789379835128795 0.16666667163372043 0.83475819230079662 0.33520600199699407 0.30860807001590734 0.5801178812980653 0.55611544847488414
decision_type=2 2 2 2 2 2 2 2 2 2 2 2 2 2 2 2 2 2 2 2 2 2 2 2 2 2 2 2 2 2 2 2 2 2 2 2 2 2 2 2 2
left_child=1 3 4 11 5 6 8 29 13 35 30 23 15 31 17 16 -5 18 -13 -17 36 25 -23 24 -1 -7 27 -4 -6 -3 32 37 -9 -18 -20 -10 -19 38 -2 -39 -30
right_child=2 7 26 12 28 21 -8 10 9 -11 -12 14 -14 -15 -16 19 33 20 34 -21 -22 22 -24 -25 -26 -27 -28 -29 40 -31 -32 -33 -34 -35 -36 -37 -38 39 -40 -41 -42
leaf_value=-0.037803599274814574 -0.025752034259093209 -0.040458006711049564 -0.022720132644261964 -0.0035471817302168123 -0.0013519315994950079 0.020237376789228927 0.025935745423021267 0.0024416634315874357 -0.037486212382523414 0.03944277106315313 0.029828037291895763 0.010427899327535791 0.039646184685659627 0.012972795469426606 -0.028067440732504105 0.0081113678181060338 0.0045541853519337032 0.0084589699501175092 -0.0033314502164602969 -0.03971707331980822 0.032889012121196617 -0.0079071952129260211 0.028196869942232583 0.011482972766944866 0.011187672673372619 0.062178076179870957 0.039668888577732479 0.032116321635015405 0.011072997452782537 -0.0043402735875121678 0.0065757170402026355 -0.0045326301407300831 -0.034221334894661871 0.036198376645804643 -0.036965071959441348 -0.0044606626890015474 -0.012958579823812108 -0.052146580723349753 0.0010855247846865564 -0.013051274733833896 0.039066015627237487
leaf_weight=15.186056783422826 2.0633246898651261 289.60041490383446 2.0314688868820658 6.2893195413053098 1.3689830377697969 5.97747700661421 4.6533600427210322 0.96569823287427237 1.995350552722811 2.5509081641212106 3.6975410357117653 4.6154764480888897 14.02251936867833 1.3355488097295154 6.2727559059858313 2.7803369686007491 2.3030411377549163 2.2760956436395627 2.2914903964847326 1.6804904118180273 5.2976064421236515 4.3628463782370073 4.8386508021503687 0.73373511619865972 0.67456273548305112 3.5163202192634344 418.03814119100571 5.6956051513552666 1.5907514356076742 2.1364745534956446 1.538847718387842 1.4779028557240952 4.3873834330588579 9.1431488282978517 2.8468549028038979 1.9636726342141626 2.212340971454978 13.837448405101894 1.0672276001423595 1.5781188905239094 23.249833814799786
leaf_count=741 69 18995 18 42 15 73 68 12 38 22 28 40 248 12 33 42 32 37 26 31 24 55 59 20 5 24 12335 161 21 93 17 15 117 158 37 25 23 336 27 12 441
internal_value=0.00683889 -0.0303382 0.0349953 0.00251729 0.0109998 -0.00235194 -0.0212564 -0.0388621 -0.0301942 0.00141427 -0.00091735 -0.015813 0.0238139 -0.0394191 -0.00437221 0.0118686 0.0193549 0.00466442 -0.00949949 -0.0148421 0.0183972 0.0295294 0.0122398 -0.0316819 -0.0347254 0.0422674 0.0393021 0.0160777 0.0358494 -0.0402223 -0.0200715 -0.0437885 -0.0280378 0.031125 -0.02614 -0.0268207 -0.00209698 -0.0463318 -0.0188307 -0.0496812 0.0380279
internal_weight=884.145 380.952 503.193 78.6258 77.4277 51.2182 32.5229 302.326 27.8695 6.50993 10.5895 42.407 36.2189 21.3596 25.8126 22.1963 17.7355 19.5399 9.75382 4.46083 9.78604 18.6953 9.2015 16.5944 15.8606 9.4938 425.765 7.72707 26.2096 291.737 6.89193 20.024 5.35308 11.4462 5.13835 3.95902 4.48844 18.5461 3.13055 15.4156 24.8406
internal_count=34627 20801 13826 1539 1312 835 624 19262 556 85 174 986 553 471 220 305 232 187 103 73 84 211 114 766 746 97 12514 179 477 19088 146 459 129 190 63 63 60 444 96 348 462
is_linear=0
shrinkage=0.04


Tree=83
num_leaves=43
num_cat=0
split_feature=12 11 10 9 1 1 33 36 19 33 30 8 30 36 11 3 8 39 12 31 2 38 3 30 2 29 39 8 22 10 29 19 38 8 11 1 11 12 19 12 12 12
split_gain=554.807 64.9194 31.5189 16.3706 15.8211 12.8094 11.9899 7.78028 7.55932 5.0616 4.64391 3.65553 3.24138 6.07331 3.87218 3.16553 3.24852 2.92889 3.03935 2.5494 6.49492 2.47437 2.28457 2.16174 1.81187 2.53724 1.76304 1.65341 1.62554 1.13801 1.10933 1.88432 1.09759 1.04218 0.819486 0.715602 0.656109 0.329616 0.0983259 0.0698582 0.0421539 0.713265
threshold=0.23849330097436908 0.19399641454219821 0.29705883562564855 0.74239632487297069 0.34848485887050634 0.095454547554254546 0.87500000000000011 0.2333333417773247 0.89871793985366832 0.87500000000000011 0.28687083721160894 0.87026646733284008 0.75505790114402782 0.36666667461395269 0.61772406101226818 0.86663055419921886 0.24068965017795566 1.0000000180025095e-35 0.5259326994419099 0.87379801273345958 0.63453349471092235 0.28706936538219457 0.61306276917457592 0.60725814104080211 0.087595909833908095 0.48378527164459234 1.0000000180025095e-35 0.69631093740463268 0.92499998211860668 0.17752101272344592 0.99861112236976635 0.92770034074783336 0.48293033242225653 0.59675306081771862 0.44127789139747625 0.31666667759418493 0.39902913570404058 0.4060333669185639 0.74388790130615245 0.18827567994594577 0.9191471040248872 0.93209072947502147
decision_type=2 2 2 2 2 2 2 2 2 2 2 2 2 2 2 2 2 2 2 2 2 2 2 2 2 2 2 2 2 2 2 2 2 2 2 2 2 2 2 2 2 2
left_child=1 4 3 5 8 7 21 10 11 35 32 28 13 14 26 16 -10 18 -4 20 -6 -3 -23 -22 -9 -26 -5 -21 -1 39 -29 38 36 -18 -15 -7 -2 -19 -32 -24 -20 -42
right_child=2 6 17 12 19 9 -8 24 15 -11 -12 -13 -14 34 -16 -17 33 37 40 27 23 22 29 -25 25 -27 -28 30 -30 -31 31 -33 -34 -35 -36 -37 -38 -39 -40 -41 41 -43
leaf_value=-0.035995746399904903 -0.0019860915018253952 -0.040532007135572028 -0.015741701208295548 -0.033543999364260176 0.034240333140694662 -0.054313706216354229 0.011796257374165875 -0.0039938865365837925 0.035709140557486994 0.013537940494366588 0.028489470267688437 0.020445091410702512 0.039639258791829293 0.042697056515399442 0.022406797210905782 0.036223230590619541 -0.028982215841097711 0.0096547026416085088 0.028977606728653748 0.0041008154180997257 -0.035369946595624764 0.016130582030508517 -0.0051217732843961937 0.0018320587624600765 0.04200394091854754 0.0031717073745214605 0.0032303343866439665 0.034924395165132661 0.0040172814219950406 0.0062471947050348623 -0.010014022023050474 0.027089727879286124 0.00071284781269038196 0.0040015747255200953 0.0085851948431217538 -0.01389272368706666 -0.039516697769103673 0.040311007167747458 2.4731247864238446e-05 -0.032340089760014908 -0.0058030556626591599 0.022057142809627832
leaf_weight=20.587131692096602 1.0711903218179957 277.93307104706764 1.7366186380386377 4.4745067991316336 4.4955164268612844 8.3450782597064919 6.6780506446957579 2.1842368133366099 0.7155333347618561 1.7039546892046935 1.4538345327600826 1.1034519635140885 19.582940593361855 6.7809942755848152 3.5148651860654354 3.1940120384097099 3.4501570351421833 1.7354998365044583 23.0398268327117 6.0784390717744854 3.7544833123683929 1.7415477996692041 0.94151578843593586 4.0219146832823753 8.5374862328171712 4.0530524440109721 2.5455425344407558 16.315217256546021 1.2814709115773428 0.97040039487183083 1.9700852930545827 4.7515613734722137 1.3675655685365198 1.5362758003175256 2.3938171751797199 2.2105768295004973 5.6632003746926785 380.28254760988057 1.9754783473908899 4.9488632678985596 1.4542037993669503 1.8453137911856172
leaf_count=677 23 18934 11 56 23 186 58 27 16 18 13 9 380 82 42 24 147 44 516 26 21 45 22 42 89 58 37 280 21 14 29 111 14 12 39 53 195 11869 38 252 33 41
internal_value=0.00680605 -0.0301386 0.0348265 0.0108513 0.0029402 -0.0082245 -0.0386065 0.00863615 -0.0179283 -0.039134 -0.0176379 -0.0295564 0.0283042 0.0149685 -0.00561422 0.0117471 -0.00633347 0.039204 0.0240954 0.018418 0.00244328 -0.0398453 -0.0147601 -0.0184891 0.025861 0.0312069 -0.0215648 0.0242861 -0.0334014 -0.0243855 0.0286425 0.0133023 -0.0295406 -0.0198081 0.0362117 -0.0486799 -0.0350917 0.0402114 -0.00586695 -0.0300796 0.0275627 0.0114158
internal_weight=854.421 368.444 485.977 75.8828 75.2307 36.5902 293.213 24.3306 31.868 12.2596 9.55579 22.9721 39.2927 19.7097 10.5349 8.89598 5.70197 410.094 28.076 43.3627 12.2719 286.535 8.60233 7.7764 14.7748 12.5905 7.02005 31.0908 21.8686 6.86078 25.0123 8.69713 8.10196 4.98643 9.17481 10.5557 6.73439 382.018 3.94556 5.89038 26.3393 3.29952
internal_count=34627 20801 13826 1312 1476 676 19325 419 906 257 245 707 636 256 135 199 175 12514 601 570 86 19267 333 63 174 147 93 484 698 288 458 178 232 159 121 239 218 11913 67 274 590 74
is_linear=0
shrinkage=0.04


Tree=84
num_leaves=42
num_cat=0
split_feature=12 20 23 5 8 2 13 38 12 12 8 13 29 29 4 2 1 31 1 29 24 5 31 38 7 29 38 29 31 31 31 12 7 7 5 38 36 4 30 4 29
split_gain=530.04 63.7023 29.9619 20.7442 17.7914 10.6435 9.31446 6.17106 5.80964 4.97927 8.3298 8.1836 8.34084 4.57153 3.9138 3.68197 4.22759 3.62693 3.10498 2.99683 2.94643 2.79505 2.49887 2.40275 2.35908 2.0699 2.05318 1.99363 1.96809 1.55717 3.60335 1.37671 0.789203 0.462761 0.397724 0.389128 0.362518 0.280898 0.107543 0.0732081 0.00567394
threshold=0.23849330097436908 0.23854447156190875 1.0000000180025095e-35 0.92403846979141246 0.69631093740463268 0.20761494338512423 0.30952382087707525 0.22028702497482303 0.6375025510787965 0.5801178812980653 0.69309264421463024 0.45000000298023229 0.62552788853645336 0.71671876311302196 0.091431558132171645 0.72046512365341198 0.34848485887050634 0.86864736676216137 0.44949495792388922 0.77145501971244823 0.10811688378453256 0.74133810400962841 0.82611790299415599 0.40795028209686285 0.4045486599206925 0.99861112236976635 0.1493039205670357 0.81086421012878429 0.87704071402549755 0.98583742976188671 0.93937537074089061 0.22836096584796908 0.42185109853744512 0.63865947723388683 0.63224515318870556 0.31432443857192999 0.56666669249534618 0.72834226489067089 0.74296593666076671 0.27639257907867437 0.73812729120254528
decision_type=2 2 2 2 2 2 2 2 2 2 2 2 2 2 2 2 2 2 2 2 2 2 2 2 2 2 2 2 2 2 2 2 2 2 2 2 2 2 2 2 2
left_child=1 4 9 5 13 14 31 34 20 10 11 12 23 26 -4 16 19 24 27 22 33 -14 -15 -2 -10 40 28 -6 -1 30 -27 -3 -21 36 -8 -33 39 -5 -19 -7 -20
right_child=2 6 3 37 18 8 7 -9 17 -11 -12 -13 21 15 -16 -17 -18 38 25 32 -22 -23 -24 -25 -26 29 -28 -29 -30 -31 -32 35 -34 -35 -36 -37 -38 -39 -40 -41 -42
leaf_value=-0.037501709963820622 -0.0069553479681183994 -0.040379601260878188 -0.0065191255917852985 0.0097327542308958074 0.017885615338272404 -0.0080420375888906725 -0.032299804255006628 0.025732127372719127 0.0081639378085584888 0.040251131459498116 0.039996114241172769 0.033309383107730128 -0.053208224993331464 -0.012534060743609179 0.044716334170889854 -0.027172984364392461 0.024493396448694759 0.028260869233717512 0.012077818832274188 -0.035109512014775544 0.008974361134488143 -0.0047888684265527349 0.032867920239996462 0.030826828157825815 -0.043349114000345773 0.019393589950238568 0.013668393469439679 -0.015674981171320535 0.011155361680947218 0.025574969791277161 -0.03398500501436745 -0.014506492634033457 -0.0040940414084040663 -0.0087518162122914162 -0.0018774049758576179 0.0074702043795448559 -0.0067377688359737129 0.038800904399369278 0.0051629625141941197 -0.044118529072158151 0.038638606490773719
leaf_weight=14.314690878614778 3.4301345236599499 267.7126590013504 3.0567038208246222 1.878734160214665 3.8489890918135634 0.91025112383068929 4.2837462266907078 5.1996310744434595 1.6671212613582604 355.87810384482145 30.155441347509623 11.101217696443198 4.2235516700893632 2.5522174220532232 4.6391190476715565 6.2387067340314379 8.1722967028617841 3.3014067150652409 1.8752158842980886 3.8586343917995691 1.598647654056548 3.3170777577906847 2.2370097190141678 5.1712761037051678 1.5531755611300466 3.1901685558259505 0.64504107646644193 4.1249217018485069 0.66935891844332296 4.1646321155130863 1.9227938987314699 0.91704550571739618 2.3871041350066662 1.8204154185950745 1.07631204649806 1.166859697550535 1.153543198481201 19.133507560938597 1.3508171811699865 14.028085585683582 15.770634099841116
leaf_count=744 35 18982 36 32 18 37 129 42 31 11502 760 213 48 52 40 33 34 63 23 59 17 30 25 49 31 54 17 44 5 94 40 51 17 15 16 42 19 427 30 411 280
internal_value=0.00678038 -0.029926 0.0346577 0.00697709 0.00250412 -0.0117664 -0.03869 -0.00145369 -0.023344 0.0383728 0.0259683 0.00909003 -0.00890979 -0.0150581 0.0261604 -0.00398017 0.00494434 0.00479766 0.0230047 -0.0105516 -0.0343625 -0.0361587 0.0109644 0.0165555 -0.0217834 0.0292023 -0.0310687 0.000677914 -0.0343015 0.0111379 -0.00353983 -0.0401254 -0.0263881 -0.03882 -0.0279463 -0.00380131 -0.041131 0.0370223 0.0245468 -0.0428905 0.0370076
internal_weight=825.697 356.329 469.368 56.0915 75.9724 35.0793 280.356 10.5597 27.3835 413.277 57.3987 27.2433 16.142 41.0751 7.69582 25.446 19.2073 7.87252 34.8974 11.035 19.5109 7.54063 4.78923 8.60141 3.2203 26.9234 15.6291 7.97391 14.984 9.27759 5.11296 269.797 6.24574 17.9123 5.36006 2.08391 16.0919 21.0122 4.65222 14.9383 17.6458
internal_count=34627 20801 13826 1189 1539 730 19262 187 654 12637 1135 375 162 986 76 220 187 155 553 153 499 78 77 84 62 491 766 62 749 188 94 19075 76 482 145 93 467 459 93 448 303
is_linear=0
shrinkage=0.04


Tree=85
num_leaves=40
num_cat=0
split_feature=10 9 36 23 10 9 36 38 33 8 9 8 4 6 30 23 4 23 4 19 38 1 38 38 21 29 22 9 32 31 1 9 29 10 10 8 19 8 39
split_gain=502.306 70.361 16.6069 14.5066 11.669 12.0718 10.7791 11.3908 7.06506 6.00497 4.54007 5.24135 4.31266 3.4959 3.35343 2.86365 2.87829 2.81857 2.77688 2.65781 2.46382 2.35449 3.82891 2.1569 4.09284 1.52509 1.47964 1.02071 0.921289 0.884147 0.777652 0.777598 0.45431 0.237794 0.591539 0.191518 0.932223 0.301726 0.163941
threshold=0.17519181966781619 0.80901724100112926 0.2333333417773247 1.0000000180025095e-35 0.29705883562564855 0.64899963140487682 0.43333333730697637 0.28033281862735754 0.87500000000000011 0.59675306081771862 0.64051282405853283 0.7103942632675172 0.83438816666603099 0.41471244394779211 0.58875668048858654 1.0000000180025095e-35 0.80186915397644054 1.0000000180025095e-35 0.53427231311798107 0.61326980590820324 0.67885115742683422 0.095454547554254546 0.45795448124408727 0.388277217745781 0.37500000000000006 0.76941263675689708 0.87500000000000011 0.69028213620185863 0.45000000298023229 0.85889065265655529 0.38750000298023229 0.91331186890602123 0.76323142647743236 0.12060606107115747 0.13484849035739901 0.74352160096168529 0.81909090280532848 0.63702240586280834 1.0000000180025095e-35
decision_type=2 2 2 2 2 2 2 2 2 2 2 2 2 2 2 2 2 2 2 2 2 2 2 2 2 2 2 2 2 2 2 2 2 2 2 2 2 2 2
left_child=1 3 20 6 5 8 10 9 21 26 11 -1 15 32 18 16 25 -6 -15 -7 28 22 -2 33 -25 -4 27 -8 -3 -27 -11 -17 -12 -5 -35 36 -21 -38 -14
right_child=4 2 12 23 17 19 7 -9 -10 30 13 -13 38 14 -16 31 -18 -19 -20 35 -22 -23 -24 24 -26 29 -28 -29 -30 -31 -32 -33 -34 34 -36 -37 37 -39 -40
leaf_value=-0.040219991323789527 -0.034010314141131114 -0.036661939192348982 -0.002063478949714577 -0.040028529361539771 0.040537169894484047 -0.0085494720331728072 -0.03597211008749103 0.04047489778425982 0.027944190139551472 0.0007322767154403848 0.00060206648208973115 0.021361956313020635 0.013396687907771512 0.0059212230846713678 0.013480049887448685 -0.027524464243245922 -0.0085975166369641459 0.023960450990170426 -0.044635171384531214 0.0012511721988659173 0.01577641670593042 -0.054338486107706772 0.016555168035293624 -0.029424409187140236 0.023964866875231531 0.0082617125872023536 0.0057541142787622592 -0.0085675388874958108 -0.00014634244666583492 0.033382417432787879 0.027136857020741135 0.0038855117110094752 0.021768253363113929 0.0057104642733729659 -0.02231096645207846 0.038225628184869 0.033615425615392186 0.0073388442127261724 0.035457461159178
leaf_weight=35.044555278494954 3.688959486782549 9.9312332570552773 2.9087223876267769 222.82391178887337 351.8544206675142 1.8596737384796167 10.254877899773428 6.931925897486507 3.0775016136467448 3.0937085496261707 3.0522386245429507 1.3743028128519643 3.3514562994241741 1.6573762213811258 2.1138956360518932 2.3529514353722329 5.2641221918165675 25.915312685072422 6.0129476860165596 3.04602785035968 0.85639229416847307 2.9559664689004421 2.946739487349987 5.7815725738182655 1.9215744026005266 4.4191528446972361 1.5051932800561179 4.3183884322643271 1.0596540719270713 10.097186259925364 3.1342308213934302 1.1363853802904484 2.5382359186187387 0.98235392384231035 1.3453932059928773 16.476339090615511 4.3630686905235052 2.092284694314003 21.647593583911657
leaf_count=2101 56 466 24 16641 11845 29 585 47 45 41 57 17 33 33 31 68 49 579 127 28 5 28 25 168 12 33 31 41 7 100 22 25 31 33 38 395 65 28 451
internal_value=0.00717992 -0.026252 0.0120538 -0.0339725 0.0372966 0.0160048 -0.0188192 0.000592838 -0.0149969 -0.0135022 -0.0295234 -0.0370611 0.0219401 -0.00985974 -0.0230637 0.00966027 0.0149579 0.0395038 -0.0341 0.0302358 -0.0280774 -0.0311334 -0.0124621 -0.0390837 -0.014064 0.0223764 -0.0258381 -0.0295155 -0.0333453 0.0272497 0.0168333 -0.0183127 0.0129382 -0.0398332 -0.0123346 0.0334868 0.021025 0.0281782 0.0334601
internal_weight=795.188 376.912 63.0249 313.887 418.276 40.5066 81.0319 29.2383 12.6692 22.3064 51.7936 36.4189 51.1776 15.3747 9.78422 26.1785 22.6892 377.77 7.67032 27.8374 11.8473 9.59167 6.6357 232.855 7.70315 17.4251 16.0785 14.5733 10.9909 14.5163 6.22794 3.48934 5.59047 225.152 2.32775 25.9777 9.50138 6.45535 24.999
internal_count=34440 21317 1261 20056 13123 699 3164 767 154 720 2397 2118 783 279 191 299 206 12424 160 545 478 109 81 16892 180 157 657 626 473 133 63 93 88 16712 71 516 121 93 484
is_linear=0
shrinkage=0.04


Tree=86
num_leaves=47
num_cat=0
split_feature=10 9 23 23 10 9 38 1 11 33 31 6 23 19 8 6 19 8 6 2 1 38 3 38 21 38 9 9 19 3 2 29 2 29 11 11 6 2 24 10 10 8 19 8 38 24
split_gain=480.207 67.5778 14.5127 13.8943 11.6105 11.5685 10.2424 9.17579 8.8961 6.75168 4.16047 3.47227 2.92628 2.70465 3.07238 2.78307 2.65336 2.65025 2.63664 2.31111 2.27127 3.63444 2.26562 2.19376 3.92886 2.07006 1.95669 2.34467 1.88646 1.82727 1.80123 1.78951 1.67924 1.32923 0.753418 0.688654 0.624263 0.451595 0.449673 0.268605 0.576211 0.250535 0.938901 0.297468 0.125981 0.00135567
threshold=0.17519181966781619 0.80901724100112926 1.0000000180025095e-35 1.0000000180025095e-35 0.29705883562564855 0.64899963140487682 0.27338087558746343 0.31666667759418493 0.42891986668109899 0.87500000000000011 0.88562902808189403 0.44229741394519811 1.0000000180025095e-35 0.943650782108307 0.82446312904357921 0.67432656884193432 0.60188680887222301 0.59675306081771862 0.75579854846000682 0.55036231875419628 0.095454547554254546 0.45795448124408727 0.91112279891967785 0.388277217745781 0.37500000000000006 0.27338087558746343 0.65733855962753307 0.69504830241203319 0.91458967328071605 0.87715959548950206 0.63859337568283092 0.83069756627082836 0.55351883172988903 0.50984176993370067 0.22040571272373202 0.19399641454219821 0.7431643307209016 0.72850123047828685 0.077777776867151274 0.12060606107115747 0.13484849035739901 0.74352160096168529 0.81909090280532848 0.63702240586280834 0.10663190856575967 0.0042919246479868898
decision_type=2 2 2 2 2 2 2 2 2 2 2 2 2 2 2 2 2 2 2 2 2 2 2 2 2 2 2 2 2 2 2 2 2 2 2 2 2 2 2 2 2 2 2 2 2 2
left_child=1 2 6 13 5 9 7 10 33 20 26 17 -6 14 15 29 -7 19 38 -9 21 -2 30 35 -25 44 -1 32 37 -3 -13 -32 -28 -8 -15 -4 -17 -16 -5 -37 -41 42 -18 -44 -20 -10
right_child=4 3 23 18 12 16 8 11 45 -11 -12 22 -14 34 28 36 41 -19 25 -21 -22 -23 -24 24 -26 -27 27 -29 -30 -31 31 -33 -34 -35 -36 39 -38 -39 -40 40 -42 -43 43 -45 -46 -47
leaf_value=-0.039446360411950397 -0.033155705404565174 -0.0036528434410816385 -0.0089580360779669913 -0.036166044828602244 0.040492845557415238 -0.0093953804043933505 0.043875947516021113 0.021890322610848952 -0.0097783237730880677 0.02766273953738221 0.021407151218940053 0.0045820980450132585 0.023541878603773766 0.040341315791189943 0.0049303584131634359 -0.024820855146603611 0.00095296121261294136 0.040849066428362314 -0.024286593304254592 -0.023887599116087867 -0.053371611349313917 0.016185488494209234 0.015597987494029842 -0.029040547009846113 0.023360033313406751 0.018416798907138598 0.029418323339388968 -0.031032676095652585 -0.0068411597992380857 0.030425661695635646 -0.0033644687547083954 -0.042338789863999367 -0.010982299807802088 0.0093393489562533238 0.010828495044649371 -0.040246604041058918 -0.0014877036553394827 0.031398364546214245 -0.00055640619228678292 0.0056136200812556391 -0.022054938589354034 0.038068895313082884 0.033243098599686875 0.0071795750759203357 -0.0016384023783199975 -0.037320020737746665
leaf_weight=39.260381096974015 3.6727307084947807 3.7702796654775721 2.2894666530191889 7.7421867027878744 338.42223174124956 1.7503236439079071 5.3339655948802811 1.6970951836556225 1.5678054671734565 3.0039801783859721 1.0904642594978202 2.6833584317937476 25.358909700065851 12.007005032151936 1.8574572764337087 3.6550651658326387 3.0726358462125063 2.8283291375264525 1.7569345347583287 2.1742263715714216 2.9177303053438663 2.9310375731438398 2.179821088910102 5.6464442927390328 1.9337144605815408 3.1028270814567804 1.4295815899968141 3.2880988707765937 1.9255129285156716 3.9143182495608926 3.2063274160027504 4.4488947493955493 2.2022839039564133 3.8179586492478848 3.2214480135589829 212.02905583009124 3.2457868121564388 14.085961807519196 0.61654195934534062 0.98708102572709266 1.3246008632704613 15.996688554063439 4.2545671593397856 2.0842882432043552 0.87549157254397858 1.998847674578428
leaf_count=2608 56 42 101 397 11845 26 35 19 27 45 15 31 579 227 22 28 29 22 84 43 28 25 23 168 12 24 23 74 35 34 52 49 52 53 54 16540 32 252 7 33 38 397 65 28 23 38
internal_value=0.00714216 -0.0260294 -0.0337688 0.0118404 0.0371575 0.0157262 -0.0184761 -0.0247016 0.0130839 -0.0147215 -0.0339272 -0.00111179 0.0394175 0.0220656 0.0143298 0.000322519 0.029882 0.0194289 -0.021358 -0.00270996 -0.0304767 -0.0121308 -0.0131673 -0.0390044 -0.0137168 -4.79954e-05 -0.0359334 -0.0123156 0.024744 0.0154852 -0.0207675 -0.0293329 0.00839138 0.0327917 0.0356716 -0.0397807 -0.0161357 0.0290377 -0.0339408 -0.0400377 -0.0121303 0.0331265 0.0204926 0.0277796 -0.0202869 -0.031398
internal_weight=768.66 365.195 303.418 61.7768 403.465 39.684 79.2074 66.4889 12.7186 12.5255 47.2708 19.2181 363.781 47.6828 32.4544 14.5854 27.1585 6.69965 14.094 3.87132 9.5215 6.60377 12.5184 224.21 7.58016 5.73525 46.1803 6.91996 17.8689 7.6846 10.3386 7.65522 3.63187 9.15192 15.2285 216.63 6.90085 15.9434 8.35873 214.341 2.31168 25.4082 9.41149 6.33886 2.63243 3.56665
internal_count=34440 21317 20056 1261 13123 699 3164 3011 153 154 2772 239 12424 726 445 136 545 84 535 62 109 81 155 16892 180 131 2757 149 309 76 132 101 75 88 281 16712 60 274 404 16611 71 519 122 93 107 65
is_linear=0
shrinkage=0.04


Tree=87
num_leaves=37
num_cat=0
split_feature=38 20 33 9 38 39 9 19 30 12 12 10 4 2 24 9 19 30 30 24 19 8 9 35 9 22 30 10 8 8 22 10 10 10 2 8
split_gain=459.557 69.9572 27.4298 18.8011 17.66 11.6607 10.656 9.48097 8.00465 4.5221 4.44327 3.91027 3.50346 3.122 2.9775 2.78282 2.3327 2.43468 2.43821 2.16125 1.78798 1.39658 1.38998 1.34839 1.22588 1.56981 1.09535 0.859065 0.753807 1.12684 0.678599 0.597079 0.393093 1.10376 0.0221579 0.0135196
threshold=0.45795448124408727 0.37199692428112036 0.62500000000000011 0.80901724100112926 0.22028702497482303 1.0000000180025095e-35 0.92403846979141246 0.82426470518112194 0.35310883820056921 0.54181629419326793 0.16701237112283709 0.17752101272344592 0.83438816666603099 0.81530213356018078 0.015228819102048876 0.77459675073623668 0.93142634630203258 0.41615794599056249 0.55073565244674694 0.091608393937349333 0.88603895902633678 0.85912698507308971 0.6789083480834962 0.15000000223517421 0.69028213620185863 0.92499998211860668 0.60152971744537365 0.1490740776062012 0.048199767246842391 0.043961353600025184 0.42499999701976782 0.72474747896194469 0.29705883562564855 0.27525253593921667 0.6569296419620515 0.045983087271451957
decision_type=2 2 2 2 2 2 2 2 2 2 2 2 2 2 2 2 2 2 2 2 2 2 2 2 2 2 2 2 2 2 2 2 2 2 2 2
left_child=1 3 9 4 8 6 7 14 24 19 -4 -9 13 23 -2 16 17 22 -19 28 -12 -13 -10 -5 25 34 -16 -6 29 -3 -15 -8 33 -7 -1 -31
right_child=5 2 10 12 27 32 31 11 15 -11 20 21 -14 30 26 -17 -18 18 -20 -21 -22 -23 -24 -25 -26 -27 -28 -29 -30 35 -32 -33 -34 -35 -36 -37
leaf_value=-0.038242569517681603 0.00032403910321054144 -0.027623726100728205 -0.0196319397800305 0.026269595134456869 0.050810840048434759 0.032381821075533605 0.037954915669167318 -0.015252314914017436 -0.0058426034308780954 0.015465069909845188 0.03841664275773788 0.03511889775014615 0.034711584545556784 0.0014040605627632257 -0.059625632787270018 -0.02376041532185055 0.025975176138512496 -0.03071923278228153 0.010288869668186875 0.005425334028421421 -0.0014027291099934255 -0.0010117450096983906 0.028515693504401571 0.0014566049651564916 -0.00017643439048462391 0.0042757136604384179 -0.010868266541174567 0.01322012434280998 -0.040455562508020834 0.0048538809414217145 -0.02251163454854857 0.0034592527130471919 0.040442294479553158 0.0049641578282662788 -0.0038030225145648223 2.7744993243718542e-05
leaf_weight=24.842443975619982 2.4577283840626505 4.6955314418300977 2.3230495555326334 10.937027573585516 4.4897382482886306 22.798270845785741 17.874777592718605 3.316857883706688 2.2656743014231377 1.5931580793112505 7.9407346304506046 7.5605341456830484 20.065383285284042 2.6187800951302043 3.5026202369481325 5.2860429249703875 4.6854349840432397 4.8200303744524717 2.4776453943923116 1.2426705518737424 1.9050482437014578 1.7650503143668173 2.8500509737059474 5.2020427500829092 1.5393229732289899 1.0609355112537731 1.810456685721874 2.8624172322452068 237.08446075674146 1.0694877244532108 2.8405589647591114 1.2138118669390667 319.41719797067344 3.3947511762380591 0.4465888561680903 1.0668564895167947
leaf_count=1686 26 257 34 93 45 467 430 47 50 34 198 99 421 34 54 43 50 71 21 16 22 38 20 42 12 45 26 35 18122 62 29 31 11637 83 7 53
internal_value=0.0070987 -0.0254537 -0.0363478 0.00304843 -0.0116223 0.0373637 0.0158757 -0.00420512 -0.0203207 -0.0392475 0.0201217 0.0165132 0.0230882 0.0106682 -0.0353478 -0.00207312 0.00595793 -0.00345677 -0.017 -0.039706 0.0312493 0.0287349 0.0149245 0.0191106 -0.0340518 -0.0359785 -0.0490342 0.04088 -0.0399785 -0.0188997 -0.0126293 0.0361725 0.0397365 0.02934 -0.0379142 0.00319067
internal_weight=743.323 358.211 258.921 99.2901 57.6263 385.112 39.5018 20.4132 50.2742 246.752 12.1688 12.6424 41.6638 21.5984 7.77081 22.3849 17.0988 12.4134 7.29768 245.159 9.84578 9.32558 5.11573 16.1391 27.8893 26.35 5.31308 7.35216 243.916 6.83188 5.45934 19.0886 345.61 26.193 25.289 2.13634
internal_count=34440 21502 18798 2704 2085 12938 751 290 2005 18544 254 184 619 198 106 255 212 162 92 18510 220 137 70 135 1750 1738 80 80 18494 372 63 461 12187 550 1693 115
is_linear=0
shrinkage=0.04


Tree=88
num_leaves=34
num_cat=0
split_feature=38 20 33 9 38 39 9 1 1 1 12 12 31 4 5 2 9 1 5 11 8 32 21 8 9 10 11 31 10 10 10 14 9
split_gain=439.104 67.8684 26.4267 17.6643 16.7132 11.6451 10.3298 8.45827 6.65249 6.4538 4.42559 4.27073 3.86805 3.46691 3.03926 2.94864 2.94698 2.37131 2.07621 1.9546 1.80635 1.47929 1.1883 0.983168 0.936921 0.776097 0.615141 0.609495 0.59162 0.492837 1.07504 0.447138 0.11307
threshold=0.45795448124408727 0.37199692428112036 0.62500000000000011 0.80901724100112926 0.22028702497482303 1.0000000180025095e-35 0.92403846979141246 0.31666667759418493 0.095454547554254546 0.38750000298023229 0.54181629419326793 0.16701237112283709 0.88562902808189403 0.83438816666603099 0.76506900787353527 0.81530213356018078 0.77459675073623668 0.43650794029235845 0.87585616111755382 0.19399641454219821 0.59675306081771862 0.45000000298023229 0.075000001117587103 0.8155706822872163 0.68356868624687206 0.1490740776062012 0.58102023601531994 0.91839417815208446 0.72474747896194469 0.29705883562564855 0.27525253593921667 1.0000000180025095e-35 0.60943254828453075
decision_type=2 2 2 2 2 2 2 2 2 2 2 2 2 2 2 2 2 2 2 2 2 2 2 2 2 2 2 2 2 2 2 2 2
left_child=1 3 10 4 7 6 8 12 32 14 19 -4 23 15 -10 17 20 -5 26 -3 -9 31 -13 24 -1 -6 -11 -17 -8 30 -7 -21 -2
right_child=5 2 11 13 25 29 28 16 9 18 -12 22 -14 -15 -16 27 -18 -19 -20 21 -22 -23 -24 -25 -26 -27 -28 -29 -30 -31 -32 -33 -34
leaf_value=-0.038368251932325043 0.011452309271706547 0.0091237857728686117 -0.019261588851041664 -0.0010767158517707603 0.049200628429016922 0.031967682225501164 0.037765764596962625 -0.0037900154580931002 -0.063239912197130141 0.00029300176175120881 0.015242333341860337 0.0037717901944469812 0.020839844670885756 0.034381493582945163 -0.0027246456862780777 -0.021688350322617473 -0.0204333179281781 0.029135441768378179 -0.016161139402055547 -0.040303089968067612 0.023796528431009815 -0.0048650652782770091 0.038046862226979776 0.0041526548718052621 -0.010226335814493866 0.012918562594798351 0.027258142197708779 0.00099005358454250301 0.0033987653159758945 0.040399485863972115 0.0048341348278721713 -0.0067467726232203007 0.032833382245190425
leaf_weight=26.435928089544188 3.5228993706405189 0.6987425722181787 2.3015148658305398 5.9502395307645264 4.500629764981567 22.201480085030202 17.265564195811752 5.7416989617049712 3.685915636830031 2.1170687964186055 1.5757343508303154 2.5289721228182298 1.0992264477536071 19.474074553698301 1.942452475428581 2.810526341199874 4.7613746831193557 10.052722139284013 3.2847219742834568 231.57154618110508 7.0748274996876717 2.4727575983852139 7.0808582445606589 0.56836780905723472 3.6468432210385791 2.8423285000026226 2.7450893558561802 2.6793996952474117 1.2098472211509932 307.21288689412177 3.379860956221818 1.4215063834562887 2.8996118307113647
leaf_count=1801 44 24 34 37 45 467 430 59 68 34 34 44 14 421 20 25 36 98 48 18401 44 43 176 2 49 35 45 38 31 11637 83 42 31
internal_value=0.00706215 -0.0252126 -0.0362161 0.00301952 -0.0113176 0.0372217 0.015551 -0.0199222 -0.00421794 -0.0194498 -0.0391371 0.0197566 -0.0317919 0.0226021 -0.0471888 0.0103121 0.00221293 0.0185897 0.00382819 -0.0396053 0.0121233 -0.039819 0.0308416 -0.0346631 -0.035659 0.0397231 0.0184591 -0.0122436 0.0359396 0.0396548 0.0289017 -0.0401495 0.0255399
internal_weight=718.757 347.29 249.652 97.6382 56.6712 371.467 38.6732 49.3283 20.1978 13.7752 237.74 11.9113 31.7504 40.967 5.62837 21.4929 17.5779 16.003 8.14688 236.165 12.8165 235.466 9.60983 30.6511 30.0828 7.34296 4.86216 5.48993 18.4754 332.794 25.5813 232.993 6.42251
internal_count=34440 21502 18798 2704 2085 12938 751 2005 290 215 18544 254 1866 619 88 198 139 135 127 18510 103 18486 220 1852 1850 80 79 63 461 12187 550 18443 75
is_linear=0
shrinkage=0.04


Tree=89
num_leaves=40
num_cat=0
split_feature=38 23 4 12 11 23 5 19 36 13 6 7 10 3 21 4 24 4 11 36 19 1 19 38 4 6 22 31 10 10 10 1 11 12 12 12 4 19 19
split_gain=419.603 66.0508 17.0385 11.7782 14.6132 11.5585 9.7252 8.66891 7.6335 11.1282 6.04105 3.96081 3.63243 3.46085 3.28344 3.24795 2.82831 2.5161 2.48196 2.18822 1.66806 1.52206 2.11296 1.40039 1.36499 1.21947 1.13644 0.647192 0.618601 0.59339 1.04632 0.482273 0.442196 0.907729 0.389669 1.62598 0.366159 0.218651 0.964219
threshold=0.45795448124408727 1.0000000180025095e-35 0.82519841194152843 0.18205127120018008 0.25728431344032293 1.0000000180025095e-35 0.92403846979141246 0.82426470518112194 0.36666667461395269 0.45000000298023229 0.350877195596695 0.35685387253761297 0.17752101272344592 0.91112279891967785 0.27500000596046453 0.92907443642616283 0.0083683477714657801 0.60660174489021312 0.66815477609634411 0.16666667163372043 0.88603895902633678 0.34848485887050634 0.79516318440437328 0.84060943126678478 0.76689496636390697 0.6049489974975587 0.92499998211860668 0.48871988058090216 0.74456521868705761 0.29705883562564855 0.27525253593921667 0.38750000298023229 0.19399641454219821 0.021531533449888233 0.35851633548736578 0.4060333669185639 0.83438816666603099 0.50423729419708263 0.4743421077728272
decision_type=2 2 2 2 2 2 2 2 2 2 2 2 2 2 2 2 2 2 2 2 2 2 2 2 2 2 2 2 2 2 2 2 2 2 2 2 2 2 2
left_child=1 2 3 4 10 29 7 16 9 27 14 -12 -9 17 26 18 -7 -13 32 -4 -11 -19 -23 -14 -15 -18 31 -5 -8 30 -2 37 33 -3 -34 -36 -21 38 -1
right_child=5 15 19 8 -6 6 28 12 -10 20 11 13 23 24 -16 -17 25 21 -20 36 -22 22 -24 -25 -26 -27 -28 -29 -30 -31 -32 -33 34 -35 35 -37 -38 -39 -40
leaf_value=-0.02191084165196322 0.031550363651298541 -0.022428901046697484 -0.01003477397629382 -0.0069026200067572223 -0.03885907946076466 0.0013609366540033791 0.037547033316906599 -0.014623189994044845 0.041066605676945193 0.033681802290985295 0.029666709701771286 0.011340704032708662 0.034626181066966473 0.034051403742928525 0.022870616790841954 0.0023849033489355396 -0.057579650809629249 -0.031662653123135598 0.012646208699399664 0.0085080470328716962 -0.0049827039316493512 0.010531734823421592 -0.018615647800537299 -0.0015208057336053319 -5.918908816067166e-05 -0.0095359154986652556 0.0056461004220008382 -0.042623619363319258 0.00281097078793641 0.040357404283103637 0.0047096002550049655 -0.0004319761077329424 -0.040068993350072919 0.011392059852289874 0.008564214463819296 -0.031958575787876357 0.034168875166032925 -0.036072551043983124 0.013237488482646317
leaf_weight=1.6815594593062955 21.626903777942065 1.746172292158007 1.3217579256743217 1.7721730424091244 27.751318346709013 2.410665454342964 16.535377241671089 3.2314699320122591 9.0085773579776269 6.711873618885873 6.7759294072166076 6.2252463549375596 7.423206113278864 3.635162327438592 1.0289725828915823 2.7682238332927218 3.4983657309785485 4.9376961793750551 0.73381293844431539 2.3361535407602814 1.645683756098151 5.2981288544833642 7.720464862883091 1.7306710481643675 2.6244575940072536 1.8747210185974834 0.83903376944363195 5.1403185883536935 1.1685529798269261 295.47003000602126 3.3654181808233252 0.626545271836222 200.59204648248851 0.74324435833841551 1.7716337963938706 1.9054044317454097 18.192126359790564 10.447898647747932 0.64490081928670395
leaf_count=86 467 85 22 30 2065 25 426 47 95 191 59 49 100 47 21 47 56 44 8 23 19 38 42 39 39 28 17 121 30 11637 83 5 17166 20 34 34 424 646 25
internal_value=0.00703225 -0.0249746 -0.00204945 -0.00885128 -0.0161971 0.0370845 0.0152923 -0.00373574 0.0148639 -0.00276183 -0.00343043 0.00531153 0.0163542 -0.00121895 -0.023399 -0.0386329 -0.0333956 -0.00829091 -0.0392053 0.0288693 0.0260941 -0.0156257 -0.00674273 0.0281857 0.0219463 -0.0465515 -0.0288296 -0.0363624 0.0356541 0.0395723 0.028462 -0.0315343 -0.0394931 -0.0112744 -0.0397439 -0.0151931 0.0320776 -0.0330484 -0.0102099
internal_weight=694.962 336.627 126.366 104.516 80.2373 358.335 37.873 20.1691 24.2786 15.27 52.486 37.2171 12.3853 30.4412 15.2689 210.261 7.78375 24.1815 207.492 21.85 8.35756 17.9563 13.0186 9.15388 6.25962 5.37309 14.2399 6.91249 17.7039 320.462 24.9923 13.4009 206.759 2.48942 204.269 3.67704 20.5283 12.7744 2.32646
internal_count=34440 21502 4108 3639 3183 12938 751 295 456 361 1118 318 186 259 800 17394 109 173 17347 469 210 124 80 139 86 84 779 151 456 12187 550 762 17339 105 17234 68 447 757 111
is_linear=0
shrinkage=0.04


Tree=90
num_leaves=33
num_cat=0
split_feature=38 20 38 8 13 13 9 3 14 3 12 12 29 2 8 7 12 19 24 29 7 23 13 29 12 36 14 20 22 19 19 19
split_gain=413.774 52.5176 18.5384 14.6399 13.893 13.8754 6.60642 6.8521 6.60682 5.63262 5.16789 4.53732 4.26852 7.42277 3.92323 3.08665 2.56714 4.71369 2.17021 1.89586 1.83203 1.7148 1.39613 1.34068 1.28551 1.18742 1.13372 1.13285 1.02282 0.780099 0.230177 0.0144074
threshold=0.36785912513732916 0.25728431344032293 0.62815144658088695 0.84680575132370006 0.30952382087707525 0.21111111342906955 0.64051282405853283 0.65185436606407177 -1.0000000180025095e-35 0.91112279891967785 0.16701237112283709 0.14671076089143756 0.71898147463798534 0.72046512365341198 0.60120484232902538 0.42741556465625768 0.26597504317760473 0.40967366099357611 0.10811688378453256 0.80747354030609142 0.56253433227539074 1.0000000180025095e-35 0.36666667461395269 0.77145501971244823 0.5801178812980653 0.2333333417773247 1.0000000180025095e-35 0.52655076980590831 0.37500000000000006 0.81909090280532848 0.80810147523880016 0.55634921789169323
decision_type=2 2 2 2 2 2 2 2 2 2 2 2 2 2 2 2 2 2 2 2 2 2 2 2 2 2 2 2 2 2 2 2
left_child=1 3 5 9 16 6 8 -8 -2 11 27 12 20 15 -9 19 -3 -18 25 23 -1 -4 29 28 -10 -16 -12 -6 -14 -7 -11 -19
right_child=2 4 21 -5 10 22 7 14 24 30 26 -13 13 -15 18 -17 17 31 -20 -21 -22 -23 -24 -25 -26 -27 -28 -29 -30 -31 -32 -33
leaf_value=-0.036825631953388845 0.017436564247439831 -0.040171007490715012 0.039940214226934646 0.029432700526975539 0.0012436470501282332 -0.0013467843735622291 0.049219081432514876 -0.0316245822614932 -0.049131349480850142 0.0056487429301369718 -0.0012372806320336716 0.034307736673251397 -0.0071533940668434635 -0.035721828409870086 -0.019450043364235569 -0.012313156635809576 0.030402343250320568 -0.0046114130603052269 0.031623594144802529 0.029356413396666434 0.011433738083036516 0.02560097888241664 0.036762374871159222 -0.018467258013902987 -0.0049965469118538504 0.010020147097920486 0.030526596068593363 -0.033002461895848899 0.023552843173518374 0.021755115220319979 0.026944067510330311 -0.03408307416057902
leaf_weight=14.096339963376519 2.9244848173111668 213.24626106116921 285.60134336538613 20.195882199332118 1.8458078540861587 3.3342909663915661 3.4976750481873742 4.031450471840798 7.2999808173626679 2.264815140515565 2.035615524277091 1.4441483877599228 1.7715543387457779 8.6944453334435803 2.5971568441018444 8.3526223488152009 1.728477332741021 0.65373820718377862 2.7736185360699892 6.6566582089290023 0.57140764594078142 25.943448659032583 22.895384397357702 2.1395550705492496 1.6351929344236849 2.9592484403401613 5.4004336427897215 3.5793923772871494 2.6418674625456333 4.0882361624389887 4.2029558289796114 2.7174846865236759
leaf_count=852 40 19023 11580 449 33 45 21 82 163 27 31 12 32 50 36 58 28 25 27 37 3 620 684 39 17 30 136 113 42 65 52 82
internal_value=0.0066306 -0.0278369 0.0350077 0.00169153 -0.0371257 0.0137389 -0.00655444 0.00995 -0.0274401 -0.00939855 0.00280318 -0.0143938 -0.0171033 -0.00771485 -0.0051965 0.00513779 -0.0394912 -0.00812998 0.0102548 0.0165195 -0.0338265 0.0388802 0.0317822 0.000301037 -0.0429184 -0.00457204 0.0227276 -0.0231537 0.0120472 0.0126878 0.0220072 -0.0316315
internal_weight=673.821 304.239 369.582 73.0323 231.207 58.0367 27.7188 15.8591 11.8597 52.8364 12.8612 46.3686 44.9245 30.2567 12.3615 21.5623 218.346 5.0997 8.33002 13.2096 14.6677 311.545 30.3179 6.55298 8.93517 5.55641 7.43605 5.4252 4.41342 7.42253 6.46777 3.37122
internal_count=34534 21124 13410 1653 19471 1210 416 196 220 1204 313 1125 1113 258 175 208 19158 135 93 150 855 12200 794 113 180 66 167 146 74 110 79 107
is_linear=0
shrinkage=0.04


Tree=91
num_leaves=39
num_cat=0
split_feature=12 11 10 9 8 33 33 29 12 36 1 36 8 7 29 8 2 36 2 23 12 10 1 9 9 2 30 11 30 12 10 14 35 12 12 19 9 29
split_gain=393.597 53.759 27.0978 15.9298 11.899 9.92839 5.28825 4.5433 5.92401 3.90188 3.28782 3.00584 5.69666 2.74594 5.57293 3.60488 3.51986 2.37833 2.26386 2.13747 1.91365 1.85838 1.64665 2.02008 1.64602 1.3069 1.30298 0.72659 0.684087 0.600348 0.549683 0.528201 0.312747 0.311626 0.775705 0.231722 0.0486815 0.0290447
threshold=0.23849330097436908 0.19399641454219821 0.29705883562564855 0.74239632487297069 0.84680575132370006 1.0000000180025095e-35 0.87500000000000011 0.71898147463798534 0.083147086203098311 0.43333333730697637 0.44949495792388922 0.36666667461395269 0.78456193208694469 0.35685387253761297 0.91825759410858165 0.75147059559822094 0.72046512365341198 0.30000001192092901 0.90521115064620983 1.0000000180025095e-35 0.54181629419326793 0.21583850681781772 0.31666667759418493 0.68356868624687206 0.77871939539909374 0.25677657127380377 0.51892632246017467 0.30163164436817175 0.70736858248710643 0.4060333669185639 0.18350168317556384 1.0000000180025095e-35 0.25000000745058065 0.9191471040248872 0.93209072947502147 0.73746865987777721 0.77459675073623668 0.74094516038894664
decision_type=2 2 2 2 2 2 2 2 2 2 2 2 2 2 2 2 2 2 2 2 2 2 2 2 2 2 2 2 2 2 2 2 2 2 2 2 2 2
left_child=1 4 3 5 7 9 18 8 10 26 -1 12 21 22 15 16 24 -7 30 29 -21 -5 23 -9 -15 -11 32 -20 -14 -4 31 -3 -2 -22 -35 -16 -13 -6
right_child=2 6 19 11 37 17 -8 13 -10 25 -12 36 28 14 35 -17 -18 -19 27 20 33 -23 -24 -25 -26 -27 -28 -29 -30 -31 -32 -33 -34 34 -36 -37 -38 -39
leaf_value=-0.039571923391425373 -0.040769327736921462 -0.040161119520592273 0.0053659512775595768 -0.026920756913309626 0.0072608986617186625 -0.002304428900654474 0.00078242353606800322 -0.023284536823562251 0.040952603120574978 0.013275261286637178 0.016699373277857622 0.013027315949129887 0.0054477433798163725 -0.021182874782985431 0.0072636577606052903 0.010509580334635756 -0.045753970080793127 0.036009325727154817 0.015716920928040216 -0.0064248785390659978 0.029604816986876458 0.0098596744245149671 0.028206945523987521 0.019694422343579168 0.0075736518452604205 -0.016249695770131335 0.0022727729666507717 -0.013701857644454616 0.0349567521152633 0.040000841479380614 -0.00089536859201592555 -0.0053637677610301427 -0.0076292152353922959 -0.0091570318284932128 0.020195622124848996 0.029553752292202123 0.042875017326793677 0.028768285074574976
leaf_weight=11.981295827776188 12.49945271573961 205.98172457981855 1.3660960514098395 3.9192335298284915 1.4860708117485071 3.6450040834024531 5.1882568560540667 2.0425991490483271 0.55015129782259542 3.9546946063637725 0.96061189100146371 1.8682611770927895 2.2510202545672646 4.912710860371595 2.5861026719212523 4.7298410646617404 6.1921668257564297 5.2746827872470021 0.98530664946883861 2.2808615267276791 17.882616402581338 2.4121811594814062 5.4732659608125687 1.7975163981318472 4.6964810118079185 2.5933428984135389 0.99888315703719932 1.2338198367506263 9.0998656209558231 280.07007198128849 0.71762911323457856 1.3106955168768752 1.3753413772210485 1.2627657428383821 1.5681805014610288 3.2767593618482351 13.735179109498857 17.591184822842479
leaf_count=734 380 19033 45 56 21 55 51 73 5 34 7 22 37 40 18 45 34 75 11 18 488 32 24 9 25 52 21 53 215 11908 16 54 41 33 42 43 261 423
internal_value=0.00659688 -0.0287186 0.0338293 0.00977164 0.0021579 -0.01089 -0.0384637 -0.00826314 -0.0267189 -0.025237 -0.0338766 0.0283129 0.0149062 -0.000438855 -0.00708672 -0.0168709 -0.0255367 0.0219446 -0.039442 0.0387801 0.0238059 -0.0132419 0.0165299 -0.00266167 -0.00795773 0.000364081 -0.0356775 -9.8359e-05 0.0304815 0.0398646 -0.0398677 -0.0399889 -0.0386093 0.0274684 0.00806587 0.0230478 0.0407784 0.0277657
internal_weight=651.752 283.694 368.058 63.6271 68.2768 30.3414 215.417 49.1995 13.4921 21.4217 12.9419 33.2857 17.6823 35.7074 26.3941 20.5312 15.8014 8.91969 210.229 304.431 22.9944 6.33141 9.31338 3.84012 9.60919 6.54804 14.8737 2.21913 11.3509 281.436 208.01 207.292 13.8748 20.7136 2.83095 5.86286 15.6034 19.0773
internal_count=34534 20719 13815 1281 1501 658 19218 1057 746 528 741 623 340 311 205 144 99 130 19167 12534 581 88 106 82 65 86 442 64 252 11953 19103 19087 421 563 75 61 283 444
is_linear=0
shrinkage=0.04


Tree=92
num_leaves=36
num_cat=0
split_feature=38 20 38 33 3 32 36 29 38 14 2 29 10 9 1 11 10 35 11 9 23 29 1 29 5 10 10 9 38 2 29 29 5 21 10
split_gain=377.636 49.9965 18.0467 14.7907 12.7569 11.8466 10.5014 4.96731 5.13449 4.867 4.62846 4.90557 3.89814 3.54485 3.45042 3.09079 2.89084 3.26847 3.44596 2.45289 1.85708 1.55237 1.81182 1.95779 1.53736 0.938313 0.929875 0.848585 0.599816 0.582767 0.518192 0.882188 0.422748 0.0696874 0.0512775
threshold=0.36785912513732916 0.25728431344032293 0.62815144658088695 0.62500000000000011 0.91112279891967785 0.36666667461395269 0.36666667461395269 0.71898147463798534 0.22028702497482303 -1.0000000180025095e-35 0.72046512365341198 0.90814155340194713 0.10912698507308961 0.77459675073623668 0.10555555671453477 0.65419578552246105 0.11651583760976793 0.25000000745058065 0.33018615841865545 0.91331186890602123 1.0000000180025095e-35 0.89906084537506115 0.38750000298023229 0.77145501971244823 0.99504950642585765 0.17752101272344592 0.65942031145095836 0.57735043764114391 0.58716276288032543 0.65142410993576061 0.84176135063171398 0.99861112236976635 0.62575301527977001 0.075000001117587103 0.6885775923728944
decision_type=2 2 2 2 2 2 2 2 2 2 2 2 2 2 2 2 2 2 2 2 2 2 2 2 2 2 2 2 2 2 2 2 2 2 2
left_child=1 4 5 16 7 6 9 8 24 -2 21 -12 -5 14 27 19 -3 18 -18 28 -4 22 23 32 -1 -22 -27 -8 -11 -25 -6 -32 -9 -14 -28
right_child=2 3 20 12 30 -7 13 10 -10 15 11 -13 33 -15 -16 -17 17 -19 -20 -21 25 -23 -24 29 -26 26 34 -29 -30 -31 31 -33 -34 -35 -36
leaf_value=-0.037229279664658999 0.011352341478438045 -0.040109672202361973 0.039825735958964888 -0.022058060623977388 0.0075114635977543602 0.036139832121921497 0.0026326352459752683 0.02531582570682573 0.029613497213124573 -0.045951909568815993 -0.038608919839741358 0.010983676206123678 0.0065924487611367637 0.043005546638361647 -0.024150936084332778 0.0093636202335717761 0.0170880301780689 0.021811138255853232 -0.036716262463933773 0.0043209482483680568 -0.0021788557408932052 -0.0092643180565705734 0.025729300418468208 -0.021789917303591567 0.0076658335494486501 0.0321602186281175 0.0039143571578866736 0.032333029995765379 -0.0085100977099083729 0.0010205643484194444 0.037018975208895501 0.013696254997899386 0.0023289768091097236 0.030945576095226697 0.014252264043156986
leaf_weight=13.346910211257633 5.2206448204815379 197.03354927618057 264.46393876057118 2.2271344074979407 3.448350507766011 20.69381364621222 2.9538409579545242 2.5378128523007089 1.0717308074235905 9.929386852309106 6.7635103762149793 4.0152947632595897 1.3473785975947974 6.1832444705069056 2.7699213204905391 1.9952622242271889 1.4115682551637272 1.8123516850173471 6.1225770227611065 1.6087066680192954 1.4738973639905477 4.5258924327790728 8.9118018485605699 2.9705572333186865 0.69735133647918779 16.028528010472659 3.4346093647181979 2.7366495188325644 1.6162501405924565 2.3467235593125224 10.577567957341673 7.0538012459874144 2.5326855285093188 4.7896710066124797 3.8542703092098236
leaf_count=854 58 19079 11580 38 57 666 44 53 11 234 44 42 28 67 53 23 16 32 158 22 10 32 50 52 4 414 94 25 18 19 234 177 24 120 102
internal_value=0.00656743 -0.0273743 0.0346656 -0.0369279 0.00173397 0.0133032 -0.00108274 -0.00930792 -0.0272677 -0.0191346 -0.000600895 -0.0206664 0.0130116 0.0233132 0.00448537 -0.0299217 -0.0390426 -0.0139413 -0.0250696 -0.0364961 0.0386847 0.00912366 0.0139615 0.00174933 -0.0342752 0.0248671 0.0267277 0.0208283 -0.0423248 -0.0132647 0.0267493 0.0295824 0.0171154 0.0280438 0.0111364
internal_weight=630.507 285.544 344.963 214.744 70.8 55.7077 35.0139 49.7203 15.116 20.3703 34.6043 10.7788 8.36418 14.6437 8.46041 15.1496 206.38 9.3465 7.53415 13.1543 289.255 23.8255 19.2996 10.3878 14.0443 24.7913 23.3174 5.69049 11.5456 5.31728 21.0797 17.6314 5.0705 6.13705 7.28888
internal_count=34534 21124 13410 19471 1653 1210 544 1185 869 355 316 86 186 189 122 297 19285 206 174 274 12200 230 198 148 858 620 610 69 252 71 468 411 77 148 196
is_linear=0
shrinkage=0.04


Tree=93
num_leaves=43
num_cat=0
split_feature=38 20 33 8 38 23 9 29 24 4 7 5 22 24 30 38 5 9 21 38 32 32 31 31 6 24 30 31 29 6 9 8 4 29 8 35 4 35 14 38 31 14
split_gain=360.756 49.4639 18.3192 13.5256 13.1219 11.5379 12.1404 9.86357 4.45412 4.39066 4.60712 4.15922 3.43002 3.31854 3.10754 2.71411 2.08036 1.88495 1.80355 1.62492 3.53802 2.58439 1.3782 2.01798 1.98015 1.2374 0.988267 0.911725 0.778441 0.707028 0.694325 0.623164 0.621504 0.56777 0.543681 0.488042 0.259457 0.20187 1.05302 0.0759491 0.0655951 0.0106686
threshold=0.43274678289890295 0.36406117677688604 0.62500000000000011 0.84680575132370006 0.22028702497482303 1.0000000180025095e-35 0.89825496077537548 0.71898147463798534 0.0083683477714657801 0.82519841194152843 0.42741556465625768 0.76506900787353527 0.37500000000000006 0.10811688378453256 0.58875668048858654 0.18018589168787005 0.99504950642585765 0.60943254828453075 0.075000001117587103 0.62815144658088695 0.30952382087707525 1.0000000180025095e-35 0.68275979161262523 0.82893744111061107 0.4041856080293656 0.091608393937349333 0.3571800589561463 0.99850746989250194 0.74608466029167186 0.2762733399868012 0.13446328043937686 0.46027742326259619 0.11294180154800416 0.81750240921974193 0.039607843384146697 1.0000000180025095e-35 0.72834226489067089 0.35000000894069677 -1.0000000180025095e-35 0.61530229449272167 0.85889065265655529 1.0000000180025095e-35
decision_type=2 2 2 2 2 2 2 2 2 2 2 2 2 2 2 2 2 2 2 2 2 2 2 2 2 2 2 2 2 2 2 2 2 2 2 2 2 2 2 2 2 2
left_child=1 3 25 4 7 19 8 16 17 10 22 28 14 -13 -12 -4 -1 -7 -17 20 21 31 29 -24 26 27 -25 30 -10 -9 -3 -2 -6 -5 35 -32 -8 41 -39 -22 -30 -36
right_child=5 2 15 33 32 6 36 9 11 -11 12 13 -14 -15 -16 18 -18 -19 -20 -21 39 -23 23 24 -26 -27 -28 -29 40 -31 34 -33 -34 -35 37 -37 -38 38 -40 -41 -42 -43
leaf_value=-0.038612546106961826 0.031750124828485417 -0.002678551518648699 -0.017251956158702366 0.0072175247616988684 0.011097952342268291 -0.0041311084945211494 0.0094128103671173718 0.0066596957567978225 -0.055223332453798436 0.029739286845305846 -0.024228918043773331 -0.024036839385816633 -0.038236684817958444 0.023353094666470755 0.014585020154298136 -0.0041326756000600873 0.0094311097217650158 0.032734680168019142 0.033743717418569019 0.039767536251354783 0.037739463387082055 -0.015329969849963897 0.0345636737859428 -0.027444066479117429 0.016938472551175678 0.0001707337886745414 0.0032578190352115345 -1.4013705031535943e-05 -0.016984783909532779 -0.02380087214723791 0.0076023326070537491 0.0054076297530057686 0.044516909098511429 0.030435989735022449 -0.040365809198292232 -0.018090842847298418 0.037676913528405777 0.010968125291299941 -0.025084275330516933 0.011202478307198623 -0.0015496665781440308 -0.011945608975188371
leaf_weight=20.681006032042209 2.4684499017894286 1.1374182226136316 2.092576114460825 3.2880524508655098 2.5925242947414509 3.4962291875854161 1.9028152953833366 0.92213482130318825 3.0890651582740229 4.1752704940736285 4.5138893602415937 2.9124396592378616 7.8798663318157187 3.3414541073143482 5.4266681559383869 2.1610123608261329 0.87593355122953553 2.9273912534117699 5.8748545423150063 254.46071476303041 16.446542445570234 4.0540861375629902 3.1751413233578196 2.2049938943237049 5.0706851230934262 1.1446761293336738 2.1833013072609901 0.81393280252814193 1.2529156925156715 1.5755541073158381 0.75959263369440977 3.6305064111948013 4.7766828909516335 16.739266879856586 183.29488748963922 1.2686539161950348 16.194905275478959 0.65045392233878363 3.7414076160639516 1.9531931858509768 1.2100823028013108 1.7336891554296006
leaf_count=1630 40 78 39 45 23 57 37 40 54 56 32 28 74 57 45 43 8 30 169 11580 551 41 51 46 34 16 16 22 34 35 38 44 50 419 17861 97 453 28 367 76 36 54
internal_value=0.00653927 -0.0256225 -0.0362563 -0.000132439 -0.00894702 0.0358112 0.013766 -0.0154889 -0.00896151 -0.00256851 -0.00788089 -0.0226313 -0.0209211 0.000517571 -0.00385038 0.0142347 -0.0360393 0.0153059 0.0242025 0.0385482 0.026178 0.00580573 0.00783364 0.0132631 0.00213317 -0.0389859 -0.0146629 -0.03923 -0.0436257 -0.0134252 -0.0394076 0.0203654 0.0366306 0.0274368 -0.0395953 -0.0087788 0.0356819 -0.0398447 -0.0179183 0.0360388 -0.013574 -0.040207
internal_weight=610.095 290.754 204.673 86.081 66.0537 319.341 36.3273 58.6844 18.2296 37.1275 32.9522 11.806 17.8204 6.25389 9.94056 10.1284 21.5569 6.42362 8.03587 283.013 28.5528 10.153 15.1318 12.6341 9.45898 194.545 4.3883 193.4 5.55206 2.49769 192.586 6.09896 7.36921 20.0273 191.449 2.02825 18.0977 189.42 4.39186 18.3997 2.463 185.029
internal_count=34534 21416 18812 2604 2140 13118 786 2067 296 429 373 209 151 85 77 251 1638 87 212 12332 752 125 222 147 96 18561 62 18545 124 75 18523 84 73 464 18445 135 490 18310 395 627 70 17915
is_linear=0
shrinkage=0.04


Tree=94
num_leaves=37
num_cat=0
split_feature=38 20 10 8 38 23 9 29 19 33 1 10 31 2 29 7 1 30 10 8 33 10 5 2 2 38 29 31 8 29 8 32 31 10 31 13
split_gain=344.541 48.1299 18.8225 12.7892 12.4104 11.4498 11.7181 9.57292 6.53192 4.85138 3.34118 2.80541 2.21365 4.57423 2.97171 2.0696 2.60492 2.27369 1.99273 2.78548 2.63703 3.31243 1.7387 4.29057 1.38971 1.36127 1.09791 0.995198 0.780382 0.557271 0.528099 0.891169 0.485295 0.482586 0.317023 0.264423
threshold=0.43274678289890295 0.36406117677688604 0.28991597890853887 0.84680575132370006 0.22028702497482303 1.0000000180025095e-35 0.89825496077537548 0.71898147463798534 0.82426470518112194 0.87500000000000011 0.44949495792388922 0.17752101272344592 0.91619548201560985 0.72046512365341198 0.89225891232490551 0.42741556465625768 0.38750000298023229 0.58875668048858654 0.31698563694953924 0.69309264421463024 1.0000000180025095e-35 0.23904761672019961 0.5030120611190797 0.60495716333389293 0.64747309684753429 0.81543064117431652 0.6111552119255067 0.98758503794670116 0.46027742326259619 0.81750240921974193 0.039607843384146697 0.18333333730697635 0.40615400671958929 0.74456521868705761 0.58301261067390453 0.45000000298023229
decision_type=2 2 2 2 2 2 2 2 2 2 2 2 2 2 2 2 2 2 2 2 2 2 2 2 2 2 2 2 2 2 2 2 2 2 2 2
left_child=1 3 9 4 7 18 8 10 24 27 -1 -10 13 15 -15 16 22 -17 19 20 21 -2 -9 -24 26 -13 -7 30 -22 -5 31 -3 -6 -8 -4 -32
right_child=5 2 34 29 32 6 33 12 11 -11 -12 25 -14 14 -16 17 -18 -19 -20 -21 28 -23 23 -25 -26 -27 -28 -29 -30 -31 35 -33 -34 -35 -36 -37
leaf_value=-0.039459043132813419 0.01525615466220301 -0.020312642301729841 0.031456880008032852 0.0070399203198791439 0.012104000041990174 -0.012303732961771174 0.03732531737913717 0.025143584261716451 -0.014276012660023065 -3.8206943710844834e-05 0.016665452736429932 0.031702114091407982 0.019936563759147426 -0.041560243261367542 0.00017866929208894662 -0.026158972563190566 0.034608943221004392 0.0089316300381856398 0.039830235811776991 0.036468907310949594 0.034935212770798543 -0.031639644163793154 -0.033897002333356456 0.016214923479577564 -0.007032301420853657 -0.0043615648608768941 -0.059420960085095641 -0.00035668363025142017 0.005962406687486258 0.030065258497134754 -0.040083311868314715 0.014415085489501805 0.043476767113994098 0.0047047539075770117 0.00081021279287943478 -0.011182685163038483
leaf_weight=19.886945551261309 3.6862247660756129 1.5819515464827412 5.1386069431900969 3.2719310950487879 2.7809988111257544 2.2848559878766563 16.210324032232169 1.766687428578736 3.3538162391632778 5.162847325205802 0.95127709954976936 5.5315988445654511 4.4066321756690732 6.0321017885580641 3.9098298009485006 4.5801121480762941 4.0751132294535628 4.2534577734768391 243.08697438519448 16.024969797581434 3.8592897616326809 2.8454002663493156 3.644618509337306 4.2745621260255575 2.9943065773695707 1.5369572490453718 2.3554536127485335 1.1472144769504655 3.2476962115615606 16.295400438830256 181.14994625328109 0.46906109992414702 4.5545461103320122 1.3167815431952465 0.74824167601764191 2.0779831148684016
leaf_count=1631 42 133 193 45 25 28 454 47 57 50 7 83 59 51 32 44 19 30 11613 513 80 35 97 50 46 38 44 34 49 419 18328 6 48 36 22 46
internal_value=0.00650124 -0.025364 -0.0361137 -8.56164e-05 -0.00869362 0.0356496 0.0134887 -0.0151362 -0.00882742 -0.0383216 -0.0358088 0.0111938 -0.00248071 -0.00635042 -0.0269256 0.00374901 0.0129678 -0.0101457 0.0384457 0.0256699 0.0104902 -0.00696887 0.000256214 -0.00834647 -0.0337635 0.0240499 -0.0450282 -0.0393725 0.0251595 0.0270371 -0.039601 -0.00898939 0.0356853 0.0354541 0.028596 -0.0398585
internal_weight=590.495 282.16 197.476 84.6842 65.1169 308.335 35.5841 57.7813 18.057 191.589 20.8382 10.4224 36.9431 32.5365 9.94193 22.5946 13.761 8.83357 272.751 29.6636 13.6386 6.53163 9.68587 7.91918 7.63462 7.06856 4.64031 186.426 7.10699 19.5673 185.279 2.05101 7.33554 17.5271 5.88685 183.228
internal_count=34534 21416 18812 2604 2140 13118 786 2067 296 18597 1638 178 429 370 83 287 213 74 12332 719 206 77 194 147 118 121 72 18547 129 464 18513 139 73 490 215 18374
is_linear=0
shrinkage=0.04


Tree=95
num_leaves=43
num_cat=0
split_feature=38 20 13 3 4 20 12 12 30 32 20 9 2 3 34 1 1 3 2 38 12 4 29 8 14 3 12 5 12 4 12 33 1 38 12 36 8 14 12 29 8 33
split_gain=318.359 53.3845 17.378 14.4887 12.0933 11.8591 23.8634 11.7998 4.83577 3.9859 3.6108 3.3028 2.89744 6.84356 2.81341 2.7716 3.35075 4.53489 2.82108 2.77132 1.84538 1.75945 2.87405 1.59506 1.56357 1.51523 2.2754 1.89011 1.51673 1.42796 1.31536 1.77981 1.10448 0.927511 0.788684 0.750038 0.675283 0.628419 0.603774 0.434249 0.324115 0.0102384
threshold=0.36785912513732916 0.25728431344032293 0.45000000298023229 0.92577046155929577 0.82519841194152843 0.53144779801368724 0.5801178812980653 0.54181629419326793 0.22806944698095324 0.30952382087707525 0.70389267802238475 0.93643954396247875 0.7243877947330476 0.90103206038475048 0.75000000000000011 0.34848485887050634 0.16025641560554507 0.86663055419921886 0.61257407069206249 0.22028702497482303 0.23849330097436908 0.31139971315860754 0.88097617030143749 0.68237251043319713 -1.0000000180025095e-35 0.88630625605583202 0.7721180021762849 0.89009663462638866 0.91006034612655651 0.76689496636390697 0.22836096584796908 1.0000000180025095e-35 0.10555555671453477 0.28706936538219457 0.69633406400680553 1.0000000180025095e-35 0.58919963240623485 -1.0000000180025095e-35 0.28577655553817755 0.85189995169639599 0.60120484232902538 0.87500000000000011
decision_type=2 2 2 2 2 2 2 2 2 2 2 2 2 2 2 2 2 2 2 2 2 2 2 2 2 2 2 2 2 2 2 2 2 2 2 2 2 2 2 2 2 2
left_child=1 4 3 5 8 21 11 9 20 30 19 35 15 -14 -5 16 32 23 -17 -11 -1 -2 36 -18 -8 28 -27 -28 34 -15 41 33 -10 38 -26 40 -23 -37 -32 -6 -7 -3
right_child=2 7 -4 14 39 6 24 -9 12 10 -12 -13 13 29 -16 18 17 -19 -20 -21 -22 22 -24 -25 25 26 27 -29 -30 -31 31 -33 -34 -35 -36 37 -38 -39 -40 -41 -42 -43
leaf_value=-0.034257845433128722 0.04655478845430331 -0.040013717374333367 0.039918993116260598 0.039233503073122629 0.0037883385374474529 -0.024281395338468958 0.033872155572679134 0.027007323709918478 0.044739262587242798 -0.016314458990242402 -0.036451665534699959 0.005456205808482344 -0.03991227447113873 0.024338300895157605 -0.01066074775613988 0.039029617735670846 -0.036254545874576209 0.01368053325883797 0.0037560233622336032 0.029655874946589625 0.013164337865205338 -0.017756533829426706 0.03427381696182439 0.0045747301140674828 0.0022074976778641495 0.019252635126542995 -0.048882294843893018 0.0041304435192327958 -0.012424774946785169 -0.0057446384893921299 -0.012555311515660002 0.010158664790483734 0.00037835122579442843 -0.033810762186688902 0.031538988078012226 -0.013285346328162362 0.0070443626672707128 -0.055758948957027155 0.017288594735154348 0.034645348553473843 -0.00097172270241917497 -0.0028555495674515282
leaf_weight=8.4690067199990118 6.9650685731321564 173.37336085923016 222.01945526245981 35.596048086881638 1.239960260689261 1.5973852928727876 7.9037529323250064 3.5264427177608004 1.0554337268695264 2.3568352377042157 2.7723154667764902 1.7277311049401767 6.2838030811399204 4.0418266113847494 1.1798314061015833 5.2789954729378215 6.5534536279737932 5.3523908434435725 8.3918558433651906 3.1108910897746682 0.60745792090892869 2.260739282704888 4.048358116298914 1.3087355531752107 2.3170072101056558 1.4261900279670965 0.93257858604192767 1.3411335982382295 1.0871097967028616 3.4546428769826889 0.75664417352527269 1.9348339186981318 1.3558608107268808 4.0626770984381437 5.1510150693356991 1.8160385247319908 1.8407507222145794 10.165942961815745 0.47306071687489748 15.11604569852352 1.7064382564276455 0.31405475363135238
leaf_count=725 80 18805 10766 1348 33 40 379 133 16 69 65 27 41 56 52 27 165 32 54 33 3 37 65 12 50 37 30 50 35 42 65 43 52 238 156 22 35 218 13 385 20 5
internal_value=0.00663665 -0.0258369 0.0339017 0.0184706 0.00440025 0.004599 -0.00763414 -0.0365513 -0.00514982 -0.0379525 -0.00859112 -0.0407406 0.000723593 -0.0134463 0.0371806 0.00779957 -0.00356066 -0.0121415 0.0200031 0.0101652 -0.0293374 0.032742 0.0154131 -0.0293818 0.0210933 0.0099476 -0.00870179 -0.0276941 0.0183187 0.0114049 -0.0391982 -0.0166072 0.029133 -0.0268015 0.0244771 -0.0462651 -0.00713867 -0.0515313 0.001266 0.0328248 -0.0168539 -0.0399773
internal_weight=572.273 261.191 311.083 89.0631 68.5095 52.2872 37.1723 192.681 52.1535 189.155 8.24004 17.0135 43.077 13.7803 36.7759 29.2967 15.6259 13.2146 13.6709 5.46773 9.07646 15.1149 8.14985 7.86219 20.1588 12.255 3.6999 2.27371 8.55513 7.49647 180.915 7.22722 2.41129 5.29238 7.46802 15.2858 4.10149 11.982 1.2297 16.356 3.30382 173.687
internal_count=34559 21112 13447 2681 1643 1281 1064 19469 1225 19336 167 327 497 139 1400 358 277 209 81 102 728 217 137 177 737 358 117 80 241 98 19169 359 68 316 206 300 72 240 78 418 60 18810
is_linear=0
shrinkage=0.04


Tree=96
num_leaves=40
num_cat=0
split_feature=38 11 10 10 19 4 33 33 4 4 38 1 2 12 2 8 36 10 23 35 8 29 30 4 36 8 24 14 8 11 8 24 29 38 33 29 19 19 19
split_gain=303.968 49.1112 17.4632 14.0632 10.6889 10.1456 8.50491 4.62443 4.1954 4.01202 3.90426 3.378 5.93041 4.95365 4.62091 4.12173 2.41566 2.82944 2.18305 2.06457 2.06195 2.02994 2.45687 2.01871 1.68386 4.65818 2.78221 1.26236 1.1556 0.98516 0.932722 0.824051 0.589828 0.531816 0.440447 0.382985 0.346903 0.0603851 1.12853
threshold=0.36785912513732916 0.19399641454219821 0.34166666865348821 0.11651583760976793 0.86425063014030468 0.82519841194152843 0.62500000000000011 1.0000000180025095e-35 0.81754159927368175 0.340024083852768 0.66794970631599437 0.34848485887050634 0.61257407069206249 0.10364469513297082 0.6569296419620515 0.58397436141967785 0.36666667461395269 0.29705883562564855 1.0000000180025095e-35 0.25000000745058065 0.87298336625099193 0.84449404478073131 0.72733286023139965 0.90521115064620983 0.2333333417773247 0.69309264421463024 0.0076340327505022296 1.0000000180025095e-35 0.72065573930740368 0.31892949342727667 0.64346247911453258 0.077777776867151274 0.97228392958641063 0.76249682903289806 0.87500000000000011 0.85189995169639599 0.82952776551246654 0.50423729419708263 0.48528139293193823
decision_type=2 2 2 2 2 2 2 2 2 2 2 2 2 2 2 2 2 2 2 2 2 2 2 2 2 2 2 2 2 2 2 2 2 2 2 2 2 2 2
left_child=1 5 4 23 6 11 8 19 9 -2 28 13 -13 14 20 -14 17 -9 -4 29 32 -17 -23 27 25 26 -6 34 -11 -5 -29 -27 37 -20 -3 -7 -10 38 -1
right_child=2 3 18 7 24 35 -8 16 36 10 -12 12 15 -15 -16 21 -18 -19 33 -21 -22 22 -24 -25 -26 31 -28 30 -30 -31 -32 -33 -34 -35 -36 -37 -38 -39 -40
leaf_value=-0.024380389455333256 0.0084625704905521779 -0.040052507596647038 0.039720028436663612 0.0017837568599837024 0.015981889112067178 0.0036871720682964833 0.033242079544400713 -0.022731852586059965 0.025029794691136177 -0.047051827814832796 0.00958326498194563 0.037864682590996263 -0.033496231295690203 0.041719513511774942 0.0059352699084024001 0.022545207526245604 0.044342852131610537 0.024903392482388771 0.0037703234096331333 0.012819436717592938 0.014784771048904926 -0.01890154690515072 0.016461812871476168 -8.7667730597173525e-05 0.037769347361641267 0.00044309639913783869 -0.030704406254820356 -0.021558679063540649 -0.0098852229816143306 -0.034107842909354577 0.0098525750764365556 0.035123156212680348 -0.00036646627775117956 0.024579319729916574 -0.00045926866804203866 0.03317033611386206 0.00029815676718776481 -0.037735372227611481 0.013502276441141825
leaf_weight=2.0952979577705331 4.1262032631784775 168.2570573547855 223.12851068377495 1.1174649344757179 2.2465296769514707 1.2355373073369254 5.8443311695009461 2.3520144755020738 2.1763382703065868 9.4409179743379337 2.2148236427456132 5.2162440270185497 4.2930249869823482 0.83866282366216083 7.4571681153029195 5.1391170844435683 2.5314977187663317 2.5259472914040089 3.1494991313666132 1.5134764350950716 0.59469632804393846 6.2582860328257066 3.6320600472390652 2.0099409557878962 17.147778454236686 1.0878231534734357 3.0730656674131751 1.6749926218762987 2.6843058699741951 5.0332653447985649 1.402992360293865 8.3811890929937345 0.85011526942253191 14.639629248529671 0.37609547004103561 14.031626615673302 1.1580717619508503 12.131431574933229 0.61757407337427128
leaf_count=112 50 19111 11510 14 49 33 184 44 53 190 33 28 21 5 50 46 29 111 62 30 2 51 55 58 399 19 59 53 37 139 12 290 3 481 5 379 31 700 21
internal_value=0.00660001 -0.0256006 0.0337298 -0.0358221 0.0138293 0.0044658 -0.00428289 0.00101094 -0.015974 -0.023364 -0.0326496 -0.00453255 0.00574981 -0.0146206 -0.019144 -0.00500462 0.0215086 0.00175215 0.0385288 -0.0188451 -0.0302873 0.00536064 -0.00516248 -0.0390121 0.0290514 0.0162992 -0.0113667 -0.0394748 -0.0408649 -0.0280843 -0.00825297 0.0314598 -0.0333484 0.0215683 -0.0399564 0.0313389 0.0187839 -0.0350397 -0.0134375
internal_weight=553.685 253.186 300.499 188.795 59.5814 64.3908 27.645 15.0737 21.8007 18.4663 14.34 49.1237 24.5387 24.5849 23.7463 19.3225 7.40946 4.87796 240.918 7.66421 16.2891 15.0295 9.89035 173.721 31.9364 14.7886 5.3196 171.711 12.1252 6.15073 3.07798 9.46901 15.6944 17.7891 168.633 15.2672 3.33441 14.8443 2.71287
internal_count=34559 21112 13447 19606 1394 1506 578 367 394 310 260 1094 201 893 888 173 184 155 12053 183 838 152 106 19239 816 417 108 19181 227 153 65 309 836 543 19116 412 84 833 133
is_linear=0
shrinkage=0.04


Tree=97
num_leaves=37
num_cat=0
split_feature=38 20 10 10 20 4 4 11 20 10 6 33 2 7 19 19 2 1 39 10 2 10 4 11 5 8 2 8 9 4 21 38 4 19 19 20
split_gain=290.026 50.477 17.256 15.0162 14.8454 13.4625 10.956 7.19125 4.74579 6.81851 4.55537 3.61593 2.79416 3.61113 2.7919 4.51605 2.54208 2.27759 2.24787 1.74557 1.55201 1.48279 1.32705 1.1673 1.01436 1.32249 0.891267 0.723074 0.708028 1.54779 0.536726 0.515155 0.241437 0.186138 1.03647 0.0879946
threshold=0.36785912513732916 0.25728431344032293 0.34166666865348821 0.11651583760976793 0.53144779801368724 0.81754159927368175 0.82519841194152843 0.68480810523033153 0.52060455083847057 0.29705883562564855 0.22806944698095324 0.62500000000000011 0.7243877947330476 0.71943116188049328 0.86754387617111217 0.63003221154212963 0.58499062061309826 0.38750000298023229 1.0000000180025095e-35 0.13484849035739901 0.53694942593574535 0.086335405707359328 0.74322345852851879 0.34930197894573217 0.34094446897506719 0.70064935088157665 0.81530213356018078 0.77459675073623668 0.6789083480834962 0.56070175766944896 1.0000000180025095e-35 0.76249682903289806 0.90521115064620983 0.82952776551246654 0.79516318440437328 0.62233561277389537
decision_type=2 2 2 2 2 2 2 2 2 2 2 2 2 2 2 2 2 2 2 2 2 2 2 2 2 2 2 2 2 2 2 2 2 2 2 2
left_child=1 6 4 32 21 7 10 11 -5 23 19 24 14 22 15 20 17 -17 31 -1 -12 -2 -14 -10 -6 -26 -15 -7 29 -16 -18 -4 -3 34 -8 -25
right_child=2 3 18 8 5 27 33 -9 9 -11 12 -13 13 26 28 16 30 -19 -20 -21 -22 -23 -24 35 25 -27 -28 -29 -30 -31 -32 -33 -34 -35 -36 -37
leaf_value=-0.033898627894422925 -0.00070708281083484202 -0.039964494759327521 0.0036737012332996818 0.030687693574667625 -0.0077387980752347766 0.0003390344772365562 0.024710611074054766 0.026671166097928169 0.0019103331329644716 0.027241593304188735 -0.005235512606382795 0.011717149388938038 -0.0045639073888171979 0.02561540249559667 0.023431368829666767 -0.018128206305494988 -0.011528017902693255 0.033173870334326283 0.039667512751354828 0.012728660483149619 0.02586021377414964 0.037579430835388429 -0.035954330691322402 -0.0069769540912908721 -0.048498935921045823 -0.013388225364607445 -0.0039185935590779859 0.032188890035747833 0.029829329530032603 -0.014341920264178045 -0.041897110032956687 0.024208260845303947 -0.0090972484782252238 0.035676516362916216 -0.0084808771793948128 -0.041051395355590777
leaf_weight=7.9569712374359352 1.4630534267053033 162.73415343975648 3.139361776411536 4.5211265478283158 2.5718437330797412 1.359028223901986 2.313145916908979 2.7908221930265418 0.99838846921920588 3.203403826802969 2.8706629602238589 1.9239425845444191 3.8131978707388026 2.2735845670104018 1.8827529391273841 1.2634380860254153 3.273750894702971 1.2246816307306287 214.65960357896984 0.59036357700824726 6.3809483246877789 24.395689853467047 5.6164094191044569 0.9126833053305744 10.326543542556463 3.8560083862394086 1.9338088724762199 9.8057811427861434 6.6836873143911362 1.887640345841646 3.1911758240312338 14.299425341188906 1.5780851012095798 11.875938298180698 1.2923710979521272 5.1442755036987364
leaf_count=724 20 19050 62 51 37 19 53 63 19 127 54 55 35 34 39 65 38 4 11510 3 52 543 42 17 236 63 28 358 45 23 39 481 56 330 35 149
internal_value=0.00657337 -0.0253543 0.0335364 -0.0363184 0.013609 -0.00435816 0.00436494 -0.0224865 0.00197799 -0.0128215 -0.00475464 -0.0314632 0.000912617 -0.0130468 0.00795526 -0.00164178 -0.020282 0.00922026 0.0384319 -0.0289197 0.0164888 0.0353417 -0.0256476 -0.0329391 -0.0371923 -0.0412207 0.0138514 0.0288179 0.022947 0.00564574 -0.0317059 0.0211909 -0.0397634 0.032192 0.0134183 -0.0384147
internal_weight=536.008 245.417 290.591 179.092 58.4927 32.634 66.3245 21.4692 14.7799 10.2588 50.8431 18.6783 42.2957 13.637 28.6587 18.2047 8.95305 2.48812 232.098 8.54733 9.25161 25.8587 9.42961 7.05535 16.7544 14.1826 4.20739 11.1648 10.4541 3.77039 6.46493 17.4388 164.312 15.4815 3.60552 6.05696
internal_count=34559 21112 13447 19469 1394 831 1643 454 363 312 1225 391 498 139 359 252 146 69 12053 727 106 563 77 185 336 299 62 377 107 62 77 543 19106 418 88 166
is_linear=0
shrinkage=0.04


Tree=98
num_leaves=48
num_cat=0
split_feature=10 9 10 22 8 8 32 8 19 32 4 2 31 1 4 38 4 23 3 32 23 10 11 19 3 38 7 9 22 35 2 19 29 11 10 4 7 37 12 4 12 4 4 38 31 4 4
split_gain=277.295 50.9052 10.3591 9.07729 7.11588 7.01101 6.17037 6.06268 5.56235 5.54968 5.30926 4.6569 4.24009 3.83623 3.74998 3.67492 3.54756 3.0481 2.48266 2.3847 2.22657 1.84339 1.54831 1.52608 1.45172 1.43003 1.38516 1.79024 1.29823 1.28735 2.06244 1.5979 0.802109 0.744401 0.619098 0.527408 0.527257 0.352488 0.329578 1.1439 1.00878 0.372567 0.292399 0.181713 0.179242 0.149501 0.682572
threshold=0.18898809701204303 0.75147059559822094 0.34166666865348821 0.22500000149011615 0.69631093740463268 0.74352160096168529 0.30952382087707525 0.062996033579111113 0.92546296119689953 0.21111111342906955 0.82519841194152843 0.60922586917877208 0.87577280402183544 0.38750000298023229 0.34178434312343603 0.58716276288032543 0.79205974936485302 1.0000000180025095e-35 0.69003739953041088 0.21111111342906955 1.0000000180025095e-35 0.098387096077203764 0.64530789852142345 0.69631093740463268 0.88630625605583202 0.48293033242225653 0.6944047510623933 0.80243903398513805 0.57500001788139354 1.0000000180025095e-35 0.76028168201446544 0.65058138966560375 0.83069756627082836 0.19399641454219821 0.14039409160614016 0.47690120339393621 0.49085336923599249 1.0000000180025095e-35 0.26597504317760473 0.39077411592006689 0.38279198110103613 0.65806129574775707 0.67028987407684337 0.22028702497482303 0.39586389064788824 0.2237871661782265 0.35214626789093023
decision_type=2 2 2 2 2 2 2 2 2 2 2 2 2 2 2 2 2 2 2 2 2 2 2 2 2 2 2 2 2 2 2 2 2 2 2 2 2 2 2 2 2 2 2 2 2 2 2
left_child=1 4 5 9 7 6 14 8 19 22 11 23 29 24 25 -16 26 -6 -15 33 -4 43 37 -5 38 -2 27 -14 36 30 -13 -31 -12 -1 -19 -26 -20 -3 41 40 45 -9 -43 -10 -8 -40 -47
right_child=2 3 20 10 17 -7 44 13 21 -11 32 12 16 18 15 -17 -18 34 28 -21 -22 -23 -24 -25 35 -27 -28 -29 -30 31 -32 -33 -34 -35 -36 -37 -38 -39 39 -41 -42 42 -44 -45 -46 46 -48
leaf_value=0.0047472390042077031 -0.0075883094120723351 -0.001004231015388679 0.039627632277586984 0.0068865842360397453 0.023592640212892455 0.033473570472408253 0.0056087550031459869 -0.039532414226327015 -0.012195480981269768 0.019921780711620551 0.0004355890629233916 0.014958429001405982 0.00036205681770574158 0.024919031631476296 -0.043150290468431544 0.002094583079420142 -0.02221838207914411 -0.025810011200004101 -0.032366864566906156 0.013930000094542856 0.021194143350958167 0.045579325820992909 0.010424766025582365 0.045424908067023664 0.017300249412583069 0.026715889893136859 -0.0025817867555023885 0.036578495169180852 0.0087649168806016205 -0.00054759188308144428 -0.026876705799781013 -0.045454605243800135 0.032034212316892886 -0.034196927359842866 0.0065228418874546381 -0.011155721833465044 0.001590664133066243 -0.037731353435643787 0.014852408885198554 -0.033994743531688631 -0.020512633434884499 0.0023633602633486368 -0.018148332306836545 0.0051327135549625782 0.031903342465010955 -0.015080449042358253 0.015608739001944519
leaf_weight=0.34429867193102648 2.4124982105568078 0.59130146354436419 209.23214425519109 3.5569776324555304 4.1074164314195505 16.284922164864838 1.351159244775771 152.64614892564714 0.72509686090052061 3.113715902902185 1.3205949962139154 2.6140561439096945 3.0531547125428897 1.5584184024482954 6.1354413479566556 4.10517618060112 3.0474207913503042 2.7009553983807568 3.2152102300897245 1.3662549722939727 17.431864930316806 2.0079590529203415 0.49378538504242975 3.1460924623534083 0.4312588358297933 2.5523199662566185 3.138078646734356 5.665964987128973 1.1955537321045993 1.6077347602695224 1.8292247457429764 3.5803447058424354 18.867225243709981 6.3761068861931562 0.38793598767369974 0.6219093156978488 0.50841394718736399 9.7715553129091859 1.196571771986781 3.8692900044843554 1.6632471913471816 1.0616928134113544 1.2476345011964438 0.32867272943258286 5.1120052933692932 0.83881291467696406 0.67255054740235209
leaf_count=7 27 9 11634 49 54 639 39 17847 87 46 29 47 29 28 68 48 32 260 199 25 547 17 3 21 13 34 51 67 8 20 30 60 478 542 4 52 21 776 18 164 36 56 112 7 149 54 16
internal_value=0.00653219 -0.0232069 0.0351078 0.00706718 -0.0336638 0.0148869 -0.000270569 -0.0351989 -0.00558073 -0.020015 0.0148319 0.00400649 -0.00439132 -0.0370568 -0.014132 -0.0267697 0.00867104 0.00425181 -0.00519072 -0.0224238 0.0383666 0.0311866 -0.0327343 0.0300271 -0.0382442 0.0115934 0.0185057 0.025706 -0.018686 -0.0232348 -0.00454736 -0.0344983 0.0300556 -0.031327 -0.0202626 0.00285171 -0.0280159 -0.0361263 -0.0385479 -0.0214878 -0.00421686 -0.0392282 -0.0109987 -0.00561218 0.0284943 0.00918608 8.91852e-05
internal_weight=519.086 254.469 264.618 65.3972 189.071 37.9535 21.6686 181.875 11.1484 13.9704 51.4269 31.239 24.536 170.727 15.2054 10.2406 14.9046 7.19631 6.4776 8.08666 226.664 3.06173 10.8566 6.70307 164.249 4.96482 11.8572 8.71912 4.91918 9.63136 4.44328 5.18808 20.1878 6.72041 3.08889 1.05317 3.72362 10.3629 163.196 8.24047 4.37118 154.955 2.30933 1.05377 6.46316 2.70794 1.51136
internal_count=34559 21374 13185 1747 19627 1004 365 19309 685 834 913 406 336 18624 177 116 179 318 256 574 12181 111 788 70 18368 61 147 96 228 157 77 80 507 549 264 65 220 785 18303 288 124 18015 168 94 188 88 70
is_linear=0
shrinkage=0.04


Tree=99
num_leaves=47
num_cat=0
split_feature=38 20 13 3 20 11 32 4 24 2 4 19 19 4 31 34 29 9 35 6 5 3 14 38 30 11 19 22 3 4 5 36 8 29 3 38 36 19 14 8 9 38 29 3 9 9
split_gain=264.533 47.9507 17.1475 13.4879 10.73 16.0959 10.0292 9.91546 5.13545 4.25275 4.2027 3.40936 4.69383 3.63866 3.45923 2.94745 2.5749 2.33655 2.11249 2.084 2.06176 2.06005 1.82753 1.73135 1.63806 1.59739 1.40033 2.24833 1.33818 1.6315 1.31425 1.27468 1.21796 0.905214 0.826406 0.562861 3.41957 2.08694 0.554423 0.513176 0.504329 0.501092 0.476159 0.365401 0.24762 0.08232
threshold=0.36785912513732916 0.25728431344032293 0.45000000298023229 0.92577046155929577 0.53144779801368724 0.68480810523033153 0.30952382087707525 0.82519841194152843 0.17817460745573047 0.26158231496810919 0.41533938050270086 0.63714733719825756 0.81530213356018078 0.72834226489067089 0.87379801273345958 0.75000000000000011 0.62397328019142162 0.56374144554138195 1.0000000180025095e-35 0.59156423807144176 0.75181159377098095 0.8279307782649995 1.0000000180025095e-35 0.28033281862735754 0.22806944698095324 0.67704421281814586 0.6900656819343568 1.0000000180025095e-35 0.79432344436645519 0.77232852578163158 0.89825496077537548 1.0000000180025095e-35 0.68614074587821972 0.81086421012878429 0.91424822807312023 0.28033281862735754 0.56666669249534618 0.35805861651897436 -1.0000000180025095e-35 0.58397436141967785 0.50878274440765392 0.874058097600937 0.84884920716285717 0.83475819230079662 0.90521115064620983 0.13446328043937686
decision_type=2 2 2 2 2 2 2 2 2 2 2 2 2 2 2 2 2 2 2 2 2 2 2 2 2 2 2 2 2 2 2 2 2 2 2 2 2 2 2 2 2 2 2 2 2 2
left_child=1 7 3 4 18 8 25 10 16 -8 23 21 28 14 17 -5 38 24 -2 -11 43 39 26 -1 -14 35 27 -7 33 -30 -23 -18 -20 -13 -28 45 37 -37 -6 -12 -40 -10 -9 -19 -33 -3
right_child=2 6 -4 15 5 22 9 42 41 19 11 12 13 -15 -16 -17 31 20 32 -21 -22 30 -24 -25 -26 -27 34 -29 29 -31 -32 44 -34 -35 -36 36 -38 -39 40 -41 -42 -43 -44 -45 -46 -47
leaf_value=-0.034326234906853374 0.041263460383367541 -0.0055125016564988591 0.039723952868323101 0.038894950232281914 0.0065518153332111617 -0.026316136783307992 0.026532499629907447 0.0023449053034335443 0.022001865030589329 -0.032194461613203822 -0.019123646628611834 -0.015434353666352643 -0.010450847826386148 -0.017905387218012266 0.034325634446220263 -0.01271560043800276 -0.013279392431602395 -0.0053494076004832634 -0.0085740255682316604 0.009953473338452477 0.011580339247762719 0.042026924480976197 -0.01371195225225337 0.012535746000450201 0.04032841119256083 0.0089658192280993327 0.035252206674876038 0.022279848466922325 -0.041496952673837531 -0.002422475242724962 0.0080133737527541306 -0.058392345324598811 0.022681390694080782 0.018027653617725493 -0.00084898833911518706 0.013921107032976538 0.018538412158003611 -0.037104018254386799 -0.024888419303307614 0.006663864063158176 0.00032078435620918412 -0.0053406833271226594 0.033501627671673057 -0.033226483789175476 -0.015402930939934072 -0.03987393086038276
leaf_weight=7.0508957915008059 9.184631669893859 0.74510843865573306 190.82215948775411 31.332936333492398 1.3365011624991892 1.155876705422995 4.5136434379965049 1.1418410595506419 1.8607105091214173 3.8450858648866415 1.2817076211795195 0.99172716587782206 0.631297734566035 6.142594074830412 6.4838412506505838 1.0790806999430049 2.7819563802331677 1.8673748197033999 2.8341026501730076 1.8351353853940962 2.4547717915847898 3.6540327146649361 1.0397647675126798 0.58457754552364338 1.4017178313806651 0.51188062131404777 9.5540255289524758 1.9263778664171693 5.8282597530633193 2.4910871088504791 4.2394588254392147 8.038467360660432 2.1482460163533688 1.0549220312386749 0.85471286252141077 0.56742702564224412 1.5982923274859775 7.9945508469827473 1.9194046109914844 0.92601950094103802 1.6110067279078064 0.63714841939508904 13.545882865786551 2.6491929171606898 1.6249757353216399 145.06058833329007
leaf_count=606 131 70 10766 1348 26 46 151 31 75 119 53 75 60 50 50 52 51 41 44 17 15 29 57 3 32 10 386 81 78 24 48 179 42 10 35 20 31 586 46 18 37 31 387 33 14 18465
internal_value=0.00648867 -0.0248794 0.0331621 0.0172261 0.00353755 -0.00859609 -0.0361243 0.00433806 -0.0311026 0.00185954 -0.00434835 0.000904721 -0.00554274 0.00512247 0.0152102 0.0365832 -0.0385401 -0.00126931 0.0310499 -0.018898 -0.0126837 0.0195422 0.0219774 -0.0288897 0.0256793 -0.0386071 0.0260612 0.00100494 -0.0257859 -0.0319936 0.028088 -0.0475115 0.00690603 0.00117832 0.0322889 -0.0388648 -0.0223007 -0.0317965 -0.00962584 -0.00893925 -0.0162062 0.0145709 0.0315363 -0.0260041 -0.0542074 -0.0397671
internal_weight=502.835 231.093 271.742 80.9199 48.5079 34.3409 166.672 64.4212 19.8102 10.1939 49.7335 42.098 31.9968 21.6308 15.4882 32.412 17.3123 9.00436 14.167 5.68022 6.97134 10.1012 14.5308 7.63547 2.03302 156.478 13.491 3.08225 10.366 8.31935 7.89349 12.4454 4.98235 2.04665 10.4087 155.966 10.1603 8.56198 4.86691 2.20773 3.53041 2.49786 14.6877 4.51657 9.66344 145.806
internal_count=34559 21112 13447 2681 1281 1064 19469 1643 459 287 1225 616 468 281 231 1400 353 181 217 136 89 148 605 609 92 19182 548 127 187 102 77 244 86 85 421 19172 637 606 109 71 83 106 418 74 193 18535
is_linear=0
shrinkage=0.04


Tree=100
num_leaves=36
num_cat=0
split_feature=10 20 23 30 29 12 1 10 13 19 12 35 8 19 29 9 30 9 11 2 14 19 35 8 9 36 12 29 9 31 9 9 8 6 36
split_gain=256.654 51.7543 21.8847 12.9046 9.4416 5.55858 6.1279 4.6232 4.21693 3.75383 5.72246 5.70242 3.32355 3.04279 3.91958 3.31558 3.29807 2.91409 2.68213 4.26249 2.89721 2.23219 3.41863 3.50195 2.0634 2.00485 1.36052 1.1903 1.17293 0.887408 0.529181 0.384239 0.238516 0.148365 0.0350868
threshold=0.11651583760976793 0.30940108001232153 1.0000000180025095e-35 0.79074048995971691 0.7241005301475526 0.14671076089143756 0.44949495792388922 0.29705883562564855 0.30952382087707525 0.81909090280532848 0.42895354330539709 0.25000000745058065 0.72065573930740368 0.92770034074783336 0.99861112236976635 0.94392031431198131 0.85815533995628368 0.9529346525669099 0.44127789139747625 0.75147059559822094 1.0000000180025095e-35 0.65261757373809826 1.0000000180025095e-35 0.65166836977005016 0.49691358208656317 0.90000000596046459 0.1990172937512398 0.62224537134170543 0.68703359365463268 0.99850746989250194 0.56635218858718883 0.80901724100112926 0.90595519542694103 0.2722280621528626 0.43333333730697637
decision_type=2 2 2 2 2 2 2 2 2 2 2 2 2 2 2 2 2 2 2 2 2 2 2 2 2 2 2 2 2 2 2 2 2 2 2
left_child=1 4 7 9 5 6 -1 18 29 11 -11 17 -10 14 15 21 -16 27 26 20 24 -6 23 -23 -20 31 -2 -4 34 -3 -12 -15 -32 -22 -24
right_child=2 8 3 -5 13 -7 -8 -9 12 10 30 -13 -14 25 16 -17 -18 -19 19 -21 33 22 28 -25 -26 -27 -28 -29 -30 -31 32 -33 -34 -35 -36
leaf_value=-0.039181669261766083 0.0012755577107586506 -0.039980474096632024 -0.017110384174202121 0.036051871796271263 0.022485296253652906 0.032943575459228366 0.018963123441833263 0.039748842482648518 -0.027325851887647305 -0.031158268230875332 0.00033248390903026698 0.021977633604011962 0.022219021088077513 0.014549217014365082 -0.047036313267559894 0.034336305306938958 0.010111180303439741 0.0031147740103474281 0.004539792970630941 0.031413910848773638 0.0028715063587975227 -0.010072539751839369 0.0043370295419216257 0.029312280742608388 -0.034615400380618423 -0.0063940436777731322 0.035800535500506346 -0.059923729427817117 -0.030268804255514467 -0.00018147260429241433 0.027287446485168627 0.035280494417763916 0.0025977186187106311 0.023433907982174318 -0.0019238513208478495
leaf_weight=13.111535079777243 2.2205277513712671 142.98800159664825 3.3013212871737778 11.206222226843236 5.2528178072534564 1.3799122748896469 2.5810508467257014 199.1426395336166 2.8013280658051363 3.7476342637091866 1.5823422539979199 1.9060474354773749 2.7527720481157303 5.8918069666251567 2.4511696733534327 5.3551612664014092 1.7828597128391264 1.7971757575869567 2.7014463543891925 6.1702639926224938 1.4374522380530836 6.0706305708736199 1.129592398181557 5.4207617966458201 4.1258717840537429 2.16913910023868 16.138738962821662 4.8760190750472248 5.5215282673016191 0.83632789179682632 5.5917593343183398 9.5450733238831145 1.1724955867975948 1.8425241671502588 1.159643735270947
leaf_count=1167 42 18753 82 388 60 22 26 11913 137 83 26 32 15 54 40 119 41 45 31 204 26 54 21 80 53 31 360 110 52 24 111 230 39 39 41
internal_value=0.00681525 -0.0253166 0.0328864 0.00326217 0.00332905 -0.0212458 -0.0286542 0.0372887 -0.0384316 -0.0132328 0.00243363 -0.0278422 -0.0030035 0.0118526 0.00442121 0.00984059 -0.0259085 -0.0393445 0.0220306 0.00884158 -0.00709894 0.00272746 -0.0038309 0.00954424 -0.0207155 0.0246792 0.0320694 -0.0480949 -0.022095 -0.0397425 0.0202815 0.0294488 0.0243771 0.0182015 0.000805723
internal_weight=487.162 218.201 268.96 35.181 68.8227 17.0725 15.6926 233.779 149.378 23.9748 12.0942 11.8806 5.5541 51.7502 34.1442 29.9101 4.23403 9.97452 34.6368 16.2776 10.1073 24.555 19.3022 11.4914 6.82732 17.606 18.3593 8.17734 7.81076 143.824 8.3466 15.4369 6.76425 3.27998 2.28924
internal_count=34551 20967 13584 916 2038 1215 1193 12668 18929 528 259 269 152 823 508 427 81 237 755 353 149 308 248 134 84 315 402 192 114 18777 176 284 150 65 62
is_linear=0
shrinkage=0.04


Tree=101
num_leaves=43
num_cat=0
split_feature=10 11 23 30 13 29 8 10 1 12 19 12 19 19 9 8 24 13 29 19 31 9 9 24 29 31 30 31 12 8 24 6 12 9 9 6 30 6 9 6 6 8
split_gain=244.739 47.4332 21.3838 12.3671 8.28192 6.777 5.21785 4.77051 3.7953 3.84884 3.51197 5.45906 4.85774 2.72578 3.01701 2.65912 11.7562 3.64799 2.48889 3.66636 3.15659 2.10268 1.8915 1.74411 2.19194 1.62394 1.40505 1.40051 1.04225 0.814224 0.707786 0.696822 0.589564 0.511226 0.488453 0.399473 0.293446 3.24946 0.245169 0.219936 0.158786 0.0236061
threshold=0.11651583760976793 0.19399641454219821 1.0000000180025095e-35 0.79074048995971691 0.30952382087707525 0.71671876311302196 0.70064935088157665 0.29705883562564855 0.44949495792388922 0.091264288872480406 0.81909090280532848 0.42895354330539709 0.4016129076480866 0.85857143998146068 0.6789083480834962 0.69309264421463024 0.012000767979770901 0.45000000298023229 0.99861112236976635 0.65261757373809826 0.90625891089439403 0.6789083480834962 0.32049381732940679 0.17225275188684466 0.62552788853645336 0.82755216956138622 0.79074048995971691 0.93793785572052013 0.38279198110103613 0.46265329420566564 0.067424245178699507 0.52627530694007885 0.17678748816251758 0.56635218858718883 0.74239632487297069 0.16361778974533084 0.53223589062690746 0.59156423807144176 0.87585616111755382 0.69015115499496471 0.99354812502861034 0.89725545048713695
decision_type=2 2 2 2 2 2 2 2 2 2 2 2 2 2 2 2 2 2 2 2 2 2 2 2 2 2 2 2 2 2 2 2 2 2 2 2 2 2 2 2 2 2
left_child=1 5 7 10 27 8 -6 15 9 -1 12 -12 -4 18 -15 16 22 34 19 25 21 -21 -2 24 35 -7 -20 28 30 -16 -3 -26 -29 -13 -18 -14 -31 -38 -35 -22 -39 -40
right_child=2 4 3 -5 6 13 -8 -9 -10 -11 11 33 23 14 29 -17 17 -19 26 20 39 -23 -24 -25 31 -27 -28 32 -30 36 -32 -33 -34 38 -36 -37 37 40 41 -41 -42 -43
leaf_value=-0.038476855721167678 0.0024062655887418269 -0.039955667645155228 0.019830466324076448 0.035864640463989191 -0.027721525725683299 0.003034464598933675 0.030357629613090863 0.039703097823433613 0.016711815541076605 0.028646413884322455 -0.030661630152408064 0.00032597535477234583 -0.019477211131802296 -0.014224084168667182 -0.0033683121100769415 0.036030916247510598 -0.050230042915564134 0.011208017377848458 -0.038607334543330832 0.0091456847546581271 0.0025017543486777804 -0.026842054681530843 0.039187947886174454 -0.00084587385024128842 -0.070301444876115518 0.040621500702847653 0.0011161952759948779 -0.015662961479346246 -0.0021459181117969802 0.039130170327159035 0.0022655650280838271 -0.014605082737284669 0.011393398878888445 0.028935967517573335 -0.014201668866327056 0.0023346153847168985 -0.016905928516546501 0.029272067281659375 0.007979658577318853 0.025395539407248289 0.0089507167539451659 0.00010251327506675267
leaf_weight=8.8468175260350073 3.0016289083287147 140.3348464211449 1.8371565388515616 10.829814588651059 2.9516744213178745 3.1297548804432216 3.9366071112453938 191.55187395308167 2.2798482216894618 0.37879691459238607 3.6822597845457485 1.5822784947231392 2.4368134387768792 2.4860873138532069 1.0046458914876009 11.980433385819195 2.7769836839288464 2.3687424212694168 1.8508191742002957 2.6052890773862583 1.3876120448112481 7.0053981952369213 11.240125077776609 1.8549745939671982 2.968947681132704 4.0866863001137972 2.0279595609754324 1.0185566321015351 1.4611898725852359 4.2721069343388107 0.35225824266672034 1.4520545564591882 0.9874211587011813 4.3866934087127447 2.7080880273133516 1.2682289644144473 2.0550699606537846 12.054731100797651 1.2661686912178995 2.5137258432805538 2.6880658064037553 0.99780333414673794
leaf_count=733 31 19157 24 388 142 42 23 11913 23 5 83 26 65 36 5 446 43 42 23 54 12 63 165 54 78 36 45 62 45 21 4 21 8 89 28 27 12 247 26 70 99 35
internal_value=0.00677415 -0.0250558 0.0326769 0.00316704 -0.0369592 0.00471657 0.00466648 0.0371398 -0.0210903 -0.0317388 -0.0129457 0.00235123 -0.0270721 0.0112524 0.0202691 0.0216124 0.0119041 -0.0242364 0.00153462 0.00740787 -0.00496372 -0.016836 0.0324019 -0.0375056 -0.0443633 0.0276502 -0.0226724 -0.0389912 -0.0394587 0.024964 -0.0398074 -0.060301 -0.00265692 0.0198845 -0.0393602 -0.0131779 0.0265943 0.020339 0.0239608 0.0202442 0.0268156 0.00625331
internal_weight=471.907 211.716 260.191 34.5632 151.043 60.6734 6.88828 225.628 11.5055 9.22561 23.7334 11.9152 11.8182 49.168 24.5607 34.076 22.0956 7.85381 24.6072 20.7285 13.512 9.61069 14.2418 9.98102 8.12604 7.21644 3.87878 144.154 142.148 22.0746 140.687 4.421 2.00598 8.23294 5.48507 3.70504 21.07 16.7979 6.65067 3.90134 14.7428 2.26397
internal_count=34551 20967 13584 916 19441 1526 165 12668 761 738 528 259 269 765 420 755 309 113 345 277 199 117 196 245 191 78 68 19276 19206 384 19161 99 70 176 71 92 379 358 150 82 346 61
is_linear=0
shrinkage=0.04


Tree=102
num_leaves=39
num_cat=0
split_feature=10 20 39 6 6 10 13 3 35 24 24 2 8 8 24 13 3 5 1 28 11 6 8 3 3 8 5 7 8 5 31 10 35 7 2 36 5 12
split_gain=233.265 49.3217 20.9477 11.614 6.88306 4.91234 4.01891 3.8726 3.48919 3.32471 3.60483 3.06333 3.04389 2.65165 11.1548 3.4722 2.6003 2.30331 2.42155 2.87498 2.21748 2.01193 3.88765 1.93867 1.77761 1.68279 1.51796 1.31255 1.06253 0.891507 0.882546 0.87997 0.433801 0.658803 0.405301 0.339792 0.191948 0.19066
threshold=0.11651583760976793 0.30940108001232153 1.0000000180025095e-35 0.79063245654106151 0.16678543388843539 0.29705883562564855 0.30952382087707525 0.91658571362495433 0.25000000745058065 0.17225275188684466 0.39517062902450567 0.7243877947330476 0.72065573930740368 0.69309264421463024 0.012000767979770901 0.45000000298023229 0.86436063051223766 0.89825496077537548 0.31666667759418493 1.0000000180025095e-35 0.39902913570404058 0.51965817809104931 0.062996033579111113 0.89957937598228466 0.88630625605583202 0.78456193208694469 0.5030120611190797 0.22947738319635394 0.70064935088157665 0.73499399423599254 0.99850746989250194 0.048199767246842391 1.0000000180025095e-35 0.75886678695678722 0.99504950642585765 0.63333335518836986 0.74133810400962841 0.22836096584796908
decision_type=2 2 2 2 2 2 2 2 2 2 2 2 2 2 2 2 2 2 2 2 2 2 2 2 2 2 2 2 2 2 2 2 2 2 2 2 2 2
left_child=1 4 3 8 20 13 30 11 9 21 -11 17 -8 14 37 36 -13 18 19 31 -1 22 -2 -18 26 -23 27 -21 -28 -20 -3 35 34 -34 -9 -6 -16 -4
right_child=2 6 5 -5 7 -7 12 32 -10 10 -12 16 -14 -15 15 -17 23 -19 29 24 -22 25 -24 -25 -26 -27 28 -29 -30 -31 -32 -33 33 -35 -36 -37 -38 -39
leaf_value=-0.033613623181438401 -0.00025144329111307712 -0.039919729794136993 0.010116734367149119 0.034644057325600455 0.011189333760637903 0.039656992152598859 -0.026763506301501958 0.035136034780920949 0.02361621888925745 0.028028873942315572 -0.030849028445724614 0.0099322564903981912 0.021203777921920932 0.035823291370485434 -0.047294490136195723 0.011001504696894718 -0.039457507304470361 -0.0186038002806348 0.0087293164621126476 -0.012962378503894754 0.019890096224601569 -0.019111849315358111 -0.049354564507071055 -0.0020579940297830944 0.020109648849938915 0.016502210752648749 -0.032807878465848254 0.027874538237932029 0.0019755361486910616 0.030435486648570664 -0.00016878517172984751 0.040470486751662607 -0.002998058320453325 0.018929012579039041 0.0087546634743048534 -0.011069446865777583 -0.015053806719057625 0.034354444532823145
leaf_weight=7.7149361041374487 3.7185382582247346 132.25742228655145 2.3420201484113958 10.803087482228873 0.62606925750151743 184.25242555700243 2.6696123117581001 6.5702546387910861 2.2686700737103811 3.4036896396428338 0.97590604610741127 3.7241557361558071 2.6887487694621086 11.584603063762186 2.8426039628684512 2.350016487762332 4.5520529188215715 3.0050186216831198 7.1161727784201494 1.2680679620243593 0.33596089482307423 3.2809320632368317 7.3454100210219622 3.7358491690829396 0.99843684397637922 2.1617807075381279 5.1846852814778686 0.80324716679751862 1.3769857762381432 8.084674949757753 0.82902787439525027 1.2401720955967901 2.4890821017324916 4.9071059674024582 2.6675414275377989 0.62567807734012604 2.6279764994978905 11.699009666219352
leaf_count=912 35 18753 28 396 25 11913 137 177 41 100 32 37 15 446 44 42 33 32 55 97 1 53 231 37 5 28 218 14 11 53 24 7 46 142 99 37 27 168
internal_value=0.00672516 -0.0247913 0.03246 0.00303096 0.00332189 0.0369911 -0.038308 0.00826436 -0.0128734 -0.0183116 0.00970023 0.00153863 -0.00305075 0.0211807 0.0115216 -0.0236828 -0.0143837 0.00829306 0.0121776 -0.00110552 -0.0282161 -0.026085 -0.0349498 -0.025534 -0.0115793 -0.00420255 -0.0179947 0.00725743 -0.0261458 0.0220523 -0.0396645 0.0277912 0.0237208 0.012056 0.0299379 0.000391426 -0.038427 0.0316792
internal_weight=457.128 205.471 251.657 33.958 67.0261 217.699 138.445 58.9753 23.1549 20.8863 4.3796 42.3413 5.35836 33.4462 21.8616 7.8206 12.0121 30.3292 27.3242 12.1233 8.0509 16.5067 11.0639 8.2879 9.63142 5.44271 8.63299 2.07132 6.56167 15.2008 133.086 2.49192 16.634 7.39619 9.2378 1.25175 5.47058 14.041
internal_count=34551 20967 13584 916 2038 12668 18929 1125 520 479 132 661 152 755 309 113 107 554 522 414 913 347 266 70 345 81 340 111 229 108 18777 69 464 188 276 62 71 196
is_linear=0
shrinkage=0.04


Tree=103
num_leaves=40
num_cat=0
split_feature=10 11 23 4 13 6 10 8 35 19 12 9 3 8 24 13 2 19 19 31 9 31 38 19 3 6 8 19 31 2 38 9 2 8 3 6 6 7 19
split_gain=222.302 45.0296 20.4313 11.2393 7.87971 5.24781 5.05013 4.80727 3.55714 3.86455 4.20612 3.53497 3.16149 2.63953 10.5828 3.30152 2.61856 4.05436 3.27977 2.15246 1.86971 1.84367 1.83432 2.22962 1.51752 3.2596 1.19765 0.945519 2.21856 0.588144 0.538572 0.503882 0.419818 0.357476 0.328812 0.309674 0.247388 0.174117 0.105058
threshold=0.11651583760976793 0.19399641454219821 1.0000000180025095e-35 0.83438816666603099 0.30952382087707525 0.16678543388843539 0.29705883562564855 0.70064935088157665 0.25000000745058065 0.81909090280532848 0.54181629419326793 0.95024752616882335 0.92112955451011669 0.69309264421463024 0.012000767979770901 0.45000000298023229 0.7243877947330476 0.79516318440437328 0.64760348200798046 0.90417084097862255 0.32049381732940679 0.82755216956138622 0.36785912513732916 0.96922349929809581 0.6726389229297639 0.37464404106140142 0.79095324873924266 0.82952776551246654 0.93937537074089061 0.2674796879291535 0.45795448124408727 0.74239632487297069 0.99504950642585765 0.79095324873924266 0.83055028319358837 0.68071380257606517 0.54437294602394115 0.22661704570055011 0.7670542597770692
decision_type=2 2 2 2 2 2 2 2 2 2 2 2 2 2 2 2 2 2 2 2 2 2 2 2 2 2 2 2 2 2 2 2 2 2 2 2 2 2 2
left_child=1 5 6 8 22 -1 13 -6 9 11 30 29 16 14 20 31 17 18 21 -18 -2 34 -3 -24 -19 37 -5 28 38 -4 -11 -16 -29 -12 -7 -21 -31 -26 -14
right_child=2 4 3 26 7 12 -8 -9 -10 10 33 -13 27 -15 15 -17 19 24 -20 35 -22 -23 23 -25 25 -27 -28 32 -30 36 -32 -33 -34 -35 -36 -37 -38 -39 -40
leaf_value=-0.030184722021759435 0.001553666549048659 -0.039736844840944217 -0.012035243546064618 -0.003397517475618156 -0.027187183967328526 -0.017673267432214614 0.039610458815419046 0.029239105060809508 0.023152649146028832 -0.033375183191633899 0.027464468960550128 0.0063512950277494996 0.024657195131770952 0.035612471640483541 -0.048333460321938242 0.010783810654976782 -0.023458362335645588 0.044556006205264946 -0.029867570160047867 -0.00315746921467808 0.037868322657251152 0.02166543968420942 -0.024652580586191346 0.0208916458111796 -0.0014872299440152851 0.023853451780741539 0.03593155559756004 0.034988943065477229 -0.023435778225208453 -0.057468528595725127 -0.0045361027233501395 -0.013294662082884268 0.0085612324214672866 0.0012834435445617301 0.00067991819454453028 0.013178936168806723 -0.013460382840485599 -0.023985632663640077 0.0034706636423178913
leaf_weight=4.7316933372057965 2.9807757288217571 129.25903901085258 1.9453083314001611 0.92581936158239742 2.81758491648361 1.9465444572269932 177.23332274053246 3.8460913524031639 2.2525634514167896 2.3538923310115916 3.4919781889766455 2.1030070688575506 2.3180485218763347 11.203592021018265 2.7227246640250078 2.3317828550934792 7.7092102142050845 2.7290467908605924 4.3454842260107389 1.9091310817748306 10.869743304327129 4.7811429798603058 3.0010625496506682 1.2782729770988224 1.0875535150989883 8.9168517021462304 10.686908597126601 7.0500358622521144 1.2617318276315925 4.5804309020750225 2.3196257269009948 2.7389872875064611 2.6476101782172918 1.2909691892564295 2.1639614999294281 3.0204520169645548 1.4306633807718752 1.5135533083230255 1.2144861444830892
leaf_count=559 31 19131 28 16 142 60 11913 23 41 67 71 58 47 446 43 42 55 48 100 15 165 47 129 16 36 65 397 224 37 137 33 28 99 41 20 46 27 36 32
internal_value=0.00668185 -0.0245084 0.0322482 0.00296859 -0.0367643 0.00460021 0.036839 0.00446482 -0.0137829 -0.0195619 -0.00037881 -0.035053 0.00839285 0.0207548 0.0111553 -0.0231202 0.00225997 0.00909742 -0.0064123 -0.0118435 0.0309734 0.0075012 -0.038865 -0.00873027 0.0228949 0.0130486 0.0324641 0.0234292 0.0059248 -0.0456414 -0.0237855 -0.0374823 0.0300176 0.0224803 -0.00988959 0.00705031 -0.0518215 -0.0184576 0.0207636
internal_weight=443.011 199.549 243.462 33.3812 140.202 59.3465 210.081 6.66368 21.7684 19.5159 9.45647 10.0594 54.6148 32.8476 21.644 7.79349 40.1229 27.4841 13.2371 12.6388 13.8505 8.89165 133.538 4.27934 14.247 11.518 11.6127 14.4919 4.79427 7.9564 4.67352 5.46171 9.69765 4.78295 4.11051 4.92958 6.01109 2.60111 3.53253
internal_count=34551 20967 13584 916 19441 1526 12668 165 503 462 212 250 967 755 309 113 528 412 227 116 196 127 19276 145 185 137 413 439 116 192 100 71 323 112 80 61 164 72 79
is_linear=0
shrinkage=0.04


Tree=104
num_leaves=49
num_cat=0
split_feature=12 11 23 9 14 29 12 19 35 12 33 8 24 8 3 29 29 12 5 5 9 29 9 19 31 19 30 9 29 19 19 5 31 9 29 3 19 5 35 3 24 38 8 3 8 9 3 12
split_gain=207.528 45.5851 26.1318 12.8471 7.46726 5.09774 4.41159 3.96916 4.5467 2.86763 3.5429 2.96294 8.91554 2.75143 2.71425 3.07404 2.59711 2.52374 2.43475 2.15053 5.15675 2.06227 1.90026 1.8389 1.72186 1.3578 1.26601 1.07794 1.02859 1.00376 0.988553 0.975686 0.921185 0.682166 0.498846 0.448791 0.388308 0.360953 0.328913 0.265214 0.163242 0.173951 0.107538 0.092463 0.167696 0.084164 0.0443632 0.023728
threshold=0.22836096584796908 0.19399641454219821 1.0000000180025095e-35 0.92403846979141246 1.0000000180025095e-35 0.71671876311302196 0.12016079202294351 0.91240409016609203 0.25000000745058065 0.5801178812980653 0.62500000000000011 0.69309264421463024 0.0042919246479868898 0.70064935088157665 0.91658571362495433 0.77145501971244823 0.90469577908515941 0.38279198110103613 0.9404677450656892 0.89825496077537548 0.84680575132370006 0.99861112236976635 0.38507877290248876 0.92770034074783336 0.89294496178627025 0.81909090280532848 0.41153609752655035 0.74239632487297069 0.62224537134170543 0.90399384498596203 0.60188680887222301 0.67041200399398815 0.9462377429008485 0.65733855962753307 0.82818663120269786 0.41545929014682775 0.84698995947837841 0.78629976511001598 1.0000000180025095e-35 0.96678951382637035 0.091608393937349333 0.34965507686138159 0.84327486157417308 0.40242503583431249 0.53001201152801525 0.24807692319154742 0.38411329686641699 0.33165454864501959
decision_type=2 2 2 2 2 2 2 2 2 2 2 2 2 2 2 2 2 2 2 2 2 2 2 2 2 2 2 2 2 2 2 2 2 2 2 2 2 2 2 2 2 2 2 2 2 2 2 2
left_child=1 5 9 7 32 6 18 8 16 10 11 12 22 35 15 31 25 47 42 20 26 34 -2 -23 -21 28 -17 -14 46 -28 -5 33 40 -7 -16 -6 -27 43 -19 -34 41 -3 -1 -38 -45 -10 -4 -9
right_child=2 4 3 30 13 14 -8 17 45 -11 -12 -13 27 -15 21 19 -18 38 -20 24 -22 23 -24 -25 -26 36 29 -29 -30 -31 -32 -33 39 -35 -36 -37 37 -39 -40 -41 -42 -43 -44 44 -46 -47 -48 -49
leaf_value=-0.033663612621122732 -0.001424332691162008 -0.039725177393875856 -0.0018530066001623199 -0.00028610989763061442 0.001678092180469637 0.0091231557421964267 0.038439224748876941 -0.02392106079269948 0.024528382618445983 0.03955384382042533 0.037915951580866712 0.032698611630034992 -0.046160647528751174 0.028467832644767203 0.0029415931720416671 0.006864381449182444 0.01058656672658724 0.025615044563642018 0.01418471147737034 -0.038255922635502933 0.034399373583207209 -0.019475249733743843 0.036101545510932004 0.018922339121391411 0.00094143857262599215 0.00088102569604392748 -0.024363470660526285 -0.0081298152008806284 -0.058247961134299406 -0.0012922229181037738 0.035930122362771141 0.001967600968149351 0.0073988748537380765 0.04644742955681861 0.036220272578069056 -0.02408645806584191 0.0028784312465394463 -0.030889849104869662 0.0018155960252331533 -0.01171024642811419 -0.0012280706711637302 -0.0023774165846564168 -0.0035753696028194403 -0.013697393063062353 0.0021777108390768326 0.0039612838227418038 -0.020787999506124703 -0.0032288756655820491
leaf_weight=8.6031687967479158 2.6671839328482765 124.48371931631118 0.73303958307952211 1.106717001646756 1.042283623479306 2.2779021644964805 0.56519358977675516 1.2157821012660854 0.78924583178013508 165.42346057947725 16.115251804701984 5.5440985476598135 2.8579627419821909 2.6883977446705103 1.1400492601096619 5.2926667090505459 1.249367631971835 3.8912475937977433 1.1756604928523309 2.6394780427217475 4.6597892567515364 2.1072461102157822 5.6980642359703779 2.832939624786377 2.6691757999360561 1.5964472177438427 5.7094450471922737 2.7874385882169008 5.1398288542404771 5.5656370706856251 10.677329661324618 2.344039361923933 0.66670781793072709 1.9758119657635687 8.7485120892524701 1.8266665954142807 0.65423655696213323 1.0056379884481428 1.5390138160437343 0.84391184523701668 0.34729456901550193 0.48471683310344715 0.6996604800224312 0.95154129713773705 0.85317363683134317 1.4291682918556032 3.2824963917955756 0.83008517045527686
leaf_count=736 38 18968 13 22 14 59 3 60 10 11495 769 193 49 22 25 58 30 71 15 23 26 53 80 109 41 50 48 34 179 36 419 21 19 8 258 62 9 15 36 41 3 12 7 43 34 57 164 14
internal_value=0.00662408 -0.0242749 0.0314728 0.000468547 -0.0371897 0.00486631 -0.0179736 -0.0155086 -0.0252525 0.0371152 0.0246154 0.0116337 0.000773966 0.00631338 0.010562 0.00373535 -0.0327654 0.00762514 -0.0257772 -0.00263205 0.00331373 0.0239412 0.0253522 0.00156304 -0.0220908 -0.0374426 -0.00753024 -0.0329931 -0.0463535 -0.0145709 0.0325886 0.0251808 -0.0391649 0.0341879 0.0333346 -0.016593 -0.0141589 -0.0196463 0.0208474 -0.00319056 -0.0395419 -0.0396221 -0.0323402 -0.00460803 -0.00791875 0.0183756 -0.0191413 -0.0205406
internal_weight=429.428 191.39 238.038 36.9444 132.384 59.0064 11.0437 25.1603 17.6842 201.093 35.67 19.5547 14.0106 5.55735 47.9627 33.1339 15.4658 7.47613 10.4785 26.5362 21.2275 14.8287 8.36525 4.94019 5.30865 14.2164 16.5677 5.6454 9.15536 11.2751 11.784 6.59775 126.826 4.25371 9.88856 2.86895 5.06104 3.46459 5.43026 1.51062 125.316 124.968 9.30283 2.45895 1.80471 2.21841 4.01554 2.04587
internal_count=34551 20667 13884 1226 19141 1526 761 785 604 12658 1163 394 201 98 765 320 537 181 758 232 168 445 118 162 64 507 142 83 356 84 441 88 19043 67 283 76 151 101 107 60 18983 18980 743 86 77 67 177 74
is_linear=0
shrinkage=0.04


Tree=105
num_leaves=48
num_cat=0
split_feature=38 20 33 13 9 9 1 1 38 4 10 10 10 33 13 29 9 7 1 1 36 11 29 31 4 11 13 11 19 7 1 34 19 31 36 36 29 4 19 21 4 38 36 35 3 31 9
split_gain=195.987 46.538 18.602 10.0677 8.36439 7.88011 8.20046 11.1385 4.82609 5.1099 3.60846 3.48319 3.18023 3.16439 3.05617 2.25012 2.32245 3.368 5.07998 2.17646 2.09947 1.97145 1.86692 1.83091 1.81158 1.78521 1.77272 1.64729 1.39709 1.2814 1.04145 0.906848 0.94518 0.842011 0.835065 0.825459 0.80992 0.79384 0.661212 0.339089 0.326332 0.263122 0.242349 0.216678 0.167554 0.185569 0.11291
threshold=0.45795448124408727 0.37199692428112036 0.62500000000000011 0.36666667461395269 0.4403389841318131 0.93419912457466137 0.095454547554254546 0.31666667759418493 0.22028702497482303 0.83438816666603099 0.12060606107115747 0.21583850681781772 0.10912698507308961 1.0000000180025095e-35 0.45000000298023229 0.99861112236976635 0.94392031431198131 0.35685387253761297 0.31666667759418493 0.44949495792388922 0.36666667461395269 0.95898419618606578 0.7241005301475526 0.8425690531730653 0.59317129850387584 0.19399641454219821 0.30952382087707525 0.67704421281814586 0.89009663462638866 0.47113773226737982 0.16025641560554507 0.75000000000000011 0.57719391584396373 0.99850746989250194 0.5000000149011613 0.10000000521540643 0.89225891232490551 0.078176725655794158 0.88603895902633678 0.075000001117587103 0.65806129574775707 0.60138812661170971 0.36666667461395269 0.35000000894069677 0.99803921580314647 0.99327683448791515 0.43288289010524755
decision_type=2 2 2 2 2 2 2 2 2 2 2 2 2 2 2 2 2 2 2 2 2 2 2 2 2 2 2 2 2 2 2 2 2 2 2 2 2 2 2 2 2 2 2 2 2 2 2
left_child=1 4 14 5 10 6 37 23 9 13 -1 20 -4 36 25 16 17 18 22 24 -9 26 -15 -8 -19 -3 41 33 -10 -21 -24 32 40 43 -31 -28 42 -2 -14 -39 -7 -13 -6 -27 -11 -46 -16
right_child=3 2 12 -5 8 31 7 11 28 44 -12 21 38 15 46 -17 -18 19 -20 29 -22 -23 30 -25 -26 27 35 -29 -30 34 -32 -33 -34 -35 -36 -37 -38 39 -40 -41 -42 -43 -44 -45 45 -47 -48
leaf_value=-0.034592219781479631 -0.00093716144020414836 0.0096646103534109712 -0.018342055157306227 0.039721162744608643 -0.00038484307371056147 0.014043602124180217 -0.065543584840716498 -0.03357326155560298 0.010400230848111359 0.031111674538386241 0.016130858165508851 0.0037271773244866293 0.035388041217250595 -0.025509259800499097 -0.0024119725395277676 -0.022795596721234622 0.03020403684782964 0.0046614370622842577 0.041441284946760394 -0.011941200754216326 0.0090197585025871847 -0.016452810016572023 0.025629683767046108 -0.010999126082008592 -0.029352995417736474 -0.040247410516196382 0.011290577624662184 0.0091247220066693474 0.052615575884329469 0.022732893994081106 -0.0062222158963317255 -0.00097737959400517795 0.038244919177121917 -0.00016283239095008374 -0.00017391904180481189 -0.023966963314380325 0.0016828525472561068 0.010051649593181739 0.0023652007149484898 0.037571422239675932 -0.0060431261084540194 0.034074432864978625 -0.033567683855639005 -0.014386112842371125 -0.0021928610274293578 0.013928052015785904 0.0094559035223268934
leaf_weight=9.2862584134563786 0.90378981363028188 0.57842867821454902 1.6447180914692561 148.20212978404015 0.45963772898539801 1.086552277207381 3.3472764985635903 2.6104099797084919 2.9034043028950682 9.1067932192236167 1.8052592650055874 0.98656551912426405 5.6049571125768125 2.6072145448997599 1.0178874442353838 2.9524904564023009 4.290405334904789 2.789553851354869 5.7063569612801075 3.5417765080928794 2.1740844771265984 0.91301398165524084 1.6325049488805237 2.1494009760208428 6.6521993475034833 120.75766501668841 0.66855783108621902 0.51474314043298264 3.6696381829679012 4.0540005285292846 2.1542396228760481 0.85915760230272908 24.168079351074994 0.81773912161588569 4.1170054245740175 0.64226607419550419 1.1505547622218726 2.4414760740473858 1.4837378598749635 8.2590253008529526 1.0567996352910993 7.7197298277169466 3.8973618727177382 2.9142702408134928 0.79533945769071523 2.0199994370341301 1.2155953748151658
leaf_count=1268 15 24 34 10648 40 27 52 40 36 301 21 10 218 218 34 33 55 30 28 16 28 42 26 47 65 17991 46 11 47 47 42 52 1345 23 33 35 14 72 25 236 39 351 346 401 32 74 27
internal_value=0.00660588 -0.0203773 -0.0341973 0.0340601 0.0047379 0.0194174 0.00567619 -0.00905123 0.0103761 0.00612619 -0.0251802 0.00873362 0.0194252 -0.000159607 -0.0380616 0.00395111 0.00693585 0.00267888 0.0183106 -0.00681252 -0.0161987 0.0204927 -0.00595474 -0.0511135 -0.0196809 -0.0388843 0.0258408 -0.0392411 0.0394085 0.00444936 0.0104571 0.0347736 0.0360424 -0.0395683 0.0126644 -0.00850901 -0.0249753 0.0306742 0.0302267 0.0334132 0.00526715 0.0317797 -0.0311723 -0.0398326 0.0278031 0.00974192 0.00462718
internal_weight=420.33 212.142 136.55 208.188 75.592 59.9862 32.8156 21.2113 64.5005 57.9274 11.0915 15.7146 8.73341 46.0053 127.816 40.4977 37.5453 33.2549 12.1003 21.1545 4.78449 10.9301 6.39396 5.49668 9.44175 125.583 10.0171 125.004 6.57304 11.7128 3.78674 27.1706 26.3114 124.49 8.17101 1.31082 5.50755 11.6043 7.08869 10.7005 2.14335 8.7063 4.357 123.672 11.9221 2.81534 2.23348
internal_count=34645 21560 18788 13085 2772 2437 974 651 1483 1400 1289 552 277 993 18511 593 560 505 314 191 68 484 286 99 95 18450 442 18426 83 96 68 1463 1411 18415 80 81 400 323 243 308 66 361 386 18392 407 106 61
is_linear=0
shrinkage=0.04


Tree=106
num_leaves=43
num_cat=0
split_feature=38 39 8 13 30 1 1 12 9 5 36 10 38 19 34 36 19 31 9 22 5 12 10 1 31 5 1 32 4 30 30 30 8 38 4 4 19 3 4 33 21 22
split_gain=186.773 44.5727 12.6146 10.1006 8.21007 7.91666 9.93062 5.37076 7.78305 6.78891 3.64652 3.55005 3.43771 6.03897 2.98834 2.62431 2.35125 2.09358 2.08468 1.98333 1.92581 1.8077 1.76113 1.80464 1.70786 2.7232 2.17646 1.51475 1.50008 1.4764 1.30116 1.2209 2.05619 0.961629 0.847043 1.4978 1.32994 0.850783 0.773444 0.60217 0.321052 0.215444
threshold=0.45795448124408727 1.0000000180025095e-35 0.69631093740463268 0.36666667461395269 0.75505790114402782 0.095454547554254546 0.31666667759418493 0.50902664661407482 0.5604878067970277 0.56496164202690136 0.56666669249534618 0.21583850681781772 0.388277217745781 0.96922349929809581 0.75000000000000011 0.36666667461395269 0.92637759447097789 0.83951234817504894 0.81661397218704235 0.82500001788139354 0.87026646733284008 0.35851633548736578 0.12060606107115747 0.26136364042758947 0.93937537074089061 0.95861870050430309 0.43650794029235845 0.45000000298023229 0.67028987407684337 0.87675428390502941 0.6422109603881837 0.69175162911415111 0.76028168201446544 0.93180048465728771 0.50316455960273754 0.4654348641633988 0.58411949872970592 0.66584047675132763 0.078176725655794158 0.62500000000000011 0.075000001117587103 0.42499999701976782
decision_type=2 2 2 2 2 2 2 2 2 2 2 2 2 2 2 2 2 2 2 2 2 2 2 2 2 2 2 2 2 2 2 2 2 2 2 2 2 2 2 2 2 2
left_child=1 12 7 4 5 38 17 8 10 -10 27 15 21 -14 -6 -8 24 -7 19 34 -20 -1 23 -12 26 -26 28 -3 -4 -27 -28 33 -33 -13 35 -11 -36 -38 -2 -34 -40 -39
right_child=3 2 16 -5 14 6 11 -9 9 18 22 31 13 -15 -16 -17 -18 -19 20 -21 -22 -23 -24 -25 25 29 30 -29 -30 -31 -32 32 39 -35 36 -37 37 41 40 -41 -42 -43
leaf_value=-0.039156380635874732 -0.00092926047853813783 -0.040219591318042383 0.016621487214591894 0.039678736907491782 0.038253750544464393 -0.063366860671672132 -0.035871152611700027 0.02864829665866226 0.037478246750716739 -0.020212334579129708 -0.025282973474281101 0.032739703281788095 -0.03046395819583168 0.041077616779702099 -0.014267239517462109 0.010655609597780372 0.033605108683179549 -0.0097163595516732062 0.022913110998994245 0.017594893660575168 -0.0091425609806777379 -6.1735143727944183e-05 0.026662900786551185 0.023552304945234821 0.020168981751378007 -0.046356712394464011 0.00026934454185771541 -0.0054879899222760866 -0.015294114676409074 0.0015587345044022838 0.031925435668453489 -0.028783272455574702 0.023876286103399154 -0.005205474150003349 0.0076562965978046573 0.016488983160447456 0.0028036688048050052 -0.036507373174858568 0.010042705920870528 -0.0060242274539528667 0.037149936504116708 -0.01507178012683357
leaf_weight=105.21157689578831 0.90384820941835542 18.05246348539368 2.399532297626144 142.54182705003768 24.657350303605202 3.3652503234334317 2.6985046998597673 3.7744552986696354 4.6683538081124416 1.9725313079543507 2.6203407421708103 6.3960136473178846 3.2205129005014888 1.5527064553461967 1.0131210647523392 2.3410827349871397 11.336346386931835 2.3819263838231564 4.0891074514947814 1.3274114802479733 4.7868100251071155 1.9382345983758558 1.3866255078464744 0.28548760153353203 1.5788543242961157 1.2404266279190781 2.4186590565368524 2.9578393306583157 4.0639326451346278 1.2672150097787378 8.5696498854085785 0.88697498943656716 2.243776543065906 0.62993043940514315 1.1684647891670454 2.035128106828779 0.92096878914162417 6.5610406044870597 2.4573204908519974 0.60234240815043438 8.0401138039305788 5.0630243131890893
leaf_count=17170 15 2160 38 10648 1418 53 37 221 84 86 306 256 120 13 59 30 302 51 38 12 44 36 18 2 50 24 25 54 44 41 188 32 117 32 38 51 32 299 73 28 236 64
internal_value=0.00656033 -0.0200902 0.00016713 0.0338702 0.0190785 0.00532109 -0.00889488 -0.0104229 -0.0136721 -0.000461814 -0.0296358 0.00804674 -0.0369972 -0.00251588 0.0353879 -0.0163276 0.019679 -0.0477338 -0.00848687 -0.0155955 0.00658769 -0.038461 0.00275744 -0.0133804 0.0105551 -0.00973232 0.0158251 -0.0361001 -0.0021561 -0.0298578 0.0255877 0.0202732 0.000529446 0.0286384 -0.0194306 -0.00186478 -0.0237668 -0.0274081 0.0302213 0.0169799 0.0329706 -0.0300953
internal_weight=407.627 206.468 94.5447 201.159 58.6176 32.9471 21.5458 61.6701 57.8956 32.5928 25.3028 15.7986 111.923 4.77322 25.6705 5.03959 32.8746 5.74718 27.9245 19.0486 8.87592 107.15 4.29245 2.90583 21.5383 4.0865 17.4518 21.0103 6.46346 2.50764 10.9883 10.759 3.73309 7.02594 17.7212 4.00766 13.7135 12.545 11.4013 2.84612 10.4974 11.6241
internal_count=34645 21560 4221 13085 2437 960 636 3509 3288 748 2540 532 17339 133 1477 67 712 104 664 582 82 17206 326 308 410 115 295 2214 82 65 213 465 177 288 570 137 433 395 324 145 309 363
is_linear=0
shrinkage=0.04


Tree=107
num_leaves=44
num_cat=0
split_feature=38 20 33 13 6 9 1 1 38 8 10 10 34 12 13 29 2 9 1 36 19 12 19 19 29 34 2 38 33 38 8 13 29 19 6 19 20 21 21 5 9 3 6
split_gain=177.999 43.8583 17.4987 10.1284 7.86898 7.57994 6.76813 9.80398 4.51729 4.67078 3.42107 3.41225 4.38993 3.39618 2.99315 2.55707 3.30149 3.89447 2.43464 2.41065 2.37022 1.91952 1.55064 1.31975 1.20169 0.945268 0.752891 0.728053 1.88524 0.724516 0.601838 0.692939 0.51504 0.436823 0.905962 1.15894 0.537792 0.349162 0.311422 0.179735 0.112874 0.108981 0.0267175
threshold=0.45795448124408727 0.37199692428112036 0.62500000000000011 0.36666667461395269 0.78778246045112621 0.4403389841318131 0.095454547554254546 0.31666667759418493 0.22028702497482303 0.69631093740463268 0.12060606107115747 0.21583850681781772 0.75000000000000011 0.16701237112283709 0.45000000298023229 0.87505951523780834 0.67028987407684337 0.68356868624687206 0.31666667759418493 0.36666667461395269 0.71902412176132213 0.54181629419326793 0.81165540218353283 0.89009663462638866 0.88097617030143749 0.75000000000000011 0.078689370304346098 0.86719223856925975 0.62500000000000011 0.8850628435611726 0.039607843384146697 0.30952382087707525 0.89906084537506115 0.92637759447097789 0.57763537764549266 0.89871793985366832 1.0000000180025095e-35 1.0000000180025095e-35 0.075000001117587103 0.75181159377098095 0.43288289010524755 0.89399582147598278 0.89399942755699169
decision_type=2 2 2 2 2 2 2 2 2 2 2 2 2 2 2 2 2 2 2 2 2 2 2 2 2 2 2 2 2 2 2 2 2 2 2 2 2 2 2 2 2 2 2
left_child=1 5 14 4 6 10 26 22 9 15 -1 19 27 -4 21 16 17 18 -7 -9 24 30 -8 -10 -11 -6 -2 -13 29 -29 31 -3 -17 34 -22 41 -35 -15 -28 -19 -16 -36 -43
right_child=3 2 13 -5 25 8 7 11 23 20 -12 12 -14 37 40 32 -18 39 -20 -21 33 -23 -24 -25 -26 -27 38 28 -30 -31 -32 -33 -34 36 35 -37 -38 -39 -40 -41 -42 42 -44
leaf_value=-0.03421121702847546 -0.00087202341752399464 -0.017580223969764948 -0.017664378901310979 0.039635893565193876 0.037920794231083313 -0.032012788913808023 -0.055496376077853439 -0.033786686090550438 0.010047748514983605 0.012463285191706225 0.015694243505589348 0.033836211163837379 -0.035633550224181763 0.0034607001115001595 -0.0024533533032272087 0.019168224598379177 -0.038225071579397973 0.023592918460792901 0.0066818135448471448 0.010568005524121094 -0.0049494386760378416 0.0094247021007315308 -0.0061428014280480604 0.051466259079932346 -0.015074848408371247 -0.00038372231996365423 0.0099229450484636748 -0.0061857987300310878 -0.024502714958755382 0.026590277705493822 -0.039463017875732524 0.013907224282253787 0.00087803021807169657 0.034337016762311573 0.0052048805988024159 -0.0073785408022908477 0.0027237720071109184 0.03493207327589351 0.036727811103974085 0.0064903856217023784 0.0094256996058613533 0.030730261124502115 0.007856266755935943
leaf_weight=8.657112038228659 0.9039063323289146 1.1883393796160806 1.9257515012286583 137.09936239011586 21.691480945795778 5.7490581511519903 4.1241000555455711 2.7480078367516425 2.8540705181658259 3.1839010217227068 1.7764511238783587 7.6409816686063969 0.65484877116978246 1.0968763157725332 1.0077889859676354 4.3552590021863562 4.4063162128441027 3.3028481695801011 3.2245444618165493 2.3521296931430697 2.2081893128342953 0.70107493177056213 1.7504609865136442 3.5591583792120218 3.7721925303339958 0.89512449409812589 2.4588426286354643 0.59500047564506564 0.61753065884113301 3.0000929310917854 114.59269918128848 0.40391316451132286 4.6274395948275924 8.1793136447668058 1.3856266438961009 1.2724503800272939 1.3225412564352144 5.4110086094588041 7.828788498416543 3.5731905582360923 1.2051723757758734 4.4392707068473101 1.6061062719672916
leaf_count=1268 15 143 36 10648 1300 581 59 40 36 50 21 314 23 20 34 28 63 32 27 31 17 16 52 47 46 52 74 33 32 176 18287 4 35 255 21 30 10 221 236 33 27 112 60
internal_value=0.00650983 -0.019808 -0.0338595 0.0336785 0.0187369 0.00474816 0.00617343 -0.00611606 0.0101014 0.00593291 -0.0245831 0.00926703 0.0199495 0.0189297 -0.0378053 -0.0050485 -0.012712 -0.00280214 -0.018916 -0.0151307 0.0173828 -0.0386748 -0.0449654 0.038469 -0.00217408 0.036348 0.029764 0.026983 0.0086274 0.0203599 -0.0391025 -0.00601741 0.0113469 0.0238589 0.0145159 0.0196883 0.0309832 0.0313854 0.0325199 0.0176193 0.0045878 0.0251326 0.0276016
internal_weight=395.348 200.988 127.533 194.361 57.2613 73.455 34.6747 23.4832 63.0215 56.6082 10.4336 17.6086 12.5085 8.43364 119.099 29.2387 20.256 15.8496 8.9736 5.10014 27.3696 116.886 5.87456 6.41323 6.95609 22.5866 11.1915 11.8536 4.21262 3.59509 116.185 1.59225 8.9827 20.4135 10.9116 8.70345 9.50185 6.50788 10.2876 6.87604 2.21296 7.431 6.04538
internal_count=34645 21560 18788 13085 2437 2772 1085 760 1483 1400 1289 649 578 277 18511 799 736 673 608 71 601 18450 111 83 96 1352 325 555 241 209 18434 147 63 505 240 223 265 241 310 65 61 193 172
is_linear=0
shrinkage=0.04


Tree=108
num_leaves=47
num_cat=0
split_feature=38 20 13 13 6 9 24 24 6 38 4 10 20 10 10 33 11 2 8 31 2 31 38 7 19 9 11 22 19 31 31 6 34 4 11 14 4 3 20 35 21 9 19 2 31 9
split_gain=169.539 42.4216 17.0167 10.1495 7.71036 7.20849 6.47741 7.11744 5.0898 4.30224 4.5964 3.5799 3.87625 5.42941 3.32431 2.86448 2.36072 2.0209 2.82292 2.73644 2.06962 2.3268 2.01947 2.12747 1.9891 1.90682 1.57288 1.39464 1.27371 1.20253 1.11846 1.08213 0.93843 0.731629 0.688777 0.903188 0.5781 0.403403 0.43369 0.360242 0.30826 0.301507 0.286213 0.207505 0.188687 0.126112
threshold=0.45795448124408727 0.37199692428112036 0.30952382087707525 0.36666667461395269 0.78778246045112621 0.4403389841318131 0.0083683477714657801 0.17817460745573047 0.51965817809104931 0.22028702497482303 0.83438816666603099 0.10912698507308961 0.73935687541961681 0.28174604475498205 0.12060606107115747 1.0000000180025095e-35 0.66815477609634411 0.72046512365341198 0.7103942632675172 0.86864736676216137 0.62316370010375988 0.68275979161262523 0.70096746087074291 0.54598379135131847 0.81165540218353283 0.61620295047760021 0.95898419618606578 0.72499999403953563 0.89009663462638866 0.99327683448791515 0.92958244681358349 0.72729831933975231 0.75000000000000011 0.078176725655794158 0.51530769467353832 1.0000000180025095e-35 0.47140522301197058 0.6468634605407716 1.0000000180025095e-35 0.35000000894069677 0.075000001117587103 0.89825496077537548 0.96490147709846508 0.99504950642585765 0.99327683448791515 0.46780878305435186
decision_type=2 2 2 2 2 2 2 2 2 2 2 2 2 2 2 2 2 2 2 2 2 2 2 2 2 2 2 2 2 2 2 2 2 2 2 2 2 2 2 2 2 2 2 2 2 2
left_child=1 5 16 4 6 14 33 8 24 10 15 -4 -13 -14 -1 37 29 19 -19 20 21 27 23 -10 -8 36 34 -17 -11 39 31 -20 -6 -2 -9 -36 -23 38 -7 -3 45 42 -39 -12 -45 -35
right_child=3 2 11 -5 32 9 7 26 22 28 43 12 13 -15 -16 17 -18 18 30 -21 -22 25 -24 -25 -26 -27 -28 -29 -30 -31 -32 -33 -34 40 35 -37 -38 41 -40 -41 -42 -43 -44 44 -46 -47
leaf_value=-0.034022295314934441 -0.0009151315208661187 -0.04029597300761302 -0.024631609331737091 0.0395925682305193 0.037804623645020477 0.012068371490524454 -0.061334190161794311 -0.0030925768096388283 0.013114829899643146 0.0097771347586975352 0.030474179529290157 0.036932606640774454 -0.038909823653993272 0.025729442773986835 0.015390898731671893 -0.026496336210055729 0.012345601543856197 -0.029909420901199427 -0.0011857824226718372 0.027459107361550533 -0.015301091150112096 0.0089765855602048084 0.023042488249991493 -0.026109180969390567 -0.0068599504777892908 0.029244070256373367 -0.012172972202708106 0.015861924075107468 0.050551982287885336 0.001058201830389215 -0.013462148058528562 0.026857765196735717 -0.00039143032711622534 -0.00055145380251753293 0.032789877549481601 -0.0041970093661766661 -0.01687689040909891 -0.036394178152644008 -0.013085482259862365 -0.012790352921146908 0.036293719673681786 -0.00035433087525379319 -0.00095197116609046172 -0.0028885540352251693 0.013108845381932395 0.013501793681826356
leaf_weight=8.3711067046970111 0.90396106988191505 105.0115209298674 2.7788878232240668 131.86649849731475 20.908228559419516 0.51508642267435678 3.6531553096137968 0.74409274384379198 2.15536588616669 2.8455120623111716 8.5325689651072008 5.7081114295870048 2.4882535077631474 2.7834937982261181 1.7695450335741032 2.3841581004671819 0.71417052112519641 4.3358679898083201 3.8704886697232705 7.9252750575542441 6.4190200939774504 1.0623634913936242 2.0418603094294667 4.3949287626892328 1.8873152178712187 6.6820315616205335 1.1170671274885533 0.52404092671349634 3.5064722895622253 0.97574800066649814 2.1996719501912594 2.6778689436614513 0.89545929338782926 0.89162428304552888 6.5154880294576287 0.69045097567141045 1.5541212162934241 2.7154560200870046 0.80119544919580221 2.7202972332015625 7.5993319097906351 0.58107099402695883 0.57200058037415136 0.75974150188267153 1.9074289668351412 1.5554656237363813
leaf_count=1268 15 17920 130 10648 1300 3 56 39 30 36 301 91 19 183 21 147 13 30 31 59 57 36 61 59 50 54 56 18 47 29 45 45 52 21 361 50 71 234 122 403 234 12 29 32 74 53
internal_value=0.00646571 -0.0195129 -0.0336673 0.0334839 0.0183987 0.0046973 0.00593789 -0.00611816 -0.0229975 0.00991013 0.00581339 0.00742148 0.0177409 -0.00626304 -0.0242971 -0.000154922 -0.0388841 0.00374962 -0.0083909 0.00994391 0.000895368 0.0102956 -0.00185759 -0.0127562 -0.0481241 0.0195491 0.0194949 -0.0152404 0.0377009 -0.0394067 0.00491186 0.0128712 0.0361836 0.0292715 0.0254967 0.0287981 -0.0061149 -0.0243727 -0.00142861 -0.0398038 0.0320429 -0.0294095 -0.0327232 0.0270169 0.00868624 0.00970363
internal_weight=383.513 195.693 123.18 187.82 55.9538 72.5121 34.1501 23.1997 14.1326 62.3714 56.0195 13.7587 10.9799 5.27175 10.1407 44.8197 109.422 39.6349 13.0839 26.551 18.6257 12.2067 8.59215 6.55029 5.54047 9.29852 9.0671 2.9082 6.35198 108.708 8.74803 6.54836 21.8037 10.9504 7.95003 7.20594 2.61648 5.18481 1.31628 107.732 10.0464 3.86853 3.28746 11.1997 2.66717 2.44709
internal_count=34645 21560 18788 13085 2437 2772 1085 762 256 1483 1400 423 293 202 1289 993 18365 593 151 442 383 326 150 89 106 161 506 165 83 18352 121 76 1352 323 450 411 107 400 125 18323 308 275 263 407 106 74
is_linear=0
shrinkage=0.04


Tree=109
num_leaves=41
num_cat=0
split_feature=38 20 32 23 18 30 38 8 10 20 10 1 5 10 5 11 2 8 1 5 2 11 8 31 6 33 31 31 2 32 10 30 1 4 24 31 2 38 30 11
split_gain=161.7 41.028 16.6045 9.57774 6.89593 5.97858 4.72429 5.43706 3.31538 3.71898 5.19003 3.27793 5.22189 2.68766 2.61909 2.60134 2.552 2.50673 2.33399 4.03924 3.34627 2.32558 2.06972 2.03251 1.82579 1.47684 1.19692 0.985552 3.92978 0.871082 0.811596 0.779605 0.776576 0.745125 0.382499 0.27301 0.250016 0.240166 0.0224234 0.00501449
threshold=0.45795448124408727 0.37199692428112036 0.30952382087707525 1.0000000180025095e-35 1.0000000180025095e-35 0.78044357895851146 0.22028702497482303 0.69631093740463268 0.10912698507308961 0.73935687541961681 0.28174604475498205 0.10555555671453477 0.76506900787353527 0.29705883562564855 0.49691358208656317 0.56479570269584667 0.72046512365341198 0.69309264421463024 0.34848485887050634 0.5030120611190797 0.60495716333389293 0.66815477609634411 0.37248718738555914 0.82755216956138622 0.47151280939579016 1.0000000180025095e-35 0.99327683448791515 0.93937537074089061 0.83438816666603099 0.21111111342906955 0.1490740776062012 0.41153609752655035 0.44949495792388922 0.51899951696395885 0.34759725630283361 0.83951234817504894 0.90366768836975109 0.60138812661170971 0.89452862739562999 0.3256866335868836
decision_type=2 2 2 2 2 2 2 2 2 2 2 2 2 2 2 2 2 2 2 2 2 2 2 2 2 2 2 2 2 2 2 2 2 2 2 2 2 2 2 2
left_child=1 4 21 13 -1 11 7 14 39 -10 -11 37 33 17 -6 -14 18 22 19 -16 -21 26 -2 -9 31 -25 38 32 -29 -24 -8 -22 -27 -13 -17 -35 -30 -5 -3 -4
right_child=3 2 8 5 6 -7 30 23 9 10 -12 12 15 -15 16 34 -18 -19 -20 20 24 -23 29 25 -26 27 -28 28 36 -31 -32 -33 -34 35 -36 -37 -38 -39 -40 -41
leaf_value=-0.031925011484196249 0.025259438007695315 -0.039781349251400915 -0.0029751974429273022 0.0056894368475492634 -0.029912788673032879 0.034500485518738779 0.04272568595265578 -0.013346996350594288 0.036443325639587812 -0.037983924794751107 0.025479998303997307 -0.0070277497492575586 -0.016132807631387972 0.039018388777731929 0.039757861260514213 0.026977068768271068 -0.021841599660596889 0.03261686620641905 0.020204228851825247 -0.034621046942009889 0.00027607529587878949 0.012237738950581752 -0.019744665223940812 -0.010619906410989045 -0.017427651378500334 0.010852730272932836 0.0010466865713488198 -0.03467385653210852 0.00087565253898420784 0.0059521249292366638 0.0095848674999378328 0.030725866716760072 0.034139397081361045 -0.066549425217900873 0.00036762772852666508 -0.016814321438083552 0.024652384118230338 0.026515883028077291 -0.0013531984348603779 -0.025994145887837966
leaf_weight=5.9469373887404791 2.4692029012367147 103.59071204485372 0.58830128703266327 2.7701792670413914 4.9456272250972715 8.6800088733434659 5.3045023619197291 2.0521009350195554 5.5765627864748222 2.4844606621190906 2.714597737416625 1.2971966289915133 3.7165638711303455 138.4118784009479 1.0919260722585082 3.468298826366663 5.7033780203200868 8.507121190428732 8.214867322240023 4.9585759723559004 2.0890171248465776 0.70653979061171313 3.6439926568418741 1.3053650045767451 2.0432037399150431 5.4655629303306403 0.97604269627481599 1.1658432837575663 1.066559489816427 2.3222792074084282 2.8151315804570913 1.9176933355629442 10.631979173049329 1.1279620765708389 0.96659223735332478 1.7541495738551018 4.906910726800561 2.4467787053436041 0.1913938419893374 2.0546442419290543
leaf_count=928 79 18323 25 23 697 416 53 18 91 19 183 31 50 11735 19 90 58 425 47 222 42 13 27 27 36 34 29 23 37 50 55 22 232 24 34 47 222 54 11 94
internal_value=0.00641495 -0.0192518 -0.0335199 0.0332914 0.00460224 0.0101207 0.00858804 0.00409991 0.00752287 0.0174423 -0.00617743 -0.00362208 -0.014584 0.0370581 -0.00711902 0.00479778 -0.00131501 0.0190718 0.00549138 -0.00547057 -0.0144996 -0.0387946 0.0023423 0.0169123 0.00530677 0.0201982 -0.0393299 0.0226066 0.00767729 -0.0101652 0.0345519 0.0190492 0.0279133 -0.044012 0.0224253 -0.0526064 0.021602 0.01936 -0.0397409 -0.0239276
internal_weight=372.091 190.508 118.883 181.582 71.6252 26.2277 65.6782 57.5586 13.4186 10.7756 5.19906 17.5477 12.3308 155.354 30.9643 8.15145 26.0187 16.9426 20.3153 12.1004 11.0085 105.465 8.43547 26.5943 6.04991 24.5422 104.758 23.2369 7.13931 5.96627 8.11963 4.00671 16.0975 4.17931 4.43489 2.88211 5.97347 5.21696 103.782 2.64295
internal_count=34645 21560 18788 13085 2772 769 1844 1736 412 293 202 353 276 12316 1143 174 446 581 388 341 322 18376 156 593 100 575 18363 548 282 77 108 64 266 102 124 71 259 77 18334 119
is_linear=0
shrinkage=0.04


Tree=110
num_leaves=43
num_cat=0
split_feature=38 20 12 38 29 33 10 3 3 2 3 1 3 11 1 29 30 20 29 11 2 12 2 29 4 33 24 29 9 10 35 2 33 11 30 38 1 3 3 20 33 33
split_gain=155.466 36.9521 17.1108 8.36637 10.3254 8.05339 5.11044 3.75148 5.50555 4.05789 3.50347 3.45375 3.02186 2.90477 2.84885 3.69879 2.43393 2.18004 2.11441 1.6844 1.55501 1.38642 1.18783 1.1411 0.877509 0.858 0.646063 0.600065 0.48004 0.448533 0.387151 3.9552 0.586509 0.38021 0.237907 0.188492 0.178295 0.0902591 0.084121 0.0577835 0.0420479 1.72945
threshold=0.54865220189094555 0.39228096604347235 0.54181629419326793 0.27338087558746343 0.71671876311302196 0.87500000000000011 0.29705883562564855 0.91658571362495433 0.85466015338897716 0.64326766133308422 0.91112279891967785 0.44949495792388922 0.82131657004356395 0.48557558655738836 0.34848485887050634 0.77781432867050182 0.73129138350486766 0.62554347515106212 0.84449404478073131 0.19399641454219821 0.49295215308666235 0.23849330097436908 0.77836257219314586 0.99861112236976635 0.83438816666603099 -1.0000000180025095e-35 0.13961988687515262 0.82818663120269786 0.13446328043937686 0.20344828069210055 0.25000000745058065 0.51316702365875255 1.0000000180025095e-35 0.52851876616477977 0.41615794599056249 0.60138812661170971 0.31666667759418493 0.88630625605583202 0.93335816264152538 0.52655076980590831 0.87500000000000011 0.62500000000000011
decision_type=2 2 2 2 2 2 2 2 2 2 2 2 2 2 2 2 2 2 2 2 2 2 2 2 2 2 2 2 2 2 2 2 2 2 2 2 2 2 2 2 2 2
left_child=1 3 5 4 11 16 10 8 14 -10 12 28 35 -14 15 20 19 -7 -11 -3 -6 39 -20 27 -25 -21 30 -9 -1 -5 38 -32 -33 -4 -22 -2 37 -30 -27 -18 41 -8
right_child=6 2 33 29 7 17 40 23 9 18 -12 -13 13 -15 -16 -17 21 -19 22 25 34 -23 -24 24 -26 26 -28 -29 36 -31 31 32 -34 -35 -36 -37 -38 -39 -40 -41 -42 -43
leaf_value=0.0023258949030722682 0.0031763803651964997 0.0094047455485764906 0.00045122688702672913 0.036535034423244371 -0.012664693701203954 0.024982594761170103 0.032918754235859014 0.00086382440596619275 0.015517641640828635 -0.0023911355944792843 0.032581844927922321 0.01369375444524866 0.01069655761264595 -0.03454355543017415 0.035473690278171474 -0.027549074755882082 -0.0003336940088104219 -0.014707089953227484 -0.044901230334502523 1.2770653636621897e-05 0.035437979276386131 0.016109585508139703 -0.01077020221829585 -0.014735022738569621 0.014185062800683681 -0.040766868299130808 0.0033535251202341377 0.035622659592795487 -0.036471773905355977 0.0064360637990281992 -0.033748726194306786 -0.0020864768576361161 0.030685475516627952 0.032146318513246654 0.0057268198183218141 0.026148127084088053 -0.0031541868497337641 -0.0011758510958096999 -0.002491464217190154 -0.021801206991603973 0.039322432201478394 0.00081327634647874601
leaf_weight=0.22659519081935542 1.3868719218298813 0.54985696356743474 0.63677256461232801 9.7990493490360659 0.77363928221165945 3.4310499131679526 38.324410434812307 1.0047885812818984 4.5976146729663041 5.5714819761924437 6.2827702900394788 1.9434281662106503 2.6967559531331062 4.006271805614233 6.2942472994327545 2.8155400748364627 0.21391320740804021 2.5268921619281173 4.9924538792110962 0.78180750645697017 2.4697739868424837 1.70408184453845 3.8722359421662986 0.97070639207959075 3.5530919078737497 93.564644035184756 0.20786163676530023 7.6537497881799936 13.353124907240266 1.711927712894975 9.301215246319769 0.91091712331399211 0.77457413962110877 5.2497432315722108 1.3511124602518974 2.4186362149193883 0.6937780240550645 0.29635357856750566 0.37618242530152102 1.683331860695034 102.85817710775882 3.0776166114956132
leaf_count=8 32 24 19 140 56 81 2792 23 46 53 301 22 48 54 66 101 7 57 47 47 72 21 36 16 142 16330 4 253 1947 65 1679 102 16 286 21 66 6 2 22 139 9158 144
internal_value=0.00579679 -0.0180814 -0.0314841 0.00417359 -0.00183153 -0.0349239 0.0347465 0.00796906 0.000363989 -0.0130864 0.0122666 -0.0275837 -0.00229082 -0.0173582 0.0185989 0.000558853 -0.0373596 0.0082457 -0.023046 -0.0384438 0.0206235 -0.00306306 -0.0337335 0.0247425 0.00548748 -0.0388434 -0.0391503 0.0323802 -0.0340141 0.0333378 -0.0393091 -0.0240271 0.0195713 0.0293297 0.0296805 0.0211578 -0.0349458 -0.0359816 -0.0406702 -0.0203553 0.0371982 0.0306847
internal_weight=356.909 195.858 121.913 73.9447 62.4337 116.026 161.052 45.9204 32.7381 19.0338 16.7913 16.5133 10.5085 6.70303 13.7043 7.41007 110.068 5.95794 14.4362 106.467 4.59453 3.60133 8.86469 13.1823 4.5238 105.917 105.135 8.65854 14.5699 11.511 104.928 10.9867 1.68549 5.88652 3.82089 3.80551 14.3433 13.6495 93.9408 1.89725 144.26 41.402
internal_count=34551 21956 18834 3122 2917 18529 12595 932 498 182 501 1985 200 102 316 250 18391 138 136 18224 149 167 83 434 158 18200 18153 276 1963 205 18149 1797 118 305 93 98 1955 1949 16352 146 12094 2936
is_linear=0
shrinkage=0.04


Tree=111
num_leaves=43
num_cat=0
split_feature=10 20 10 29 24 11 39 19 3 3 39 2 1 33 35 33 31 31 19 4 31 22 12 12 19 33 12 8 29 19 29 12 1 5 3 8 3 11 12 31 3 31
split_gain=148.309 40.6083 16.2472 15.1653 12.8846 5.4638 5.31647 5.31234 4.50429 5.05319 4.3711 3.97159 3.63654 2.69751 2.58455 2.19291 2.16421 3.39927 2.09918 3.57796 1.42174 1.27415 1.24618 1.16863 1.10409 1.0326 1.31779 1.02877 0.748287 0.837478 0.788078 0.691619 0.593172 0.57919 0.337534 0.333054 0.315088 0.310591 0.244452 0.0953642 0.046403 0.204099
threshold=0.29705883562564855 0.52060455083847057 0.086335405707359328 0.71671876311302196 0.12183055281639101 0.66815477609634411 1.0000000180025095e-35 0.79516318440437328 0.91658571362495433 0.85466015338897716 1.0000000180025095e-35 0.64326766133308422 0.44949495792388922 -1.0000000180025095e-35 0.15000000223517421 0.87500000000000011 0.86667150259017955 0.88727471232414257 0.56691542267799389 0.72834226489067089 0.99327683448791515 0.52500000596046459 0.25051344931125646 0.4060333669185639 0.99074074625968944 0.62500000000000011 0.84879750013351452 0.73765182495117199 0.99861112236976635 0.74388790130615245 0.81750240921974193 0.42895354330539709 0.31666667759418493 0.86526826024055492 0.84204980731010448 0.82807883620262157 0.39164614677429205 0.91184088587760936 0.59492492675781261 0.82611790299415599 0.96522775292396557 0.95202109217643749
decision_type=2 2 2 2 2 2 2 2 2 2 2 2 2 2 2 2 2 2 2 2 2 2 2 2 2 2 2 2 2 2 2 2 2 2 2 2 2 2 2 2 2 2
left_child=1 2 3 12 5 13 7 18 9 10 -5 -11 22 -3 34 20 -13 -18 -2 -20 40 36 24 -8 35 -9 -27 -19 30 -30 -10 -23 -26 -6 39 -1 -4 -21 -38 -12 41 -15
right_child=6 4 21 8 33 -7 23 25 28 11 14 16 -14 15 -16 -17 17 27 19 37 -22 31 -24 -25 32 26 -28 -29 29 -31 -32 -33 -34 -35 -36 -37 38 -39 -40 -41 -42 -43
leaf_value=-0.039113837344784387 0.010852133256471348 0.010688647427393637 0.0053099702101403511 -0.02417788445006145 -0.00072016913858557335 0.02148100290157658 -0.0027471988744747909 0.033934598427630948 -0.00052026241317324742 0.014670621699950157 0.014585600458435552 -0.044715675193229491 0.013475417624189258 -0.040139151899504601 -0.010222317207412413 -0.0040319572698519759 0.013374488585014917 -0.036700851604028958 -0.056489640879706843 0.015823567491460484 0.003669150955718964 -0.0054664857024678782 0.0020373029915520917 0.039213714435259936 -0.013179822215061286 0.018783935264031233 -0.021672624350915343 -0.0043441896537712819 -0.011454934896610328 0.016448796464282857 0.035339429160837307 0.020308214663044014 0.016876030001454871 0.02945277258101071 0.0083115021256048131 0.00022624805800354892 0.040309639306616706 -0.0055199815317539301 0.007319751063457414 0.040190198483625268 -0.0024248536898060871 -0.00048360031205459461
leaf_weight=20.973660479299738 1.8849467486143101 1.1566702444106329 1.0606776117347241 2.3434345666319105 0.94750983361154695 1.6019450235180546 0.7585770096629848 7.7301966352388245 0.84811569191515257 4.6353509621694711 3.0271377423778159 3.9083090429194263 1.9232493750751007 93.739845914533362 1.9868467603810138 3.3688713368028393 4.2933867811225337 4.0827235886827111 1.7334732227027418 1.0476926397532222 0.86525779217481513 2.2667179200798269 1.1271673687733699 129.76465336885303 0.79948956426232942 1.3955268934369089 0.71572748012840737 2.8683944493532181 1.1226703766733397 3.7649705447256565 7.7123346403241158 1.5799861364066599 0.36859345436096191 3.9194649709388614 2.1592611162923268 0.17387727042660017 14.566653519868849 0.63054520823061455 1.2088221311569203 5.9028040622361004 0.33478997321799298 0.31316504115238686
leaf_count=3516 36 39 19 316 20 33 43 356 20 57 77 56 22 16279 46 51 49 35 20 53 24 45 18 11830 130 64 31 41 20 139 260 58 1 186 31 7 363 25 39 61 23 12
internal_value=0.00576261 -0.0164689 0.00257904 -0.00627832 -0.0332668 -0.0363689 0.0363015 0.012138 0.00681416 -0.00089761 0.0153717 -0.0138706 -0.0304439 -0.0376253 0.0244377 -0.0383669 -0.0233419 -0.011345 -0.0169148 -0.0315001 -0.0394808 0.0326446 -0.0347388 0.0389213 -0.0367034 0.0281276 0.00123169 -0.0265251 0.0251919 0.00848271 0.0319081 0.0076127 -9.58314e-05 0.0243338 0.0314226 -0.0386604 0.0372114 0.00785918 0.0386759 0.0349571 -0.039952 -0.0400306
internal_weight=346.613 200.952 94.7046 74.0218 106.248 101.381 145.661 15.1381 48.6557 35.2076 15.4195 19.7882 25.366 99.7786 13.076 98.6219 15.1528 11.2445 5.29666 3.41171 95.2531 20.6829 23.4428 130.523 22.3156 9.84145 2.11125 6.95112 13.4481 4.88764 8.56045 3.8467 1.16808 4.86697 11.0892 21.1475 16.8362 1.67824 15.7755 8.92994 94.3878 94.053
internal_count=34551 22093 5426 4902 16667 16461 12458 585 1208 769 531 238 3694 16428 215 16389 181 125 134 98 16338 524 3672 11873 3654 451 95 76 439 159 280 103 131 206 169 3523 421 78 402 138 16314 16291
is_linear=0
shrinkage=0.04


Tree=112
num_leaves=63
num_cat=0
split_feature=13 1 39 4 2 2 9 31 8 2 19 21 8 7 13 2 20 6 29 4 2 19 2 29 2 19 6 31 4 1 6 31 9 24 33 4 8 22 1 22 2 31 31 2 2 9 29 19 8 2 9 9 19 6 36 35 6 31 24 24 31 31
split_gain=127.761 51.6267 13.3318 8.97793 6.50061 5.54318 5.62515 5.13371 3.99756 3.606 3.58882 5.68433 5.99562 5.04617 4.28215 2.81882 2.66992 2.51502 4.52192 3.75336 2.20726 2.41405 1.82117 1.77762 1.60737 1.85544 1.56144 1.25636 0.995421 0.93464 0.897785 0.891962 0.745962 1.01964 0.572326 0.486547 0.446544 0.432587 0.423261 0.408723 0.395769 0.38156 0.37858 0.321052 0.313784 0.313546 0.301956 0.255378 0.254459 0.207836 0.189091 0.15942 0.241034 0.134416 0.131034 0.124238 0.116226 0.0249782 0.0122418 0.0969039 0.00461902 0.00422446
threshold=0.45000000298023229 0.44949495792388922 1.0000000180025095e-35 0.83438816666603099 0.65419578552246105 0.17883795499801639 0.64051282405853283 0.91035637259483349 0.59675306081771862 0.76506900787353527 0.85053193569183361 0.12500000372529033 0.59675306081771862 0.56253433227539074 -1.0000000180025095e-35 0.45748709142208105 0.51530769467353832 0.72729831933975231 0.89906084537506115 0.80874970555305492 0.54110360145568859 0.60922586917877208 0.76993650197982799 0.48032534122467047 0.15831244736909869 0.96922349929809581 0.79063245654106151 0.85391354560852062 0.65806129574775707 0.31666667759418493 0.69015115499496471 0.9026731848716737 0.50878274440765392 0.0067346938885748395 0.62500000000000011 0.75134408473968517 0.67083334922790538 0.42499999701976782 0.16025641560554507 0.17500000447034839 0.63453349471092235 0.84763193130493175 0.92572277784347545 0.82952776551246654 0.6569296419620515 0.77032968401908886 0.93026456236839306 0.89871793985366832 0.68237251043319713 0.7897985875606538 0.13446328043937686 0.99438202381134044 0.23956521600484851 0.6287311613559724 0.43333333730697637 0.35000000894069677 0.70610296726226818 0.47971057891845709 0.10102041065692903 0.074304118752479567 0.90417084097862255 0.5416807532310487
decision_type=2 2 2 2 2 2 2 2 2 2 2 2 2 2 2 2 2 2 2 2 2 2 2 2 2 2 2 2 2 2 2 2 2 2 2 2 2 2 2 2 2 2 2 2 2 2 2 2 2 2 2 2 2 2 2 2 2 2 2 2 2 2
left_child=1 2 5 4 40 6 24 10 27 35 13 12 49 14 15 39 23 18 22 -19 29 -22 36 -16 25 50 -21 -6 -23 38 -20 -24 33 -2 44 46 -10 47 -17 -4 -3 61 45 -28 55 -11 51 -14 -5 -12 -1 52 57 60 -26 -18 -47 -7 59 -50 -54 -25
right_child=32 3 7 48 8 9 -8 -9 17 42 11 -13 37 -15 16 20 34 19 30 26 21 28 31 41 54 -27 43 -29 -30 -31 -32 -33 -34 -35 -36 -37 -38 -39 -40 -41 -42 -43 -44 -45 -46 56 -48 -49 58 -51 -52 -53 53 -55 -56 -57 -58 -59 -60 -61 -62 -63
leaf_value=-0.00049338242820698615 0.02548489287827584 0.034471746537408005 0.0027496663061300788 0.0010509649542799436 -0.00039285999093639399 0.0011658869264091038 0.037796392100485784 0.029138078382461085 -0.0015045686849879294 0.0065563425788452458 -0.033996121398519492 0.033513219530239217 -0.0055131995959375032 -0.070422002546257093 0.020122939143343982 0.015462259260737394 -0.042723555758739262 0.028670661021782458 -0.0066492391966334399 -0.036780680976021531 0.020536720580972036 -0.02908820338184185 -0.024690062655155987 -0.00099846840102045162 -0.00011534141071804755 0.0098593466623847475 0.014827103104584545 -0.043035780373726677 0.0021980770992787533 0.042746313454204751 -0.054206707491554991 0.0062557126608178554 0.039045717404691378 -0.0054359957614661617 0.0011861063326916907 -0.00022635680933775427 0.024985800943437823 0.029032493756242461 -0.0068430295797519561 -0.028641171142499165 0.007230835923432437 0.0034886552198662118 0.01347957659586009 -0.0059374262100822649 -0.0013414097000950564 -0.017505312862502596 -0.00027856170809342919 0.011378385631930932 0.023524449223223311 -0.00042469476254432476 -0.034583460558021362 -0.0029952096400937918 -0.040538503758972527 -0.00078727159474536177 0.018926328268359584 -0.0013558131400745607 -0.00020324112457878452 -0.0052990807443642554 0.037209868430715262 0.0031970288213270873 -0.0028897240487802877 -0.025149301086256279
leaf_weight=0.39862569235264889 9.208138991147278 6.5491041489876789 0.30234187515452804 0.5799741111695792 1.3946802224963928 0.30567096313461561 2.0087262573651961 3.6677408497780553 0.82147542387247252 0.71765026310458768 7.0105654615908879 4.7047089766710988 1.2548880316317084 1.5672251135110844 1.8520993636921073 1.2002894370816632 9.1348379203118313 7.1061967182904464 1.4135704236105087 1.2003845740109684 2.616048676893115 2.9161776136606932 1.8926024995744231 0.26016013463959176 0.45645024534314949 1.1561717977747319 0.96777034318074562 3.845513470005244 1.9756835661828516 1.8445043601095674 1.8418143042363224 1.5374175016768274 113.12560273893178 1.3219270287081588 0.32127744099125344 0.44347200030460854 3.5653556296601892 1.9085092060267923 1.2560775149613617 3.1412605489604175 2.1670162668451667 0.40533090708777297 1.0614528651349244 0.87318619526922703 0.48998768441379148 0.90184281067922689 0.36348541686311264 1.4268509643152354 9.8066969458013791 0.36651443503797043 6.5235205693170428 0.53468471113592286 80.072554150829092 0.26558929169550438 0.37779433000832796 0.26986617315560657 0.56205529766157269 0.28640920296311378 17.663865898735821 1.1105720428749908 0.33140905713662405 1.7852894072420893
leaf_count=47 645 148 24 18 48 22 28 137 38 40 756 202 42 37 88 60 1186 325 49 25 32 82 43 37 58 42 50 102 12 7 34 44 10182 61 19 43 124 18 46 359 41 22 43 32 51 63 33 59 433 16 870 47 15765 28 8 36 24 60 1268 22 28 242
internal_value=0.00572236 -0.0130525 -0.0259515 0.0165896 0.00262644 -0.0346346 -0.00653946 -0.00913796 -0.00739989 -0.0380136 -0.0129027 0.00193 -0.0126934 -0.0205848 -0.014628 0.000370474 -0.029066 0.000954384 -0.0114042 0.0143524 0.0100245 -0.00336932 0.00596709 -0.00123548 -0.0207512 -0.0262276 -0.0169595 -0.0341788 -0.0184111 0.0285571 -0.0422144 -0.0125707 0.0378143 0.0212211 -0.0389768 -0.0396124 0.0203911 0.0192273 0.00544775 -0.0252403 0.0298277 -0.0193592 0.0019044 0.00592092 -0.0405248 -0.00637214 -0.0398343 0.00395568 0.0324188 -0.0327015 -0.0332149 -0.0399937 -0.0401587 -0.0403593 0.0139928 -0.0419752 -0.0136172 -0.00269636 0.0329418 0.0222198 -0.0404571 -0.0241641
internal_weight=336.439 212.783 148.446 64.3372 35.1761 96.7676 10.9213 51.6782 26.46 85.8463 48.0105 16.672 11.9673 31.3385 29.7712 15.2524 14.5188 21.2198 11.0722 10.1475 11.8088 7.50791 7.81685 4.30288 8.91256 8.07832 3.04134 5.24019 4.89186 4.30087 3.25538 3.43002 123.656 10.5301 10.216 82.6033 4.38683 4.59025 2.45637 3.4436 8.71612 2.45078 3.243 1.84096 9.89469 2.18155 82.1598 2.68174 29.1611 7.37708 6.92215 81.7963 81.2616 80.6696 0.834245 9.4047 1.4639 0.59208 28.5811 10.9173 80.404 2.04545
internal_count=34551 23663 20819 2844 1103 17249 1053 3570 914 16196 3433 1093 891 2340 2303 622 1681 764 332 432 239 126 249 389 1025 959 107 150 94 113 83 87 10888 706 1292 16026 162 119 106 383 189 301 170 82 1273 127 15983 101 1741 772 917 15950 15903 15821 66 1222 87 82 1723 455 15793 279
is_linear=0
shrinkage=0.04


Tree=113
num_leaves=45
num_cat=0
split_feature=10 20 38 29 24 23 11 19 1 3 3 23 33 14 4 35 31 31 19 4 9 35 31 20 8 33 29 12 33 38 8 19 29 32 9 19 8 11 4 3 1 31 4 3
split_gain=135.771 38.0606 15.0216 14.1298 11.9255 5.33772 5.20123 4.98255 3.71561 3.58749 4.06246 3.39528 2.61086 2.56273 2.35805 2.26505 2.25057 3.74598 2.00096 3.19186 1.5699 1.72835 1.41828 1.25805 1.2194 1.5732 1.21015 1.18412 1.04784 1.49034 0.910448 0.898835 0.769037 0.749891 0.568808 0.414102 0.320662 0.304902 0.278173 0.238874 0.254002 0.535365 0.214983 0.0197684
threshold=0.29705883562564855 0.52060455083847057 0.22028702497482303 0.71671876311302196 0.12183055281639101 1.0000000180025095e-35 0.66815477609634411 0.79516318440437328 0.31666667759418493 0.91658571362495433 0.85466015338897716 1.0000000180025095e-35 -1.0000000180025095e-35 1.0000000180025095e-35 0.60660174489021312 0.15000000223517421 0.86864736676216137 0.88727471232414257 0.56691542267799389 0.72834226489067089 0.62988328933715831 0.25000000745058065 0.98896396160125744 0.62554347515106212 0.050641026347875602 1.0000000180025095e-35 0.99861112236976635 0.4060333669185639 0.62500000000000011 0.90549233555793773 0.73765182495117199 0.92770034074783336 0.81750240921974193 0.63333335518836986 0.86425063014030468 0.86159002780914318 0.82807883620262157 0.91184088587760936 0.56773442029953014 0.84204980731010448 0.31666667759418493 0.82755216956138622 0.96580946445465099 0.96522775292396557
decision_type=2 2 2 2 2 2 2 2 2 2 2 2 2 2 2 2 2 2 2 2 2 2 2 2 2 2 2 2 2 2 2 2 2 2 2 2 2 2 2 2 2 2 2 2
left_child=1 2 3 8 6 27 12 18 36 10 11 15 -3 22 38 39 -16 -18 -7 -20 21 24 33 -15 -4 -26 32 -2 -9 -30 -19 -28 -11 42 -6 -22 -1 -21 -12 40 41 -5 43 -14
right_child=5 4 20 9 34 7 -8 28 -10 26 14 -13 13 23 16 -17 17 30 19 37 35 -23 -24 -25 25 -27 31 -29 29 -31 -32 -33 -34 -35 -36 -37 -38 -39 -40 -41 -42 -43 -44 -45
leaf_value=-0.037528897583151186 -0.0031069649079057834 0.010451650274133693 0.016046289476762184 -0.0049089563711710018 -0.00096238337530575786 0.010716386728557285 0.02105462438923868 0.033583561348557389 0.0087264438228760507 -0.00064888137939108725 -0.00010344387083640001 -0.022472432931863625 -0.040325513080776504 0.016332373326369699 -0.041674177707279297 -0.0099390598237534093 0.021417630884813143 -0.032286681748657162 -0.053816924439733259 0.015387390332228619 0.018628192540616446 0.033959446447551278 0.0031577141078145193 -0.018157462600917277 -0.028105293702536321 0.01242560764433853 -0.011861904103706314 0.039109885113653597 0.019075866849777912 -0.024342322944887015 -0.0030498756421078479 0.015979216401230976 0.03476661524419733 0.0038520590510471913 0.028910044687686761 0.043398886105057918 0.00043799140496627242 -0.0057316885247171148 0.0156961654228812 0.0081132887685255832 0.038309754313896084 0.020735667264893919 -0.00048405674817640772 -0.0015453751054884915
leaf_weight=20.012990354094661 0.73973241541534562 1.143138205166905 2.2557923789136138 1.1615716093219766 0.92847792711108823 1.8688155636191357 1.5475547518581141 7.3131740503013116 2.5906004533171645 0.84209918789565374 2.624630376230928 1.9978152555413551 87.066722148796543 1.4546792875044041 3.8690709993243209 1.9604114792309708 3.1578586739487928 4.1666160747408867 1.7751917708665135 1.0044794026762245 5.5890201395377508 1.8951110383495686 0.92209125217050214 2.271238200366497 2.336126650217921 1.2838700078427789 1.8710450492799271 120.46798416227102 1.4338667308911683 0.62454458884894837 2.9857698120176792 2.5350050572305918 7.1869254047051072 0.24942384473979373 3.6974038481712341 9.5998838315717858 0.16571934102103014 0.62118216510862101 2.3312571467831731 2.1330731511116019 5.3732207012362778 1.5957190878689287 0.21961440518498321 0.20554779842495818
leaf_count=3603 43 39 33 58 20 36 33 356 31 20 43 298 16243 26 56 46 36 32 20 53 154 28 27 63 105 33 49 11830 64 31 43 109 258 4 186 263 6 25 17 30 55 20 10 16
internal_value=0.00565829 -0.0160191 0.0026106 -0.00682954 -0.0329256 0.0360283 -0.0360276 0.0115339 -0.0315421 0.00602704 -0.00098663 0.0142863 -0.037314 -0.0380873 -0.0126597 0.0223238 -0.0204536 -0.00801986 -0.0164493 -0.0306908 0.0295689 0.0114748 -0.0394381 -0.00349164 -0.00105412 -0.0137612 0.023056 0.0387959 0.0275583 0.000636575 -0.0227665 0.0038458 0.0311866 -0.0399572 0.0236684 0.0368716 -0.0370673 0.00730383 0.00874106 0.0292726 0.03262 0.0116866 -0.0401767 -0.0402746
internal_weight=327.076 191.227 91.5212 68.5614 99.7059 135.849 95.08 14.6413 22.7693 45.7921 33.357 14.2218 93.5325 92.3893 19.1352 12.224 14.1793 10.3102 5.26967 3.40085 22.9598 7.7709 88.6634 3.72592 5.87579 3.62 12.4351 121.208 9.37159 2.05841 7.15239 4.40605 8.02902 87.7413 4.62588 15.1889 20.1787 1.62566 4.95589 10.2636 8.13051 2.75729 87.4919 87.2723
internal_count=34551 22093 5426 4810 16667 12458 16461 585 3640 1170 734 507 16428 16389 227 209 167 111 134 98 616 199 16300 89 171 138 436 11873 451 95 75 158 278 16273 206 417 3609 78 60 163 133 78 16269 16259
is_linear=0
shrinkage=0.04


Tree=114
num_leaves=44
num_cat=0
split_feature=10 23 30 38 23 36 19 12 9 6 19 9 13 10 19 4 1 7 36 9 8 10 3 33 19 30 8 8 1 12 0 33 38 12 4 4 9 8 38 19 8 3 10
split_gain=129.454 36.3675 11.5814 9.65878 5.34056 4.94953 4.78492 4.77181 4.12689 3.61938 3.56079 2.6586 2.47041 2.44191 1.90584 3.01933 1.52106 3.88831 1.52142 1.9075 1.5194 1.51145 1.43871 1.44254 1.40447 1.83095 1.40307 1.73074 1.18197 1.17836 1.07212 1.03886 1.44621 0.747941 0.582079 0.750634 0.564868 0.493086 0.267778 0.223445 0.562142 0.0618229 0.0528691
threshold=0.29705883562564855 1.0000000180025095e-35 0.75909262895584118 0.388277217745781 1.0000000180025095e-35 0.30000001192092901 0.79516318440437328 0.16701237112283709 0.49691358208656317 0.70610296726226818 0.96922349929809581 0.91331186890602123 0.45000000298023229 0.16333333402872088 0.56691542267799389 0.72834226489067089 0.31666667759418493 0.35685387253761297 0.76666668057441723 0.84680575132370006 0.039607843384146697 0.19139194488525393 0.91658571362495433 -1.0000000180025095e-35 0.58411949872970592 0.48521696031093603 0.30068494379520422 0.53001201152801525 0.19090909510850909 0.4060333669185639 1.0000000180025095e-35 0.62500000000000011 0.90549233555793773 0.35851633548736578 0.73746865987777721 0.10762548446655275 0.88067796826362621 0.70064935088157665 0.87627220153808605 0.71583852171897899 0.62145593762397777 0.86663055419921886 0.23669467866420749
decision_type=2 2 2 2 2 2 2 2 2 2 2 2 2 2 2 2 2 2 2 2 2 2 2 2 2 2 2 2 2 2 2 2 2 2 2 2 2 2 2 2 2 2 2
left_child=1 2 5 30 29 12 14 8 -7 16 11 34 20 -14 -6 -16 24 -18 19 37 -1 -9 23 -22 28 -26 -23 -28 -10 -2 33 -8 -33 -3 35 -5 -25 41 -17 -4 -41 -19 -29
right_child=4 3 39 10 6 7 31 21 9 -11 -12 -13 13 -15 15 38 17 18 -20 -21 22 26 -24 36 25 -27 27 42 -30 -31 -32 32 -34 -35 -36 -37 -38 -39 -40 40 -42 -43 -44
leaf_value=0.012085559962162845 -0.0030773593507131647 -0.039495930879186507 0.0092922423933259387 -0.00026608449295766865 0.010542441856710062 -0.032143872098414378 0.033368896041450199 0.031545427557846249 0.02675589501245856 -0.029627753411577463 0.025524651286770506 0.019805500522571858 -0.018566130202080838 0.02478883091525512 -0.052193091603615641 -0.0049505062565661636 0.035554578268522354 -0.0087681541162977859 0.01727657589074242 0.012549785919647565 0.004756722617846299 0.021166198401107238 0.0080592855377381919 -0.039495035591831214 -0.030788286289538239 0.0080589159448752716 -0.035470441744997062 0.00015907013516862676 -0.009435391049145021 0.039054033788785358 -7.3752985536703917e-05 0.018876432592981877 -0.023892312310965346 -0.0030554225124395928 -0.00025138075814264106 -0.03153219682493498 -0.0019702622969341118 -0.0022787021794371514 0.014901137453187331 0.0020604878260761903 0.032726856546731797 -0.028537224710245553 0.013307607319683945
leaf_weight=0.53641689475626009 0.74191537871956725 77.070528624113649 2.8092178693041232 1.5458342507481537 1.8509863018989552 5.9775161319412282 7.0801839390769583 7.5042901975102705 1.4813121501356383 3.8938274420797816 3.5895894565619519 1.6934191081672914 2.8301078509539357 2.3602043753489852 1.8036667183041575 0.65795138012617804 5.5754045941866961 2.5909465295262653 4.3396042049862436 3.9623251412995151 0.96863243496045193 1.7049127947539089 0.74687939230352718 12.102725469507273 3.7280578394420445 2.1261781803332269 1.0332862474024298 0.74508799612522103 1.4579773908481 115.90869989618659 1.1951772933825839 1.4077072832733395 0.63941874727606762 1.288062261417507 1.6498227957636116 6.0622911788523197 0.94236896606162268 3.170506626367569 0.95621337741613388 1.3342218995094306 15.086830714717507 2.6342645618133247 0.80082731507718563
leaf_count=12 43 17244 57 16 36 990 356 136 36 65 44 32 42 71 20 29 31 43 32 52 39 61 17 1607 274 25 8 25 38 11830 22 64 31 30 24 202 22 29 49 13 694 22 38
internal_value=0.00562689 -0.0157346 0.00209911 -0.0330354 0.0358826 -0.00525026 0.0112365 0.00132367 -0.00522135 0.00046692 -0.00259599 -0.0139812 -0.0211949 0.00198393 -0.0160725 -0.0298995 0.00552475 0.0109254 0.00029107 -0.0068491 -0.0286708 0.0222146 -0.0312963 -0.0341327 -0.00752068 -0.0175856 0.00170186 -0.0139063 0.0111194 0.0387283 -0.0384253 0.0272384 0.000502405 -0.0389884 -0.0223729 -0.0263424 -0.0373789 -0.0168254 0.0071912 0.0285247 0.0306857 -0.0230426 0.0100214
internal_weight=317.585 186.539 92.4439 94.0947 131.047 73.2137 14.3961 52.7263 40.9379 34.9604 14.541 10.9514 20.4873 5.19031 5.26882 3.41783 31.0666 22.2731 16.6976 12.358 15.297 11.7884 14.7606 14.0137 8.79353 5.85424 4.28411 2.5792 2.93929 116.651 79.5538 9.12731 2.04713 78.3586 9.25795 7.60813 13.0451 8.39572 1.61416 19.2303 16.4211 5.22521 1.54592
internal_count=34551 22093 4479 17614 12458 3715 585 1905 1637 647 318 274 1810 113 134 98 582 209 178 146 1697 268 1685 1668 373 299 132 71 74 11873 17296 451 95 17274 242 218 1629 94 78 764 707 65 63
is_linear=0
shrinkage=0.04


Tree=115
num_leaves=42
num_cat=0
split_feature=38 20 13 3 1 1 10 3 2 14 11 19 10 29 1 33 29 9 6 9 2 31 20 3 3 2 5 38 19 12 33 2 38 19 20 11 30 20 9 39 19
split_gain=122.27 36.8707 16.0381 11.2585 9.2364 9.36012 7.61413 4.46642 4.32475 3.51431 2.90343 2.78817 2.66493 3.88436 2.90097 2.56841 2.35616 2.84672 2.08789 1.83208 1.74415 2.5141 1.66908 1.38968 1.30679 1.8057 1.37078 1.12555 1.03455 0.94885 0.944811 0.767734 0.640556 0.557157 0.359934 0.50686 0.32688 0.247004 0.0890607 0.0499102 0.034306
threshold=0.36785912513732916 0.25728431344032293 0.45000000298023229 0.92577046155929577 0.095454547554254546 0.44949495792388922 0.14039409160614016 0.87489145994186412 0.90366768836975109 -1.0000000180025095e-35 0.74203693866729747 0.82182541489601146 0.048199767246842391 0.7241005301475526 0.31666667759418493 1.0000000180025095e-35 0.99861112236976635 0.80901724100112926 0.26220077276229864 0.77459675073623668 0.76506900787353527 0.90625891089439403 0.72193583846092235 0.89957937598228466 0.8818531632423402 0.54110360145568859 0.71535181999206554 0.50805342197418224 0.93142634630203258 0.38279198110103613 0.87500000000000011 0.82952776551246654 0.33504070341587072 0.80178570747375499 0.99717512726783764 0.93364781141281139 0.26571340858936315 0.4844555407762528 0.27953489124774938 1.0000000180025095e-35 0.72821971774101268
decision_type=2 2 2 2 2 2 2 2 2 2 2 2 2 2 2 2 2 2 2 2 2 2 2 2 2 2 2 2 2 2 2 2 2 2 2 2 2 2 2 2 2
left_child=1 8 3 4 11 9 30 29 12 -6 22 18 13 14 -1 32 17 19 27 24 -19 -22 -9 -18 25 36 33 -2 37 -7 -3 -12 38 -27 -5 -36 -15 -11 -8 -10 -17
right_child=2 6 -4 34 5 7 15 10 39 28 31 -13 -14 16 -16 40 23 20 -20 -21 21 -23 -24 -25 -26 26 -28 -29 -30 -31 -32 -33 -34 -35 35 -37 -38 -39 -40 -41 -42
leaf_value=-0.034008080241997522 -0.025429052883700481 -0.039346912494823319 0.039140719703611472 0.037096877461839872 0.0028675074704728422 -0.0004312870659935479 0.0067869556006106236 -0.00075597522982630142 0.0051488269745717311 -0.010559239340191776 0.022537553986688889 0.038166989229531947 0.03641877555344615 0.0261048116402002 0.0097234605312926988 0.028951719786083397 0.0043770171530642804 0.03334871345220837 0.025539455614234426 -0.019868966179010877 -0.014945240982357895 0.02635122593345595 -0.04612639390877462 -0.032283795995618259 0.02496089885766534 -0.0043467856562767367 0.0081743336045506133 0.0082551379569263152 -0.008485138415573263 0.031768657810516382 -0.009707614327497633 -0.010762967450234195 -0.026727371992893257 -0.031494726804625506 0.016233028826147779 -0.010988986853161294 0.0019265012095643391 -0.063130266862969214 -0.003762541782833161 0.033010154472039831 0.0030081358685063058
leaf_weight=6.9669041978195292 2.4842355460859822 83.31502578034997 104.47659401036799 18.329257286153737 1.8820509267970917 1.6087741758674363 0.78246199898421709 2.0450096670538187 0.84913358092307945 0.89097693096846509 1.9842551834881308 7.4272434967570007 1.5873786699958135 1.7090882826596554 2.5159899014979601 2.3617417095229034 1.9946516565978516 7.1054069548845273 2.0477567450143397 4.6803370639681807 3.6318442020565271 2.7422002321109176 2.5214977758005261 2.5289872642606497 2.547395938076078 2.7017305102199316 2.6633099620230496 1.462912364862859 1.3437154185958204 5.4648804580792785 3.1112581808120003 0.41247949376702298 1.4956529608462004 2.4155212584882975 1.0637306030839671 0.40679977741092432 1.7498042858205733 5.5140164215117693 1.1298849591985343 6.4973950097337365 0.58840911369770754
leaf_count=853 55 19214 10711 1303 55 21 29 53 3 22 127 221 22 39 24 127 21 63 59 32 40 77 62 58 14 38 19 37 44 282 34 34 24 33 75 28 29 192 42 311 19
internal_value=0.00595111 -0.0202353 0.0298932 0.0123095 -0.000910067 -0.015703 -0.0354179 0.00532804 0.00565145 -0.0431335 -0.015611 0.0239758 0.000807093 -0.00152039 -0.0224236 0.005389 0.00454028 0.00857046 0.00208731 -0.00167925 0.0215099 0.0043273 -0.0312323 -0.0184442 0.00572652 -0.000947483 -0.01137 -0.0135658 -0.0533389 0.025336 -0.0384853 0.0140172 -0.015167 -0.0215698 0.0354764 0.00629691 0.0182693 -0.0592976 0.000917166 0.0312834 0.0267125
internal_weight=309.038 147.672 161.366 56.8896 37.0898 23.6677 92.7844 14.0369 54.8871 9.63076 6.96324 13.4221 47.5406 45.9532 9.48289 6.35815 36.4703 31.9466 5.9949 18.4672 13.4795 6.37404 4.56651 4.52364 13.7869 11.2395 7.78056 3.94715 7.74871 7.07365 86.4263 2.39673 3.408 5.11725 19.7998 1.47053 3.45889 6.40499 1.91235 7.34653 2.95015
internal_count=34546 21165 13381 2670 1264 892 19489 579 1676 313 276 372 1362 1340 877 241 463 384 151 204 180 117 115 79 172 158 90 92 258 303 19248 161 95 71 1406 103 68 214 71 314 146
is_linear=0
shrinkage=0.04


Tree=116
num_leaves=45
num_cat=0
split_feature=38 20 23 19 10 6 30 10 8 4 19 33 24 14 24 9 7 4 6 7 6 32 36 7 9 30 30 12 3 30 8 3 38 9 9 3 4 8 30 3 19 12 8 8
split_gain=116.274 35.7401 14.1386 10.007 7.44666 7.11716 4.16713 3.85758 3.0581 5.38062 2.87906 2.47945 2.13402 2.06439 1.70053 1.68207 1.48142 2.46169 2.25333 1.41843 2.94388 1.36242 1.1914 1.12602 1.9169 1.56592 2.52766 1.10568 1.01328 0.826914 0.656459 0.634193 0.620857 0.3843 0.301395 0.249618 0.230181 0.0996474 0.0937326 0.0632776 0.0461729 0.033862 0.0204273 0.0636693
threshold=0.36785912513732916 0.25728431344032293 1.0000000180025095e-35 0.91240409016609203 0.14039409160614016 0.79063245654106151 0.79074048995971691 0.31698563694953924 0.69309264421463024 0.44315245747566229 0.89871793985366832 1.0000000180025095e-35 0.0055250306613743314 1.0000000180025095e-35 0.029659277759492401 0.92637759447097789 0.21655924618244174 0.57932874560356151 0.59156423807144176 0.6944047510623933 0.57763537764549266 0.21111111342906955 0.70000001788139354 0.42741556465625768 0.49691358208656317 0.26571340858936315 0.35310883820056921 0.6375025510787965 0.85001030564308178 0.53681024909019481 0.043961353600025184 0.85154971480369579 0.33504070341587072 0.75905716419219982 0.23606811463832858 0.7747386395931245 0.42644809186458593 0.17712418735027316 0.29884421825408941 0.83475819230079662 0.74388790130615245 0.5259326994419099 0.042109929025173194 0.039607843384146697
decision_type=2 2 2 2 2 2 2 2 2 2 2 2 2 2 2 2 2 2 2 2 2 2 2 2 2 2 2 2 2 2 2 2 2 2 2 2 2 2 2 2 2 2 2 2
left_child=1 6 7 5 14 12 10 8 9 30 19 32 27 29 42 31 38 -18 -19 20 23 -16 -20 24 34 36 -27 -4 -28 -11 -2 35 37 41 -1 -14 -26 -6 -12 -37 -13 -5 43 -3
right_child=2 4 3 33 11 -7 -8 -9 -10 13 16 40 15 -15 21 -17 17 18 22 -21 -22 -23 -24 -25 25 26 28 -29 -30 -31 -32 -33 -34 -35 -36 39 -38 -39 -40 -41 -42 -43 -44 -45
leaf_value=0.00064819616107293545 0.0030548867771832376 -0.01340228266214071 -0.014875368162664394 0.0018887370199253714 0.0065459670561702089 0.027553255876096808 0.026942791262594048 0.038541773648338155 0.034023307260797227 -0.039656940195394355 -0.01677502319316598 0.028682605311305915 -0.025755655473217214 0.0083465899568707889 -0.021726193840139105 -0.00039694589016453594 0.040768804608644953 -0.016630744507360636 0.029264408251892186 -0.025887099125132734 0.018058623432169973 0.017255433741136032 -0.0026023608583672043 -0.026013896772909838 0.034175128363514558 -0.028897546903074358 -0.0066574494781614134 0.017372476653192911 0.018684243146995953 -0.0054617573051047386 0.036466497008807275 -0.054984448960648608 -0.026331610255009342 0.034882134077526931 -0.027518384579557006 0.0023688030396404936 0.003084687791137259 -0.0046073113826524837 6.200394341066229e-05 -0.0064789905587815068 0.002673710444138964 0.01301044943416311 -0.0397431183219807 -5.1027763679530093e-05
leaf_weight=0.4318376393057507 1.5539825381711141 0.82078743632882722 2.7687935470603473 1.7354666981846087 1.0331587810069316 3.3212313670665017 10.042438460513948 105.41652558511123 9.6518867397680861 2.5859305681660771 1.1207793736830343 2.3269152799621229 0.94805708411149536 2.7966789118945599 1.4975132816471153 1.5318187791854141 3.5759230852127066 3.2937998757697624 3.5730584030970931 3.7931995280086985 6.36885031312704 1.203159804921597 2.3037673877552152 4.1427025529555968 0.98763635242357739 2.6079112133011204 3.018205804284662 1.2130054421722887 4.4215357378125191 2.3836166113615036 4.298675799742341 4.4769320844206959 1.4801627863198517 8.3021589107811433 3.359034966211766 0.79255699436180327 0.9459086749702692 0.87526548537425686 0.30744421482086171 1.3014625697396693 0.57124565728008736 1.2863026708364484 79.093865280272439 0.64587524486705661
leaf_count=37 43 158 59 39 19 176 392 11639 540 32 155 128 50 52 165 47 39 34 62 57 60 14 22 35 16 83 51 35 32 28 100 101 24 327 539 34 59 52 3 47 18 32 18839 72
internal_value=0.00590181 -0.0199374 0.0296479 0.00341608 -0.0352644 -0.0160376 0.00557158 0.0351719 0.0184203 0.00494225 2.03565e-06 0.00528139 -0.0290515 -0.0156163 -0.0383907 -0.0385038 0.0139878 0.0184555 0.00502099 -0.00696177 -0.00290065 -0.00392986 0.0183272 -0.0105012 -0.00440229 0.00386148 -0.00342822 -0.00266352 0.00868676 -0.028433 0.0300654 -0.0450906 -0.0149128 0.030233 -0.0245396 -0.0168711 0.027063 0.000911268 -0.0137167 -0.00303236 0.0263983 0.009863 -0.0394301 -0.0103586
internal_weight=300.207 143.842 156.365 27.6778 89.5479 16.3539 54.294 128.687 23.2708 13.6189 44.2516 6.28675 13.0326 7.76623 83.2612 9.05083 14.1748 12.7465 9.17063 30.0768 26.2836 2.70067 5.87683 19.9148 15.7721 11.9812 10.0477 3.9818 7.43974 4.96955 5.85266 7.51901 3.38859 11.3239 3.79087 3.04208 1.93355 1.90842 1.42822 2.09402 2.89816 3.02177 80.5605 1.46666
internal_count=34546 21165 13381 947 19489 549 1676 12434 795 255 1284 241 373 112 19248 279 315 157 118 969 912 179 84 852 817 241 166 94 83 60 143 232 95 398 576 131 75 71 158 81 146 71 19069 230
is_linear=0
shrinkage=0.04


Tree=117
num_leaves=49
num_cat=0
split_feature=12 20 9 23 38 19 1 10 31 19 7 29 29 7 19 22 10 19 10 5 29 24 7 3 22 10 29 31 31 29 29 10 38 8 13 19 10 9 29 22 10 10 10 1 3 9 10 7
split_gain=110.803 37.4353 11.635 9.28243 6.15241 5.57454 5.02303 4.73392 3.72107 3.48931 2.68153 3.00059 2.14528 1.84213 2.36661 2.2045 1.78783 1.78357 1.75606 1.719 1.57868 1.48935 1.45002 1.96681 1.49573 1.41851 1.40016 1.2853 0.774846 0.905313 0.734001 0.729778 0.707734 0.680315 0.53853 0.492062 0.471469 0.456408 0.363841 0.315479 0.295858 0.287465 0.278891 0.275149 0.271271 0.144838 0.045108 0.0251352
threshold=0.42895354330539709 0.52060455083847057 0.65345367789268505 1.0000000180025095e-35 0.22028702497482303 0.82182541489601146 0.31666667759418493 0.086335405707359328 0.92572277784347545 0.89871793985366832 0.77010381221771251 0.62959489226341259 0.87304639816284191 0.78469794988632213 0.65261757373809826 0.32500000298023229 0.29705883562564855 0.48331478238105779 0.15075758099555972 0.77032968401908886 0.90240257978439342 0.13363095372915271 0.6944047510623933 0.89635431766510021 0.47499999403953558 0.10912698507308961 0.70108827948570263 0.88562902808189403 0.94086807966232311 0.99861112236976635 0.69713053107261669 0.27525253593921667 0.54865220189094555 0.055946791544556625 -1.0000000180025095e-35 0.54226192831993114 0.31698563694953924 0.86425063014030468 0.78448411822319042 0.52500000596046459 0.18898809701204303 0.70710784196853649 0.74456521868705761 0.31666667759418493 0.96522775292396557 0.44590643048286444 0.10912698507308961 0.31464277207851415
decision_type=2 2 2 2 2 2 2 2 2 2 2 2 2 2 2 2 2 2 2 2 2 2 2 2 2 2 2 2 2 2 2 2 2 2 2 2 2 2 2 2 2 2 2 2 2 2 2 2
left_child=1 2 4 16 6 10 27 9 21 13 11 -5 19 14 15 35 17 -2 39 38 43 32 23 24 30 -10 -7 46 -15 -30 -16 33 36 -19 -14 -4 44 -33 -11 45 -28 -42 -43 -17 -3 -6 -1 -32
right_child=3 8 7 5 18 26 -8 -9 25 12 -12 -13 34 28 22 20 -18 31 -20 -21 -22 -23 -24 -25 -26 -27 40 -29 29 -31 47 37 -34 -35 -36 -37 -38 -39 -40 -41 41 42 -44 -45 -46 -47 -48 -49
leaf_value=-0.037169353387879987 -0.016398955770576037 -0.039783854983864261 0.004821923593551187 0.0041079449806482506 0.038204856921862075 -0.0022209101949320961 0.01614935424807545 0.038391103604460602 -0.018035913173437876 0.024141331874060899 0.018942710962261251 -0.043114083843489588 0.034805265413250776 0.027081250466092999 0.00072368650445707233 -0.0025705041000045181 0.03850459033273744 -0.0026432707768549025 -0.010903277825366988 -0.016344855705435288 -0.028709356968426986 0.0040686261881139035 -0.035748495895957709 0.017986472535847065 0.0021627676769959631 0.020992258959054579 0.0016779353970753448 0.0074948550625407416 0.014990646301202148 -0.019449893652641985 -0.007213747750070101 -0.013408539974015263 0.003604685707237949 0.030157279628545339 0.0023657261703536291 0.031700724692798235 0.0020463978818679586 0.011688998775593189 0.0017461222366548508 0.0026171013305323326 0.03450759255164227 -0.0065869040397533432 0.013544853666481213 0.015433744587050444 -0.00015037185143188797 0.0061874678568773142 -0.00058707332295901329 -0.034449680437715159
leaf_weight=18.2911428557709 1.0529990792274464 71.164383974624798 2.4055517555680179 2.8731334581971186 1.7040364628192035 2.3673841450363389 2.61772326985374 7.9383963169530025 1.1440826039761298 2.2550491662696031 1.4795286199077962 4.1196850440464914 8.4797995081171393 2.9975439589470616 1.0825815997086445 1.4413262251764538 103.68144951434806 0.69856900535523703 1.7907181791961191 2.8303325094748288 1.8757463553920386 0.92349355202168126 2.7298145275562993 2.3598496054764828 4.4721157983876765 1.8242512773722408 0.84096475038677354 0.51643723528832097 0.94280532374978043 0.79369939304888248 1.1447468600235877 0.80424668453633763 0.25605346448719402 6.7323308940976858 1.2202235530130536 2.9040393061004579 0.1541566513478746 0.69063098169863224 2.2116315902676433 1.072885289089754 7.2011826857924444 0.58762714173644759 0.83165441267192364 1.399042334873229 0.13271224172785778 1.0719133124221114 0.1437149653211226 3.5862878945190459
leaf_count=3825 12 16163 37 46 42 52 44 206 84 29 88 73 283 97 16 43 11852 23 36 40 19 28 32 34 55 59 16 10 42 24 15 22 7 277 25 35 7 48 44 36 370 34 38 20 8 48 5 97
internal_value=0.00584069 -0.01679 0.00191713 0.032417 -0.0188252 0.00679843 -0.0282222 0.0124308 -0.0368185 0.00695783 -0.0161899 -0.0260836 0.0206219 -0.00130713 -0.00584798 0.00836415 0.0368293 0.0165025 0.0151732 0.00288619 -0.00966333 -0.0385885 -0.0151698 -0.00723956 -0.0148081 0.00441147 0.0233807 -0.0351941 0.0181606 -0.00171752 -0.0259742 0.0224491 -0.0392407 0.0268091 0.0316599 0.0233631 -0.0395017 -0.000930813 0.0164452 0.027457 0.0294594 0.0314118 0.00552956 0.00789702 -0.0396725 0.0325597 -0.0369856 -0.0313269
internal_weight=291.84 157.878 82.2792 133.961 27.2086 20.3012 21.569 55.0706 75.5991 47.1322 8.47235 6.99282 16.997 30.1352 25.4011 10.0257 113.66 9.97878 5.63955 7.29701 4.71611 72.6308 15.3754 12.6456 10.2857 2.96833 11.8288 18.9513 4.73405 1.7365 5.81362 8.92578 71.7073 7.4309 9.70002 5.30959 71.4513 1.49488 4.46668 3.84884 9.46143 8.62046 1.41928 2.84037 71.2971 2.77595 18.4349 4.73103
internal_count=34546 21595 5239 12951 4046 717 3884 1193 16356 987 207 119 421 566 403 154 12234 382 162 113 82 16213 249 217 183 143 510 3840 163 66 128 370 16185 300 308 72 16178 70 73 126 458 442 72 63 16171 90 3830 112
is_linear=0
shrinkage=0.04


Tree=118
num_leaves=47
num_cat=0
split_feature=38 20 13 4 1 10 1 7 2 4 21 19 10 29 1 33 29 9 11 2 6 9 14 24 2 8 3 13 3 2 9 7 38 19 38 38 19 8 6 21 8 23 8 8 19 8
split_gain=105.397 33.6423 15.6649 11.1623 9.96839 7.15574 5.6024 5.65656 3.91056 2.6697 3.33048 2.63414 2.49359 3.45887 2.68197 2.3094 2.21796 2.54755 2.14047 2.98322 1.93192 1.69839 1.66591 1.63575 1.61677 3.37376 1.33382 1.27035 1.17743 1.73767 1.28492 1.08815 1.05323 1.00165 0.607191 0.604926 0.385315 0.335088 0.269454 0.101371 0.0964835 0.0724078 0.0432857 0.0633189 0.036351 0.0257495
threshold=0.36785912513732916 0.25728431344032293 0.45000000298023229 0.83438816666603099 0.095454547554254546 0.14039409160614016 0.44949495792388922 0.6229168474674226 0.90366768836975109 0.80186915397644054 1.0000000180025095e-35 0.82182541489601146 0.048199767246842391 0.7241005301475526 0.31666667759418493 1.0000000180025095e-35 0.99861112236976635 0.80901724100112926 0.56479570269584667 0.6900656819343568 0.26220077276229864 0.77459675073623668 -1.0000000180025095e-35 0.029659277759492401 0.76506900787353527 0.66210046410560619 0.89957937598228466 0.21111111342906955 0.8818531632423402 0.54110360145568859 0.71535181999206554 0.29440100491046911 0.50805342197418224 0.93142634630203258 0.33504070341587072 0.69403594732284557 0.83503401279449474 0.92403846979141246 0.26526586711406713 0.075000001117587103 0.17712418735027316 1.0000000180025095e-35 0.042109929025173194 0.039607843384146697 0.74388790130615245 0.68614074587821972
decision_type=2 2 2 2 2 2 2 2 2 2 2 2 2 2 2 2 2 2 2 2 2 2 2 2 2 2 2 2 2 2 2 2 2 2 2 2 2 2 2 2 2 2 2 2 2 2
left_child=1 8 3 4 11 23 7 22 12 18 -11 20 13 14 -1 34 17 21 19 -8 32 28 -6 42 45 -26 -18 -25 29 38 31 -31 -2 -24 40 -20 -21 -27 -15 -13 -7 -10 43 -3 -17 -19
right_child=2 5 -4 -5 6 15 9 -9 41 10 -12 39 -14 16 -16 44 26 24 35 36 -22 -23 33 27 25 37 -28 -29 -30 30 -32 -33 -34 -35 -36 -37 -38 -39 -40 -41 -42 -43 -44 -45 -46 -47
leaf_value=-0.033490469927762459 -0.024787439399990494 -0.012940045393627633 0.038963180086973338 0.035968615340379095 -0.0037635262750779904 0.0066662186014673844 0.023764597490795143 0.020065296295306685 0.032428055011172151 -0.052244723233805884 0.015009557050093096 0.0086861418927811421 0.035426313729432626 0.025224191964709479 0.0090903385345506051 0.0280798543615715 0.0044202232072536405 0.038482216589426244 -0.0020032547996355209 -0.03359292848926488 0.024792722828850956 -0.01908652646653183 -0.062187514888347527 -0.021196039556174013 -0.028094779425744336 0.027713571629170042 -0.03143508589832409 0.016757998468632018 0.023976937251905181 0.00033254090989299492 0.0078691969691906932 -0.032570348099838893 0.0080288399386287852 -0.007180970430639675 -0.025742290773664776 0.029746706906244973 -0.0046431835077482475 0.0024358308970447253 0.0023077403030866295 0.040007632254402861 -0.0043449200449124665 0.004638809773772303 -0.039667887701922887 -4.7665008118891347e-05 0.0026347197686280252 0.014339438223565074
leaf_weight=6.4673821339383704 2.417298034066333 0.78205501008778699 93.499856075737625 17.780363162048161 1.3599447980523098 1.0224790358915918 1.7205926943570355 1.3070497037842859 5.998858585022389 1.3727855915203684 0.97246506344526995 1.2919518258422611 1.5518988594412793 1.7263589203357752 2.4934634380042553 2.2321185478940611 1.9774041455239046 3.7644215524196607 0.74011283461004485 1.835075735114515 1.9677430205047128 4.6422102348878971 5.8488887734711197 1.4388872203417116 1.8580149263143537 2.7783308811485767 2.5705894827842712 1.1656392118893562 2.5108402986079446 2.1615156778134406 2.6383937620557845 2.8516799351200461 1.4265731293708084 1.0512254666537044 1.4446665125433353 4.3062373893335462 1.7877015108242629 1.5800936026498673 1.7147990190424023 6.4404078423976898 0.84921893593855191 0.84022219479084004 73.297336644725874 0.63386765215545893 0.5563180362805723 3.0887420400977135
leaf_count=853 55 158 10711 1417 42 19 32 34 311 37 68 69 22 40 24 128 21 17 12 32 61 32 200 165 10 54 58 14 14 33 19 38 37 39 24 308 41 53 28 186 52 3 18839 72 18 46
internal_value=0.00580162 -0.0193768 0.0291581 0.0114339 -0.00164428 -0.0350128 -0.0177334 -0.0385334 0.00538387 0.000152537 -0.0285399 0.0238227 0.000782434 -0.00150823 -0.0217918 0.00522107 0.00418439 0.00817969 0.00963997 -0.00708849 0.00194282 -0.00152917 -0.0498773 -0.0382558 0.0206342 0.0039349 -0.0180227 -0.00381203 0.00565026 -0.00074459 -0.0110966 -0.0210758 -0.0132223 -0.0566133 -0.0143843 0.0252446 -0.0249993 0.0216558 0.0180923 0.037127 0.00121092 0.0305531 -0.0393331 -0.00986666 0.0258952 0.0322105
internal_weight=283.764 136.638 147.126 53.6264 35.8461 83.4226 22.3021 9.56711 53.2152 12.735 2.34525 13.544 46.3761 44.8242 8.96085 6.1048 35.8634 31.3154 10.3897 5.34337 5.81161 18.2458 8.26006 77.3178 13.0696 6.21644 4.54799 2.60453 13.6036 11.0927 7.65159 5.0132 3.84387 6.90011 3.31636 5.04635 3.62278 4.35842 3.44116 7.73236 1.8717 6.83908 74.7133 1.41592 2.78844 6.85316
internal_count=34546 21165 13381 2670 1253 19489 845 315 1676 530 105 408 1362 1340 877 241 463 384 425 105 153 204 281 19248 180 117 79 179 172 158 90 71 92 239 95 320 73 107 68 255 71 314 19069 230 146 63
is_linear=0
shrinkage=0.04


Tree=119
num_leaves=50
num_cat=0
split_feature=12 20 9 23 10 20 6 3 10 35 8 6 10 8 29 9 1 3 8 22 3 10 1 5 8 8 6 6 10 10 8 3 12 10 11 20 9 12 9 29 12 29 29 3 9 35 29 1 22
split_gain=100.534 35.3534 10.5564 8.98728 6.15768 6.96454 5.03417 3.21285 2.65066 2.53231 2.17901 2.0273 1.86477 1.83597 2.13117 2.02187 1.86977 1.77615 2.6984 1.53951 1.57124 1.49989 1.41436 2.13002 1.30275 1.28795 1.03873 0.991181 0.821517 0.798858 0.791217 0.789714 0.761643 0.720284 0.703739 0.697004 2.80796 0.675237 0.618769 1.15449 0.594835 0.532597 0.459178 0.34903 0.303139 0.197826 0.107664 0.0998676 0.0583854
threshold=0.42895354330539709 0.52060455083847057 0.43792808055877691 1.0000000180025095e-35 0.04446640424430371 1.0000000180025095e-35 0.79063245654106151 0.93335816264152538 0.14039409160614016 1.0000000180025095e-35 0.65166836977005016 0.72729831933975231 0.29705883562564855 0.83457711338996898 0.89589646458625805 0.68356868624687206 0.10555555671453477 0.93966487050056469 0.93788579106330883 0.32500000298023229 0.82908758521080028 0.10912698507308961 0.44949495792388922 0.68801230192184459 0.53001201152801525 0.5388936996459962 0.58512848615646373 0.80958235263824474 0.21583850681781772 0.31698563694953924 0.39077411592006689 0.68322730064392101 0.59492492675781261 0.28174604475498205 0.6351073980331422 0.30940108001232153 0.62988328933715831 0.18827567994594577 0.75716626644134533 0.77145501971244823 0.50902664661407482 0.76323142647743236 0.52573397755622875 0.94997555017471325 0.45512083172798162 0.45000000298023229 0.82818663120269786 0.72077924013137828 0.27500000596046453
decision_type=2 2 2 2 2 2 2 2 2 2 2 2 2 2 2 2 2 2 2 2 2 2 2 2 2 2 2 2 2 2 2 2 2 2 2 2 2 2 2 2 2 2 2 2 2 2 2 2 2
left_child=1 2 8 12 5 9 13 27 -1 10 25 19 24 15 -15 16 32 -13 -19 22 31 -9 23 41 30 38 -12 29 -17 34 40 -21 -5 -26 45 -6 44 -38 39 -4 -2 42 -11 -20 -37 47 -28 -3 -46
right_child=3 7 4 6 35 -7 -8 21 -10 11 26 17 -14 14 -16 28 -18 18 43 20 -22 -23 -24 -25 33 -27 46 -29 -30 -31 -32 -33 -34 -35 -36 36 37 -39 -40 -41 -42 -43 -44 -45 48 -47 -48 -49 -50
leaf_value=-0.035441690340697045 -0.0063266774857385494 -0.039642754543243022 0.018246762975514148 -0.0080960191107943003 0.039597314761045541 -0.032603682127802958 0.032321906189663845 -0.019324681110917549 0.013943658665208672 0.011440147978901706 0.0040871469731774655 0.030160194377647734 0.03835491614470312 -0.051206818441411991 0.0043188397454382403 -0.0022716018806782966 -0.033801999088261869 -0.039207182926630377 -0.0023646599636185052 -0.014287236554510299 -0.030449682557832612 0.020386451538541447 0.023787219517662654 -0.021302880002553197 0.031358871107059615 -0.0090007959172304971 0.0051864938603499713 0.0033982815988451748 0.027182241595836855 0.0046143228439442605 -0.015839746014426625 0.014920531602674803 0.017778693265049172 -0.0025369404340536282 0.0038254831803612691 0.003435719939616149 0.00022316461614283489 0.033118054387428264 0.026162406000851037 -0.017926120477277447 0.020513264560326552 0.022922108473695246 -0.014242155745849278 0.02126323479023038 -0.00048150559566212891 -0.0013765794822378189 0.036776231482866517 -0.0005573296776937495 -0.022553745001274998
leaf_weight=11.274013578891752 1.1042605740949496 65.796582262497395 1.2500524283386787 2.5752092916518468 6.8525938214734188 6.5983093399554482 6.2348851021379224 1.3103484588209533 1.1269042454659928 0.52123069856316406 2.8024752577766767 3.5885965190827838 96.19713734742254 1.1827403977513307 1.3221034649759529 1.7022522892802951 2.0895133414305747 0.71808564942330155 0.77182367537170682 1.0109842340461894 5.1911341729573905 1.7295398330315945 1.9380330983549354 4.4207319393754005 4.5676759844645858 5.4967584721744061 0.81307747215032389 0.56421285029500623 2.9196120873093605 0.26274538785219093 1.6363686788827179 1.8955699065700171 1.6514113079756496 0.76714655011892308 0.23770820372737844 0.41331579419784104 0.97094471706077445 5.1686765048652887 2.2114426642656326 1.2297961199656127 1.5459275115281341 1.9888635287061331 0.83881825534626842 1.7622689288109539 0.41978643834590901 0.41817532922141154 7.1931513343006372 0.1439190770033737 1.299035347998142
leaf_count=2682 24 16063 52 34 118 1136 411 110 11 11 23 66 11852 28 52 16 40 25 20 57 63 64 22 27 252 54 6 16 92 15 13 32 44 48 8 21 48 141 9 14 45 20 67 90 40 69 301 11 83
internal_value=0.005758 -0.016245 0.00203207 0.0319939 0.00843727 0.00160442 0.00647379 -0.0365752 -0.0297544 0.0074797 0.017183 -0.00122007 0.0365661 -0.00744587 -0.0304379 0.000729579 -0.0126188 0.0151795 -0.00509399 -0.0083412 -0.0197174 0.00204948 0.00232525 -0.00585372 0.015751 0.00287418 0.0285399 -0.0383552 0.0179262 -0.0388083 -0.000771544 0.00262165 0.00361358 0.0265753 -0.0391157 0.029634 0.0164021 0.028554 0.0158562 0.000205924 0.0104114 0.014283 -0.00261159 0.0151488 -0.0153336 -0.0393896 0.034976 -0.0395704 -0.0203186
internal_weight=275.726 150.23 79.7665 125.496 67.3656 52.2412 19.6777 70.4632 12.4009 45.6429 20.9968 24.6461 105.819 13.4428 2.50484 10.938 6.31613 6.84077 3.25218 17.8054 8.09769 3.03989 9.70768 7.76964 9.62138 10.188 10.8087 67.4233 4.62186 66.8591 4.28656 2.90655 4.22662 5.33482 66.5964 15.1244 8.27176 6.13962 4.69129 2.47985 2.65019 3.34891 1.36005 2.53409 2.13214 66.3587 8.00623 65.9405 1.71882
internal_count=34546 21595 5239 12951 2546 2095 717 16356 2693 959 459 500 12234 306 80 226 118 201 135 299 152 174 147 125 382 129 330 16182 108 16166 82 89 78 300 16151 451 333 189 75 66 69 98 78 110 144 16143 307 16074 123
is_linear=0
shrinkage=0.04


Tree=120
num_leaves=40
num_cat=0
split_feature=12 20 13 19 14 29 32 20 5 1 12 10 20 20 29 12 10 19 3 2 5 5 3 29 30 19 19 29 20 19 4 29 31 29 10 19 1 19 3
split_gain=102.455 29.8495 14.9159 7.31008 7.27376 4.74676 4.71689 4.39766 3.67402 2.82893 2.64412 1.90351 7.05197 2.51279 1.61447 2.85353 1.53141 1.47926 1.47125 2.72489 4.13686 1.86902 1.45772 1.41004 2.10252 1.30889 1.69871 1.06439 0.82926 0.816991 0.811493 0.715062 0.688455 0.325575 0.242012 0.212186 0.164453 0.118858 0.0517798
threshold=0.22836096584796908 0.2098387032747269 0.45000000298023229 0.83935481309890758 -1.0000000180025095e-35 0.73520171642303478 0.21111111342906955 0.58847248554229747 0.92718276381492626 0.44949495792388922 0.16701237112283709 0.29705883562564855 0.58370205760002147 0.86124861240386974 0.62224537134170543 0.54181629419326793 0.12060606107115747 0.99074074625968944 0.91112279891967785 0.67028987407684337 0.80982521176338207 0.90595519542694103 0.8602094054222108 0.99861112236976635 0.89452862739562999 0.79516318440437328 0.59417229890823375 0.99861112236976635 0.88478556275367748 0.81165540218353283 0.84356173872947704 0.84176135063171398 0.91250720620155346 0.39291186630725866 0.20344828069210055 0.72821971774101268 0.44949495792388922 0.96362435817718517 0.6708679497241975
decision_type=2 2 2 2 2 2 2 2 2 2 2 2 2 2 2 2 2 2 2 2 2 2 2 2 2 2 2 2 2 2 2 2 2 2 2 2 2 2 2
left_child=1 5 3 4 33 9 -3 16 14 17 30 12 34 32 15 -9 -6 -1 19 25 -21 -22 38 31 -25 26 -7 -10 -29 36 -8 -20 -14 -2 -5 -18 -16 -36 -15
right_child=2 6 -4 11 7 18 10 8 27 -11 -12 -13 13 22 29 -17 35 -19 23 20 21 -23 -24 24 -26 -27 -28 28 -30 -31 -32 -33 -34 -35 37 -37 -38 -39 -40
leaf_value=-0.037432734622752074 0.0038999826026931946 -0.039433566461097823 0.038874972597126078 0.039602712810545886 -0.01340523485648059 0.016310475876492311 -0.028528139211989493 -0.032308712755647465 0.021184440068379124 0.014629257282351205 0.020616369926694741 0.034525085858439136 -0.038581506744127733 -0.00060673705284622153 -0.054937754417939307 0.016765475084980497 0.030073599198978097 0.0085031695845002222 0.0024022074805086723 -0.030292947221852936 0.025644323913993957 -0.0079470586494730083 0.025861418391377216 -0.021598797749282136 0.022199358312312879 0.026356933666816566 -0.015146543795299245 0.0097527450542627195 -0.027425482176766276 -0.0040246685654533919 0.005480991643364257 0.034103982834301168 -0.0005325840344970052 0.032151818538541883 0.01228459988748612 0.0038500260122713461 -0.011043952379930295 -0.001748928867813722 -0.016949369195354082
leaf_weight=5.9995515998452884 1.3683585990220333 67.728501050267369 88.467164306435734 6.1919054705649632 1.1563280730042631 4.6730503058061021 3.0227434837725009 2.6278129657730442 2.1213553687557569 1.7305534798651931 2.7774102592375129 15.929098580032585 2.9721335240174089 0.74300838774070166 4.8927825880236924 2.1158300722017884 2.4301534523256128 0.63498088810592879 1.7266865028068403 5.7487521618604642 3.858413415029645 3.8222757261246443 1.7155207842588422 1.9790168125182381 1.9534658258780837 6.7919765282422304 3.2573925964534283 0.56079810857772849 0.53711067233234644 0.97547328798100341 0.76129157282412041 6.278592724353075 0.77993831411004055 5.6025573909282684 0.71037069801241137 1.2565591027960179 1.1022636471316216 0.67943171039223671 0.65562734007835388
leaf_count=695 30 18927 10830 95 50 48 225 187 126 22 33 1434 111 36 166 46 53 31 36 41 33 48 45 51 119 59 49 43 37 40 10 250 32 368 33 38 30 29 28
internal_value=0.0061003 -0.0206719 0.0286656 0.0122325 -0.00296002 0.00369968 -0.0363547 -0.0153572 -0.0255615 -0.021273 -0.002917 0.0251802 0.0124836 -0.0150977 -0.0350702 -0.011363 0.0143204 -0.031951 0.00954895 0.00402672 -0.00840227 0.00999266 0.00899391 0.0205139 6.81525e-05 0.0152136 0.00285146 0.00864342 -0.0127575 -0.046137 -0.0215269 0.0288605 -0.0324876 0.0284162 0.0360542 0.0250136 -0.0507677 0.00780075 -0.013433
internal_weight=268.336 122.745 145.592 57.1244 26.7474 48.4547 74.2899 19.7765 14.9334 8.36509 6.56145 30.377 14.4479 6.86623 11.7142 4.74364 4.84304 6.63453 40.0896 28.1519 13.4294 7.68069 3.11416 11.9378 3.93248 14.7224 7.93044 3.21926 1.09791 6.97052 3.78404 8.00528 3.75207 6.97092 7.58171 3.68671 5.99505 1.3898 1.39864
internal_count=34564 20677 13887 3057 1214 1482 19195 816 675 748 268 1843 409 252 469 233 141 726 734 278 122 81 109 456 170 156 97 206 80 236 235 286 143 398 157 91 196 62 64
is_linear=0
shrinkage=0.04


Tree=121
num_leaves=43
num_cat=0
split_feature=12 20 13 19 14 8 32 20 11 10 38 38 9 9 5 9 8 10 22 8 24 36 20 2 9 22 30 10 38 35 4 2 12 4 4 4 9 30 30 19 38 9
split_gain=97.4487 28.9843 14.7233 6.99786 6.93013 4.99544 4.64786 4.19312 3.57037 2.71116 3.25812 2.62791 2.40622 1.8991 3.80389 2.29356 1.83556 1.47858 1.34929 1.01075 7.03992 1.46522 3.01906 0.870706 2.2873 1.45225 0.665906 0.623952 0.623863 0.574801 0.525389 0.507868 0.369657 0.364048 0.921104 0.415558 0.278549 0.231688 0.212781 0.204905 0.0581344 0.00636142
threshold=0.22836096584796908 0.2098387032747269 0.45000000298023229 0.83935481309890758 -1.0000000180025095e-35 0.84327486157417308 0.21111111342906955 0.58847248554229747 0.71671482920646679 0.65942031145095836 0.8961678445339204 0.26109534502029424 0.39455153048038488 0.80901724100112926 0.89825496077537548 0.94392031431198131 0.65166836977005016 0.12060606107115747 0.27500000596046453 0.76028168201446544 0.0099261081777513045 0.10000000521540643 0.58370205760002147 0.67028987407684337 0.68356868624687206 0.92499998211860668 0.34310020506381994 0.21583850681781772 0.32311579585075384 0.25000000745058065 0.84356173872947704 0.072948999702930464 0.70182335376739513 0.82793453335762035 0.90366768836975109 0.88067796826362621 0.68356868624687206 0.85815533995628368 0.81668415665626537 0.72821971774101268 0.43274678289890295 0.27334994077682501
decision_type=2 2 2 2 2 2 2 2 2 2 2 2 2 2 2 2 2 2 2 2 2 2 2 2 2 2 2 2 2 2 2 2 2 2 2 2 2 2 2 2 2 2
left_child=1 5 3 4 28 13 -3 17 29 26 -11 30 -5 16 -15 -16 23 -6 -18 20 -14 27 -23 24 25 -1 -10 -22 -2 31 41 -9 -33 -7 35 -35 -21 38 -36 -19 -38 -8
right_child=2 6 -4 12 7 33 11 8 9 10 -12 -13 19 14 15 -17 18 39 -20 36 21 22 -24 -25 -26 -27 -28 -29 -30 -31 -32 32 -34 34 37 -37 40 -39 -40 -41 -42 -43
leaf_value=-0.028008943025712517 -0.0014420907055925556 -0.039390007550316748 0.038798827135081197 -0.017171255671998363 -0.013238747964371559 0.033214714792432071 -0.0023096613298855141 -0.00067027904964878148 -0.0055264282983709381 -0.055246308670747361 0.014582562496709748 0.020705604476410788 0.039554220124515274 0.026711996904474278 -0.034290207725524949 0.0067707265133240338 -0.010951500824094285 0.02961194793327869 0.016352237971482032 0.00046214514247460011 -0.010781465223063958 0.010836297378052731 -0.044680517941315244 -0.034148017460493826 0.0088878693696644289 0.013479255738279284 0.026411394424917158 0.018392120727683921 0.031448198176663861 -0.0034467230444586022 0.003194854773419957 -0.045199416295241782 -0.0040063515290801044 0.0063572175118315243 0.01033587557927383 -0.015748394172682985 0.0054540379352435086 0.026374640806067821 -0.0074823541085017554 0.0037758750175392796 0.036448408792121544 -0.027936101945773444
leaf_weight=6.9576589809730667 0.73049459792673843 65.144981946097687 85.164709702599794 1.017096589552241 1.1469940945971782 5.1343582905828935 0.43159881490282703 0.41875452362000842 0.59515061136335079 0.75916759530082323 0.95984672289341688 2.7397008868865669 7.1615064479410648 6.444984018802641 2.4150874838232994 3.5989619214087725 3.7015553843229991 2.393549973610789 4.6530544515699148 0.44121443992480713 0.50554526248015497 1.6543362825177608 2.4439459051936865 3.0083827935159198 4.8918303400278091 0.57870906125754107 2.8196488609537482 1.5844122823327778 6.1192232221364975 1.0892275609076012 0.62654211930930603 7.4093912979587895 0.73461502278223623 1.4938995111733677 0.58488873858004786 0.95613880921155203 0.80490503553300996 2.960318454541266 0.55181804392486811 1.2551850588060913 14.055439157877116 2.6631344598717988
leaf_count=734 21 18927 10830 49 50 97 23 10 13 25 58 33 245 50 19 56 29 53 36 26 37 39 93 27 35 31 144 104 377 51 6 339 35 60 36 42 9 197 33 38 1241 206
internal_value=0.0060447 -0.0203872 0.0284046 0.011993 -0.00291945 0.00363807 -0.036243 -0.0150528 -0.0250632 0.00163032 -0.0267266 -0.0028322 0.0248416 -0.00382986 0.00810089 -0.012863 -0.0102763 0.0140355 0.00417912 0.0272082 0.0158967 -0.0135926 -0.0249076 -0.0179092 -0.010578 -0.0228132 0.0202479 0.00896409 0.0279507 -0.0377809 -0.0215229 -0.040887 -0.0427645 0.0247488 0.0129612 -0.00442997 0.0346609 0.0221104 0.00172323 0.0245975 0.0355147 -0.0265707
internal_weight=260.802 119.538 141.264 56.0997 26.4312 47.9316 71.606 19.5815 14.7858 5.13381 1.71901 6.46098 29.6684 36.2502 12.459 6.01405 23.7912 4.79573 8.35461 28.6513 13.3497 6.18824 4.09828 15.4366 12.4282 7.53637 3.4148 2.08996 6.84972 9.65199 3.72128 8.56276 8.14401 11.6814 6.54706 2.45004 15.3016 4.09703 1.13671 3.64874 14.8603 3.09473
internal_count=34564 20677 13887 3057 1214 1482 19195 816 675 240 83 268 1843 1017 125 75 892 141 65 1794 518 273 132 827 800 765 157 141 398 435 235 384 374 465 368 102 1276 266 69 91 1250 229
is_linear=0
shrinkage=0.04


Tree=122
num_leaves=42
num_cat=0
split_feature=12 20 13 19 14 32 29 20 1 1 38 9 9 4 19 19 19 35 31 19 10 29 31 36 19 10 20 36 12 3 35 36 20 38 4 38 19 20 19 29 9
split_gain=92.7141 28.1103 14.5245 6.6871 6.58827 4.57162 4.38059 4.00926 3.08552 2.66567 2.52036 2.33492 1.85797 1.95405 1.74975 1.79884 1.65484 1.62098 1.57486 1.46205 1.33127 1.28842 2.35468 1.06558 0.91959 0.908592 5.65852 3.01309 1.55995 0.864967 0.785046 0.760996 0.628399 0.605909 0.556956 0.528063 0.497247 0.333265 0.112825 0.0349397 0.00274193
threshold=0.22836096584796908 0.2098387032747269 0.45000000298023229 0.83935481309890758 -1.0000000180025095e-35 0.21111111342906955 0.73520171642303478 0.54186138510704052 0.44949495792388922 0.44949495792388922 0.27338087558746343 0.39455153048038488 0.80901724100112926 0.52976614236831676 0.93844696879386913 0.69789379835128795 0.77459675073623668 0.25000000745058065 0.84429126977920543 0.99074074625968944 0.12060606107115747 0.99861112236976635 0.90417084097862255 0.56666669249534618 0.81165540218353283 0.29705883562564855 0.57837229967117321 0.10000000521540643 0.38279198110103613 0.38411329686641699 0.15000000223517421 0.56666669249534618 0.94884878396987926 0.32311579585075384 0.84356173872947704 0.76816684007644664 0.41421362757682806 0.94759726524353038 0.69789379835128795 0.46399734914302831 0.27334994077682501
decision_type=2 2 2 2 2 2 2 2 2 2 2 2 2 2 2 2 2 2 2 2 2 2 2 2 2 2 2 2 2 2 2 2 2 2 2 2 2 2 2 2 2
left_child=1 6 3 4 33 -3 9 20 17 19 34 -5 13 24 15 30 32 29 -15 -1 -6 22 31 -20 -8 26 -13 28 -28 -9 -14 -17 -10 -2 40 -18 -31 -37 -22 -19 -7
right_child=2 5 -4 11 7 10 12 8 16 -11 -12 25 14 18 -16 21 35 39 23 -21 38 -23 -24 -25 -26 -27 27 -29 -30 36 -32 -33 -34 -35 -36 37 -38 -39 -40 -41 -42
leaf_value=-0.037115728477229201 -0.0014334962632312396 -0.039345352292361802 0.038720706029015409 -0.016976690639852635 -0.012001556931325071 -0.002309242699369776 -0.00083280049054775115 0.001734257881244214 0.024286991458174968 0.014208218142446143 0.021035883077057022 0.03679380372546201 0.032330962677040123 -0.026483045807374133 0.033662107279089443 0.0028564367526665948 -0.029236668442122721 0.0045226375799751195 -0.0091733590073336882 0.0085742393019790693 0.029836101002748725 -0.023843268108433447 0.026591994012924558 0.013371309221344977 0.030006349094549158 0.034123212189176071 -0.015931704262426623 -0.035131489389826992 0.025388502540241369 -0.0029135352136642305 0.0040457755722375036 -0.023811681912251675 -0.0062040510635276982 0.030976620903918443 0.0037570983015666214 0.011673468224807623 -0.046878240536131169 -0.0108234375975307 0.0052565603913127803 -0.0022710446125407103 -0.027251676946808599
leaf_weight=5.7259384400676918 0.73039908101782458 62.661903554573655 81.99013294884935 1.0064226437825734 1.0434745945967758 0.43128648423589755 2.0427566645666984 0.44652277790009787 2.3519677310250695 1.6910951938480137 2.5664692032150924 7.1383224306628126 3.3527819458395269 3.3469952037557951 5.5952853849157682 2.3520357459783536 0.97879960387945208 0.69818195980042108 5.9700656095519644 0.63325215317308892 2.0500017572194342 1.862093338742852 2.8940920988097787 4.2918264493346214 2.4903044290840626 14.871603486593811 0.93573407339863512 2.6141606227029115 2.4034317475743592 0.69478005939163257 3.130419259890914 2.029618201777339 0.5944353463128208 5.9893836700357497 0.65909613296389569 0.68738212343305327 7.2888674901332706 0.41251666052266955 1.3136623105965552 0.80218515172600746 2.7108407251071185
leaf_count=695 21 18927 10830 49 39 23 41 11 121 22 27 150 40 41 238 46 20 27 51 31 39 58 124 26 24 1431 50 95 68 23 29 16 36 377 7 55 341 22 41 41 211
internal_value=0.00598127 -0.0201134 0.0281449 0.0117515 -0.00288638 -0.0361303 0.00355763 -0.0147551 -0.0241966 -0.0208558 -0.00278337 0.0244874 0.00919327 -0.000208958 0.0168102 0.00823607 0.00113723 -0.0356874 -0.00795669 -0.0314629 0.0148726 -0.00318512 0.00506542 0.000565075 0.0187349 0.0268646 0.0158255 -0.0113724 0.0118093 -0.0415613 0.022125 -0.0119694 0.0174512 0.0274725 -0.0206591 -0.0189224 -0.0442032 0.000863759 0.0250166 0.000635735 -0.0259563
internal_weight=253.481 116.438 137.042 55.0522 26.0826 69.0296 47.4086 19.3628 14.9556 8.05029 6.36769 28.9697 39.3583 18.1419 21.2163 15.621 5.0251 9.93054 13.6089 6.35919 4.40714 9.13784 7.27575 10.2619 4.53306 27.9633 13.0916 5.95333 3.33917 8.43017 6.4832 4.38165 2.9464 6.71978 3.80122 2.0787 7.98365 1.0999 3.36366 1.50037 3.14213
internal_count=34564 20677 13887 3057 1214 19195 1482 816 697 748 268 1843 734 183 551 313 254 443 118 726 119 244 186 77 65 1794 363 213 118 375 69 62 157 398 241 97 364 77 80 68 234
is_linear=0
shrinkage=0.04


Tree=123
num_leaves=54
num_cat=0
split_feature=38 39 13 34 6 1 36 1 38 29 10 1 38 9 2 6 6 19 3 2 3 19 19 3 19 29 22 2 35 38 24 29 35 36 19 19 4 19 19 1 9 29 10 21 34 9 3 19 29 24 4 4 4
split_gain=87.9276 28.12 8.68823 6.03347 5.20923 5.45804 5.04064 4.62862 4.25175 6.18901 3.77892 2.84307 2.4612 1.92386 1.94875 2.48454 1.83075 1.74555 1.65437 1.62144 2.0474 1.45309 1.65057 1.38494 1.32767 1.3153 1.76222 1.2302 1.1963 1.10543 0.989193 0.896304 0.774466 0.687567 0.686104 0.628169 0.624982 0.571688 0.869763 0.690586 0.462151 0.400549 0.393773 0.284471 0.226135 0.224368 0.212063 0.17978 0.165422 0.127594 0.086592 0.058664 0.0582116
threshold=0.43274678289890295 1.0000000180025095e-35 0.45000000298023229 0.75000000000000011 0.75579854846000682 0.10555555671453477 0.2333333417773247 0.44949495792388922 0.27338087558746343 0.73520171642303478 0.29705883562564855 0.44949495792388922 0.874058097600937 0.80901724100112926 0.67028987407684337 0.59156423807144176 0.68071380257606517 0.79516318440437328 0.91658571362495433 0.19433516263961795 0.4105896949768067 0.93844696879386913 0.69789379835128795 0.89399582147598278 0.99074074625968944 0.99861112236976635 0.57500001788139354 0.7243877947330476 0.25000000745058065 0.27338087558746343 0.095619048923254027 0.77781432867050182 0.15000000223517421 0.56666669249534618 0.96609193086624157 0.96922349929809581 0.49424983561038976 0.77913278341293346 0.57719391584396373 0.31666667759418493 0.13446328043937686 0.87304639816284191 0.13188406080007556 0.075000001117587103 0.37500000000000006 0.83457711338996898 0.92112955451011669 0.96922349929809581 0.3688009530305863 0.050641026347875602 0.08191221579909326 0.93957647681236278 0.49424983561038976
decision_type=2 2 2 2 2 2 2 2 2 2 2 2 2 2 2 2 2 2 2 2 2 2 2 2 2 2 2 2 2 2 2 2 2 2 2 2 2 2 2 2 2 2 2 2 2 2 2 2 2 2 2 2 2
left_child=1 19 3 4 5 44 10 23 9 11 28 24 -5 14 17 -16 52 31 27 20 35 22 32 37 40 26 41 -18 30 -22 34 -11 -15 36 -3 48 -19 38 -7 -39 -8 -24 -30 49 -2 -23 -25 -36 -1 -10 -46 -21 -9
right_child=2 6 -4 12 -6 7 8 16 43 13 -12 -13 -14 21 15 -17 18 33 -20 51 29 45 25 46 -26 -27 -28 -29 42 -31 -32 -33 -34 -35 47 -37 -38 39 -40 -41 -42 -43 -44 -45 50 -47 -48 -49 -50 -51 -52 -53 -54
leaf_value=-0.031281426945553088 0.0063331953218449515 -0.041448708360718428 0.038960765206638395 -0.059681208384241131 0.036567638079231801 -0.0056797338117741307 0.0018208544019283404 0.0026046496280657666 0.00015022118781057801 0.0083553695871859384 0.020648645608583403 0.013855905901157997 0.0096234064880681026 0.031706112581031169 -0.031597553691232981 0.0079513086331376298 0.006272889070171454 0.016081592420994436 0.01713348929254355 -0.039215008454603406 -0.010922686102932413 0.0020244795193253319 0.00016616469797644018 -0.0053873976108297986 0.006512999139886004 -0.023547370289166349 -0.016094208781750916 -0.036134179453717927 -0.010619029863831793 0.030282741706793261 0.0056278444355787292 -0.019486979682991915 0.0037481735604702159 0.03061421143234079 0.0071559905433722908 0.0026685755021225821 -0.010185013192655299 -0.021110480219259545 -0.053368093833084468 0.0072962815655132377 -0.037890589935819056 0.023151322381719127 0.013290060300769655 0.036492059586342766 0.0030156035125620106 0.033511280295682212 0.012318758080900261 -0.0095213751155240316 -0.00026334551421983805 0.014120016224167425 0.032816125479397315 -0.0039584046884881107 0.028083575409193637
leaf_weight=3.5242147769313301 1.7095082253217695 7.4952659648843074 75.092552294488996 0.92496314086019882 14.968407787848262 1.2376097147353022 0.19580795615911206 0.60229239054024031 1.1779720671474927 2.0080798596609402 1.6941296723671246 1.6842742729932059 0.5738863805308938 3.3358360482379821 4.1929921039845786 3.4225219783838838 0.95704564033076245 1.17543126270175 1.4425379629246888 52.527036700746976 0.64148470107465971 0.66973206587135692 1.6752256671898047 0.61494597885757663 0.72946322406642217 1.8759389463812111 2.4800147209316492 1.4374000257812438 0.60806525754742213 1.0132929924875496 0.40623828954994756 2.5256143007427454 3.1406104266643524 3.3232051339000463 0.40578116895630933 0.73649229831062246 1.4582963560242204 1.7869617261458191 2.2300843186676502 1.1130740256048737 8.078583525028078 3.4899552306160331 0.72844510711729527 5.0042185233905911 0.57442198740318584 5.1404756279662251 0.69367035897448659 0.61049023852683604 0.22766891517676402 1.223917933180928 7.3806142793036997 0.54729433823376794 3.9352108528837562
leaf_count=795 45 1242 10611 46 1429 27 10 20 37 51 180 23 55 44 58 35 47 17 80 16233 196 12 44 16 58 57 34 55 143 7 9 57 32 24 19 36 48 44 59 46 1359 120 7 60 14 233 45 70 36 28 277 35 199
internal_value=0.00592435 -0.0167462 0.0308079 0.015412 0.0188967 0.00708777 0.000500465 -0.00714902 0.00551532 0.000961767 -0.0215805 -0.0240547 -0.0403687 0.00834172 -0.00122567 -0.0151198 0.0123323 0.00931789 -0.00655725 -0.0366636 -0.0125177 0.0159442 0.00811926 -0.0271828 -0.0323541 -0.00254281 0.00543434 -0.0225825 -0.0305115 0.0159589 -0.0351183 -0.00767774 0.0215438 0.021535 -0.0378779 -0.0247272 0.00286947 -0.0337068 -0.0433125 -0.0110332 -0.0364991 0.0174473 0.00174899 0.0309709 0.0286743 0.0311267 0.00440969 -0.00184983 -0.029758 0.00965482 0.0315914 -0.0390029 0.0263588
internal_weight=246.449 129.174 117.275 42.1826 40.6838 25.7154 69.9566 16.0508 58.0082 50.6021 11.9484 10.6881 1.49885 39.9139 18.1061 7.61551 8.37449 10.4906 3.83698 59.2175 6.14315 21.8078 15.9976 7.67635 9.00385 9.52113 7.6452 2.39445 10.2543 1.65478 8.91778 4.53369 6.47645 5.95693 8.51154 4.48838 2.63373 6.36773 3.46769 2.90004 8.27439 5.16518 1.33651 7.40611 9.66454 5.81021 1.30862 1.01627 3.75188 2.40189 7.95504 53.0743 4.5375
internal_count=34564 21449 13115 2504 2403 974 4111 638 2441 2316 1670 1450 101 866 290 93 401 197 182 17338 1070 576 331 237 1427 255 198 102 1490 203 1340 108 76 89 1331 867 65 176 86 90 1369 164 150 125 336 245 61 89 831 65 291 16268 219
is_linear=0
shrinkage=0.04


Tree=124
num_leaves=48
num_cat=0
split_feature=12 20 13 19 8 32 20 6 29 38 10 10 8 21 10 29 20 8 4 19 19 29 19 10 29 31 19 19 2 38 3 2 10 19 10 4 8 20 3 7 5 30 30 19 38 38 5
split_gain=83.8932 26.6259 14.1336 6.23709 4.50899 4.44166 4.03018 4.44557 3.18934 2.31883 2.11496 2.02966 2.00097 5.75835 2.49678 2.51839 1.80447 2.04975 1.6118 1.529 1.54946 1.75407 1.22153 1.19819 1.16373 1.60326 1.13482 1.0469 0.835015 0.811735 0.745293 1.15976 0.694421 0.652158 0.594503 0.480592 0.403772 0.398018 0.388656 0.312987 0.267811 0.262409 0.263576 0.097308 0.0957499 0.0666093 0.0374489
threshold=0.22836096584796908 0.2098387032747269 0.45000000298023229 0.83935481309890758 0.84327486157417308 0.21111111342906955 0.58847248554229747 0.51965817809104931 0.73520171642303478 0.26109534502029424 0.68585526943206798 0.12060606107115747 0.76028168201446544 0.12500000372529033 0.30217391252517706 0.90478479862213146 0.99717512726783764 0.60120484232902538 0.52976614236831676 0.64365079998970043 0.79008570313453685 0.87505951523780834 0.81530213356018078 0.23303167521953586 0.62397328019142162 0.86377784609794628 0.95180022716522228 0.81165540218353283 0.4654348641633988 0.86719223856925975 0.94117024540901195 0.90366768836975109 0.36038962006568914 0.90121948719024669 0.28991597890853887 0.84356173872947704 0.7103942632675172 0.79557675123214733 0.90834251046180736 0.82701954245567333 0.68237251043319713 0.85815533995628368 0.81254673004150402 0.74388790130615245 0.58716276288032543 0.43274678289890295 0.083920188248157515
decision_type=2 2 2 2 2 2 2 2 2 2 2 2 2 2 2 2 2 2 2 2 2 2 2 2 2 2 2 2 2 2 2 2 2 2 2 2 2 2 2 2 2 2 2 2 2 2 2
left_child=1 4 3 6 8 -3 11 10 26 35 24 -2 13 14 15 38 17 -9 27 -20 -21 -22 44 -15 28 -26 -1 -10 37 -16 -6 39 -24 -23 -25 -7 -28 46 -5 -32 -14 42 -33 -13 -19 -42 -8
right_child=2 5 -4 12 30 9 7 16 18 -11 -12 43 40 23 29 -17 -18 22 19 20 21 33 32 34 25 -27 36 -29 -30 -31 31 41 -34 -35 -36 -37 -38 -39 -40 -41 45 -43 -44 -45 -46 -47 -48
leaf_value=-0.030715446053744381 -0.013606677980024098 -0.039263963566815142 0.038570175956364805 -0.040318771059971573 0.033476806449794665 -0.025596823236705372 -0.0045367216615158244 -0.022624327437935774 0.00021722506108374763 0.019702286699872253 0.013302266474680276 0.033152482054116653 0.00040159321266211568 0.045992881518684206 0.023491868415741773 0.014947799482464011 -0.025999539316108749 0.0021444141948266156 0.016727555790047394 -0.02262351173634301 -0.011869640654269915 -0.00054911120547511448 -0.020001573018814733 -0.011633199972759665 -0.055286780902387769 -0.00063739719112984334 -0.0084327612191886746 0.031421818268016211 0.0088534584787575404 -0.010844172634881436 -0.018840453751398496 0.01036098138782458 0.011666950896857495 0.022029322385582192 0.016219054244786341 0.0030830200710015767 0.01715720967686038 -0.027239431434549728 -0.0016119219227416957 0.0024100469739080478 0.0050677676232141287 0.025028148359575769 -0.0097237388788928639 0.0076714035660372338 0.03109680171133777 0.036029802015596114 0.0025338985264602475
leaf_weight=6.0318385534919789 1.2023366726934934 58.111743591260165 76.041132816579193 3.546306609874593 5.5166126927360875 2.8934206916019316 0.69102398958057187 0.61480149067938139 2.5041167587041882 2.6410150125157088 0.83529750723391849 4.1184825301170349 0.42999383760616083 4.064825578359887 2.1604106291197245 1.0158546194434164 0.57112488988786925 0.52810699865221966 3.7877529282122877 5.297623414546254 7.2334735393524152 2.7612283863127232 0.68866843823343493 0.77284547127783287 3.6814368548803031 0.94786779489368189 0.4645783680025487 2.8403601394966245 1.0408285178709773 0.41228844225406636 0.82373987417668137 0.58784864004701398 0.69431146327406168 3.8153101736679673 1.1007868447341023 0.61088693141937245 0.49133463203907013 2.376345727359876 0.64483898784965266 1.2006941754370926 0.78035146836191316 2.5773037876933813 0.46009782701730728 1.5708036711439488 5.0216815792955458 12.771237079985438 0.79915985278785229
leaf_count=664 55 18927 10830 185 123 229 14 18 43 33 48 87 27 36 142 15 48 7 30 56 56 22 17 13 155 32 67 25 40 46 31 35 64 52 118 6 2 136 12 56 9 189 31 52 383 1240 58
internal_value=0.00586408 -0.0195422 0.0276256 0.0112833 0.00351156 -0.0359196 -0.00298033 -0.0126592 -0.00364948 -0.00254815 -0.0284375 0.0203331 0.0239017 0.0110125 -0.0109884 -0.0248708 0.00856332 0.0153992 0.00260989 -0.00224928 -0.00711516 0.000355482 0.0225612 0.0364833 -0.0337107 -0.04653 -0.0251475 0.0195636 -0.0132681 0.0152921 0.0240035 0.00945209 -0.0054284 0.0137859 0.00437433 -0.0206021 0.00615101 -0.0204442 -0.0364804 -0.00993338 0.0341354 0.0203941 0.000354119 0.0293217 0.0295511 0.0350338 -0.000812977
internal_weight=239.774 110.651 129.123 53.082 46.3939 64.2571 25.3823 18.4907 35.2276 6.14532 10.372 6.89162 27.6997 13.7182 7.7797 5.207 8.11869 7.54757 28.2399 22.8954 19.1076 13.81 6.93277 5.93846 9.53666 4.6293 6.98775 5.34448 4.90736 2.5727 11.1663 5.64968 1.38298 6.57654 1.87363 3.50431 0.955913 3.86653 4.19115 2.02443 13.9816 3.62525 1.04795 5.68929 5.54979 13.5516 1.49018
internal_count=34564 20677 13887 3057 1482 19195 1214 1020 1017 268 483 194 1843 567 400 212 537 489 284 216 186 130 471 167 435 187 733 68 248 188 465 342 81 74 131 235 69 208 197 87 1276 255 66 139 390 1249 72
is_linear=0
shrinkage=0.04


Tree=125
num_leaves=52
num_cat=0
split_feature=12 9 5 30 33 12 21 23 39 19 8 30 31 9 19 12 13 29 31 19 4 9 4 4 30 13 31 8 38 36 29 36 36 8 12 19 19 22 7 19 4 38 14 36 36 38 38 4 4 12 4
split_gain=77.55 28.9133 6.09785 6.49636 6.06289 7.00514 3.87652 3.53308 3.51745 3.20197 3.1753 2.57995 3.62477 2.9615 2.42896 2.05946 1.84343 1.80907 1.54177 1.53081 1.63888 1.32558 1.20826 1.47293 0.837539 0.656503 0.634109 1.11793 0.564716 1.88643 0.741221 1.36138 1.41713 0.758407 0.428676 0.337384 0.289074 0.287303 0.238799 0.227728 0.183643 0.146826 0.143073 0.45275 0.705099 0.142994 0.531225 0.130968 0.106171 0.0464407 0.0388285
threshold=0.54181629419326793 0.67041200399398815 0.67041200399398815 0.75505790114402782 1.0000000180025095e-35 0.1990172937512398 0.075000001117587103 1.0000000180025095e-35 1.0000000180025095e-35 0.78192934393882763 0.59675306081771862 0.70736858248710643 0.87379801273345958 0.90521115064620983 0.86754387617111217 0.42895354330539709 0.45000000298023229 0.87505951523780834 0.86377784609794628 0.56691542267799389 0.73746865987777721 0.64565756916999828 0.70222854614257824 0.57321429252624523 0.37687824666500097 -1.0000000180025095e-35 0.89850071072578441 0.78456193208694469 0.43274678289890295 0.2333333417773247 0.99861112236976635 0.63333335518836986 0.5000000149011613 0.66210046410560619 0.5801178812980653 0.96490147709846508 0.73401361703872692 0.27500000596046453 0.48659895360469824 0.92770034074783336 0.46841755509376531 0.45795448124408727 1.0000000180025095e-35 0.70000001788139354 0.76666668057441723 0.92680636048316967 0.94042733311653148 0.51113310456275951 0.90815371274948131 0.56715172529220592 0.45961478352546697
decision_type=2 2 2 2 2 2 2 2 2 2 2 2 2 2 2 2 2 2 2 2 2 2 2 2 2 2 2 2 2 2 2 2 2 2 2 2 2 2 2 2 2 2 2 2 2 2 2 2 2 2 2
left_child=1 4 40 8 16 10 -7 34 15 19 17 12 14 -13 22 48 25 -6 35 -9 -21 24 23 47 50 41 -14 -28 29 -5 33 32 39 -31 49 -16 -22 45 42 -32 -3 -1 43 -27 -45 -11 -47 -10 -4 -2 -12
right_child=7 2 3 28 5 6 -8 9 11 37 21 13 26 -15 18 -17 -18 -19 -20 20 36 -23 -24 -25 -26 38 27 -29 -30 30 31 -33 -34 -35 -36 -37 -38 -39 -40 -41 -42 -43 -44 44 -46 46 -48 -49 -50 -51 -52
leaf_value=-0.0076208953988293202 0.014771628872547087 0.046792874462593108 -0.035347641601833908 -0.018384482573418764 -0.036552281324613849 -0.016931950641865496 0.040892050434497666 0.011084819688478449 -0.010132736504595339 0.03121573274512254 0.0004223915930861963 0.011983308013287355 0.025876033093675997 -0.044588282956028805 0.025157626748546526 0.0081708042546469913 0.0021345420791903766 0.01405472688867726 -0.015319337739840691 -0.040020567758599405 0.013806909632883682 -0.016931950300628957 0.0058434853814979025 -0.042230508178501318 0.029256351005331624 -0.039047794823233742 -0.0073049357385709451 0.022129347559054224 0.031399412792643973 -0.001747306121489281 -0.00065381458448407525 0.0255835695699447 -0.027176641569863734 0.030976455173180067 0.037834380952431558 0.001389370154675661 -0.0067123833949341519 0.00033634824634921223 -0.00032065281056274371 0.016172901850900086 0.010963253702031469 0.0079978070127153782 -0.0068011887975463915 0.0089712610554874908 -0.02104590226407595 -0.011569623660572664 0.016285047429144765 0.0012304745913817991 -0.00048890395587451491 0.0010630657601240199 -0.0086830530929537259
leaf_weight=0.40707289474084873 2.1033488968387237 4.1198013646062455 7.152927299262954 1.2931442458648259 10.795525326393545 1.6285371903795738 4.1007254412397742 2.2423080019652835 2.2833232684060989 6.4359039617702347 0.32924040663056064 1.3927784557454281 7.432227856712414 2.4058045754209161 3.0726346937008193 1.5238748281262813 1.7208577501587559 0.39198560942895788 1.548560239607468 1.6696253903210165 0.84947690088301875 1.0855163326486943 1.4858452528715131 3.1895620268769562 1.7806656414177267 50.696043001720682 3.4162825273815542 2.0318394936621189 5.4772169562056652 0.95561024919152071 1.7852143775671723 1.7884143553674219 1.4085806123912332 5.803513880353421 75.825672423932701 1.5671242962125687 0.57591658271849155 0.69669633172452439 0.19043211918324132 1.1723090270534156 1.4990895495284347 0.33800661191344261 1.1146769055631001 0.86294728051871006 1.6415803837589917 0.38649906869977702 1.1036277608945964 1.7103803490754215 0.17692023748531926 1.0693494197912516 0.46854011714458466
leaf_count=66 168 80 1468 107 2279 62 94 35 39 364 12 38 108 64 64 21 54 5 34 21 43 27 38 91 29 15664 43 87 456 6 46 49 34 244 11531 30 28 13 27 86 46 4 49 150 339 31 84 31 6 82 63
internal_value=0.00559893 -0.0128278 0.00662039 0.00237738 -0.0291412 -0.00950398 0.0239156 0.0337674 -0.00677442 0.0130929 -0.0235337 -7.02065e-05 0.00452688 -0.0256441 -0.0084962 -0.0269851 -0.0357765 -0.0331242 0.00913511 -0.00943322 -0.0236362 0.00644745 -0.0208217 -0.0267873 0.0195442 -0.0370201 0.0190123 0.00588681 0.0203941 0.0134382 0.0183924 0.00579125 -0.00653007 0.0265066 0.0370861 0.0195821 0.00524836 0.0265715 -0.0375164 0.00869458 0.0415975 -8.39458e-05 -0.0376713 -0.0380796 -0.0107138 0.0284239 0.00620269 -0.00597492 -0.0347122 0.012398 -0.00582365
internal_weight=236.204 143.245 65.693 60.0741 77.5524 20.5807 5.72926 92.9584 40.3901 13.9601 14.8515 31.5364 27.7378 3.79858 14.8574 8.85372 56.9716 11.1875 6.18832 5.33733 3.09502 3.66396 8.66911 7.18327 2.57845 55.2508 12.8803 5.44812 19.684 14.2068 12.9136 6.15452 4.3661 6.75912 78.9984 4.63976 1.42539 8.62273 54.5057 2.95752 5.61889 0.74508 54.3152 53.2006 2.50453 7.92603 1.49013 3.9937 7.32985 3.1727 0.797781
internal_count=34640 22240 3316 3190 18924 2571 156 12400 2162 619 2415 667 565 102 327 1495 16353 2284 128 127 92 131 199 161 104 16299 238 130 1028 572 465 215 166 250 11781 94 71 492 16229 132 126 70 16202 16153 489 479 115 70 1474 250 75
is_linear=0
shrinkage=0.04


Tree=126
num_leaves=50
num_cat=0
split_feature=12 9 33 12 5 4 39 21 23 19 1 20 19 12 2 31 19 2 31 7 31 19 4 31 12 5 6 6 14 32 29 23 38 12 29 20 22 19 19 4 4 38 38 22 38 2 12 6 32
split_gain=73.9279 27.7064 5.89335 6.65895 5.80605 4.85687 4.02584 3.72532 3.54653 3.083 2.84224 2.51749 2.23189 1.8278 1.73161 3.18226 3.10741 1.96114 1.8043 1.58818 1.46754 1.45802 1.55313 1.06673 1.03415 0.915515 1.98297 0.863545 0.814104 0.736706 0.68381 0.732986 0.613155 0.440466 0.407282 0.337306 0.279937 0.209171 0.894012 0.200704 0.178753 0.141956 0.520297 0.136531 0.115908 0.0951843 0.0443046 0.0263906 0.00717312
threshold=0.54181629419326793 0.67041200399398815 1.0000000180025095e-35 0.1990172937512398 0.67041200399398815 0.83438816666603099 1.0000000180025095e-35 0.075000001117587103 1.0000000180025095e-35 0.78192934393882763 0.31666667759418493 0.31962987780570989 0.90661337971687328 0.42895354330539709 0.81530213356018078 0.87379801273345958 0.86754387617111217 0.57804551720619213 0.95035606622695934 0.59056112170219432 0.83334758877754223 0.56691542267799389 0.73746865987777721 0.88562902808189403 0.14671076089143756 0.90595519542694103 0.72729831933975231 0.54437294602394115 -1.0000000180025095e-35 0.21111111342906955 0.81750240921974193 1.0000000180025095e-35 0.27338087558746343 0.5801178812980653 0.79451104998588573 0.92888745665550243 0.27500000596046453 0.82426470518112194 0.81165540218353283 0.75134408473968517 0.46841755509376531 0.92680636048316967 0.94042733311653148 0.42499999701976782 0.10663190856575967 0.71494102478027355 0.56715172529220592 0.76702895760536205 0.45000000298023229
decision_type=2 2 2 2 2 2 2 2 2 2 2 2 2 2 2 2 2 2 2 2 2 2 2 2 2 2 2 2 2 2 2 2 2 2 2 2 2 2 2 2 2 2 2 2 2 2 2 2 2
left_child=1 2 11 10 40 6 13 -5 33 21 23 12 29 -6 15 16 17 -8 43 -19 -12 -10 -23 -4 -14 45 -27 28 -13 -1 -7 37 44 46 -18 -24 41 38 -32 -36 -3 -11 -43 47 -33 -17 -2 -16 -30
right_child=8 4 3 7 5 30 14 -9 9 36 20 27 24 -15 18 25 34 19 -20 -21 -22 22 35 -25 -26 26 -28 -29 48 -31 31 32 -34 -35 39 -37 -38 -39 -40 -41 -42 42 -44 -45 -46 -47 -48 -49 -50
leaf_value=-0.027555351849879142 0.014530179402781299 0.045896831067909018 -0.035393742341307627 -0.016625683948251091 -0.034872746818097398 -0.0063197717132981671 0.0020248996889033126 0.040202124871548603 0.010864062713679771 0.030896791438155297 0.022388803410247144 0.0012684311273439251 -0.0083169917870186908 0.006847552027711804 -0.0093538025115942787 0.030949850299095971 -0.0014990515581882792 -0.042435005702364421 0.013636676555588617 0.00081220446123029947 -0.014296909553033248 -0.038839216512512216 0.01429882783351547 0.0065819508362576417 0.035106871707255322 -0.019098769709438627 0.022968061253023878 0.0040940006497537981 -0.039489488088418893 0.007066397142445148 0.018622730773768123 -0.016706319568765941 0.012507198114719727 0.037739217121191694 0.025046071642158409 -0.0078484057771148683 0.00032372097775127811 0.029345325963285599 -0.013575161200489747 0.0033217310419833179 0.010710490012793615 -0.011451322380817299 0.01611996051584777 -0.030589064625300953 0.00044871461596821303 0.012751999010526191 0.0010438807947733828 -0.00012090351149363552 -0.0078673967651121911
leaf_weight=2.7760582338087256 2.0782333244569591 4.0626963528338811 10.189926490886137 1.6218730465043325 6.8604222498834115 0.71222740039229648 3.7951734310481715 4.0316446700599045 2.2287821955978862 6.2612885721027833 1.9061177503317588 0.60830630292184551 0.47264227573759832 1.4503787192516027 1.0006108556408424 4.7334785747807455 1.3677506011445064 3.9486156827770174 1.4343718192540107 1.5278608547523616 1.8931376754771916 1.6972723975777628 0.88731647562235572 0.48736503045074719 0.97394316550344229 2.0957789607346049 1.9213022687472401 0.39181156759150226 48.4504692038754 0.46897262218408275 2.5095815784297879 0.62126745912246339 2.3917519450187683 73.036258579231799 2.3852261244319379 0.53056875336915255 0.69664887152612198 9.1184891709126514 0.66693724552169431 1.6333543793298302 1.5019324598833916 0.39089657459408034 1.0861244415864346 2.9358965493738651 0.41801887890323997 4.8477493308018893 1.0682992157526316 0.99465350760146964 1.0073857260867942
leaf_count=484 168 80 2341 62 1470 48 59 94 35 364 24 42 96 24 25 57 38 110 55 34 40 21 44 10 10 39 53 32 15634 15 112 58 44 11531 52 27 13 694 29 23 46 31 84 25 23 78 82 40 40
internal_value=0.00554071 -0.0125817 -0.0288634 -0.00930635 0.00648802 0.00231454 -0.00479991 0.023394 0.033551 0.0127849 -0.0232032 -0.0355325 -0.00513918 -0.0274102 0.00148867 0.00589026 -0.00667281 -0.0196737 -0.0151323 -0.0322834 0.0047991 -0.00922263 -0.0230189 -0.032707 0.0229346 0.0188888 0.00157261 -0.0380916 -0.0385762 -0.0213835 0.0198463 0.0216431 0.00300628 0.0369639 0.0147297 0.00515662 0.0262214 0.0258208 0.00914828 0.0197364 0.040742 0.0280857 0.00604808 -0.0252759 -0.0125029 0.0248525 0.0121916 -0.00737511 -0.0391328
internal_weight=230.177 140.215 75.2797 20.1301 64.9355 59.3709 42.9326 5.65352 89.9617 13.7789 14.4765 55.1496 4.69162 8.3108 34.6218 28.2563 14.658 9.27165 6.36553 5.47648 3.79926 5.34394 3.11516 10.6773 1.44659 13.5983 4.01708 50.458 50.0662 3.24503 16.4383 15.726 3.43104 76.1828 5.38633 1.41789 8.43496 12.295 3.17652 4.01858 5.56463 7.73831 1.47702 4.93116 1.03929 9.58123 3.14653 1.99526 49.4579
internal_count=34640 22240 18924 2571 3316 3190 2182 156 12400 619 2415 16353 605 1494 688 543 316 203 145 144 64 127 92 2351 106 227 92 15748 15716 499 1008 960 125 11781 113 71 492 835 141 75 126 479 115 90 81 135 250 65 15674
is_linear=0
shrinkage=0.04


Tree=127
num_leaves=56
num_cat=0
split_feature=10 20 10 7 11 13 19 23 19 19 3 22 1 29 10 25 29 1 12 8 12 3 4 29 7 19 39 19 8 4 7 5 13 23 1 3 12 1 36 13 5 10 19 22 11 36 3 7 31 31 22 36 36 29 36
split_gain=70.6338 26.2946 9.62347 8.73748 8.12295 4.14571 2.92089 2.89081 2.82222 2.87251 2.15687 2.10451 2.32595 2.15558 1.89761 1.87022 2.86462 1.60445 1.51704 1.37295 1.30733 1.28335 1.22359 1.91557 1.49519 0.99578 0.952659 1.97884 0.907518 1.50199 0.894271 0.797753 0.773521 0.768962 0.681321 1.08377 0.511731 0.457566 0.435553 0.408994 0.305171 0.292945 0.275171 0.271302 0.240966 0.22696 0.203698 0.200614 0.19103 0.351292 0.421126 0.154536 0.449281 0.0422752 0.0113355
threshold=0.29705883562564855 0.52060455083847057 0.086335405707359328 0.16372437030076983 0.55747640132904064 0.45000000298023229 0.86754387617111217 1.0000000180025095e-35 0.78192934393882763 0.56691542267799389 0.90590170025825512 0.37500000000000006 0.44949495792388922 0.83069756627082836 0.23904761672019961 1.0000000180025095e-35 0.99861112236976635 0.069047622382640853 0.2062180042266846 0.69631093740463268 0.4060333669185639 0.82908758521080028 0.58380147814750682 0.81086421012878429 0.41171468794345861 0.71081870794296276 1.0000000180025095e-35 0.91458967328071605 0.78456193208694469 0.77232852578163158 0.82701954245567333 0.97467949986457836 -1.0000000180025095e-35 1.0000000180025095e-35 0.34848485887050634 0.8279307782649995 0.26597504317760473 0.44949495792388922 1.0000000180025095e-35 0.63333335518836986 0.91024166345596325 0.70710784196853649 0.92546296119689953 0.42499999701976782 0.47092629969120031 0.36666667461395269 0.95235049724578869 0.28588117659091955 0.983963042497635 0.99234396219253551 0.52500000596046459 0.63333335518836986 0.76666668057441723 0.32189778983592993 0.70000001788139354
decision_type=2 2 2 2 2 2 2 2 2 2 2 2 2 2 2 2 2 2 2 2 2 2 2 2 2 2 2 2 2 2 2 2 2 2 2 2 2 2 2 2 2 2 2 2 2 2 2 2 2 2 2 2 2 2 2
left_child=1 2 3 37 5 31 11 20 9 -9 14 12 13 17 33 16 19 -5 -7 21 -2 34 45 24 -24 -14 27 43 29 -25 -27 32 -3 -6 35 -13 -33 39 -11 -1 -21 44 -43 -4 -10 -8 -34 -20 -30 -50 -51 -28 54 -35 -53
right_child=7 4 26 6 10 18 22 8 41 38 -12 15 25 -15 -16 -17 -18 -19 47 40 -22 -23 23 28 -26 30 51 -29 48 -31 -32 36 46 53 -36 -37 -38 -39 -40 -41 -42 42 -44 -45 -46 -47 -48 -49 49 50 -52 52 -54 -55 -56
leaf_value=-0.035548714681768685 -0.0066314356347492191 0.0020276915454621931 0.0012649951776188616 0.013445093918977236 0.02350677630060129 -0.019840183268895577 0.0036141021670693207 0.020865825809031274 0.00047055362181724274 -0.039014329330847905 0.027284684465884116 -0.021950492215234277 0.030655257116437906 0.0085016005398435446 -0.027375810192854521 0.016698773240510275 -0.059228792047050782 -0.034806716428521144 0.00029603683760232328 -0.0019687610561788952 0.037684303140256989 -0.030453578452542669 0.012613511757262219 0.018394330618089511 -0.025055233017048279 -0.011401896147998233 0.041147967326312228 0.028724585130815362 0.030404696996438507 -0.014177315166172069 0.018208197356452949 -0.015719318653940485 -0.040291980775116906 -1.347941156551841e-05 0.017031695138748686 0.016316774394610985 0.010953713346108545 0.002960694122644077 -0.0043719585725557767 0.0010113392894222631 0.018190264246526911 -0.0083841444254803624 0.011785669374155615 -0.016780428489458404 0.031599801449053312 0.033700878237132165 -0.0014095620072578233 0.022800214847502193 -0.007279889783429052 0.02108955501416861 -0.0048727849534852428 0.0011863568504701021 0.02371704701926718 -0.010527120887470112 -0.0025356869074016396
leaf_weight=10.773825936950738 0.56066871620714565 0.46104928781278331 1.6605191281996678 0.43713556951843413 1.4707500697113567 1.3017190075479441 0.96214937977493065 1.6049591489136199 0.51128702890127886 1.3991473196074369 2.9125099587254226 1.7243322622962249 3.7066585912834844 4.6411844708491117 2.4366655210033059 1.1274492731317884 1.1463293205015368 3.4117369276937097 0.87322471290826831 1.2356614000163975 71.930807739961892 3.6609568565618247 1.3775845407508338 3.0135529050603491 2.8711021111812443 2.1471449362579738 7.4854695291724056 3.032786161871627 3.6017468133941293 2.8659279895946383 1.3337057661265133 1.0377056198194612 49.482541023637168 0.29460063017904747 0.98646510834805656 0.44962504296563555 0.60604415368288744 0.17643965780735094 1.357342382892966 0.29413951747119504 1.3238295735791323 0.51082384027540662 0.69479653518646955 1.353855147724971 5.4816492302343249 3.7657898047473282 0.42068020789883931 1.6705700573511419 0.55756267532706294 1.4484838433563711 0.56908750627189864 0.80482586007565282 1.98458204139024 0.6153860290069133 0.7922573029063642
leaf_count=3287 42 31 40 24 21 34 59 31 14 49 154 207 53 51 37 34 15 305 15 33 11889 112 36 63 47 42 298 30 160 35 60 189 15991 3 9 6 24 2 30 4 28 27 48 30 377 130 37 60 41 79 24 37 65 65 26
internal_value=0.00548756 -0.0118583 0.00390961 -0.00380917 -0.0305679 -0.0357782 0.00380431 0.0341662 0.0130248 -0.0100106 0.00654456 -0.00470043 0.00469211 -0.00873292 -0.00918977 -0.0165882 -0.0220508 -0.0264856 0.00280109 -0.00970903 0.0371804 -0.018156 0.0145226 0.00774937 -0.0121979 0.0195631 0.0290377 0.0115965 0.0155113 0.00262145 0.00177642 -0.0386685 -0.0395718 0.0121986 0.000827618 -0.00989926 -0.00471341 -0.0332993 -0.0296911 -0.0343842 0.01068 0.0265393 0.00268607 -0.00906289 0.0296449 0.0300624 -0.0400484 0.0180582 0.0246387 0.00794769 0.01407 0.0359202 0.0157625 -0.008059 -0.00021922
internal_weight=224.359 140.307 76.7239 59.6096 63.5834 55.8535 48.3652 84.0515 11.56 4.36145 7.72991 27.3322 15.6776 8.49006 4.8174 11.6546 10.5272 3.84887 3.84551 9.38087 72.4915 6.82138 21.033 16.305 4.24869 7.18751 17.1143 6.04716 12.0564 5.87948 3.48085 52.008 50.3643 2.38074 3.16042 2.17396 1.64375 11.2444 2.75649 11.068 2.55949 7.19856 1.20562 3.01437 5.99294 4.72794 49.9032 2.54379 6.17688 2.57513 2.01757 11.0671 3.58167 0.909987 1.59708
internal_count=34640 22133 5472 4946 16661 16381 1653 12507 576 110 280 979 535 380 126 444 410 329 109 395 11931 334 674 485 83 155 526 100 402 98 102 16272 16059 89 222 213 213 3293 79 3291 61 466 75 70 391 189 16028 75 304 144 103 426 128 68 63
is_linear=0
shrinkage=0.04


Tree=128
num_leaves=51
num_cat=0
split_feature=10 23 38 8 21 9 23 2 38 10 21 24 2 11 10 10 36 30 30 4 30 6 30 6 8 31 31 13 31 31 30 5 30 9 10 2 35 4 2 38 36 10 31 2 9 8 10 38 10 31
split_gain=67.283 23.5375 7.7041 5.97195 3.81292 3.9506 2.90124 2.8269 2.72449 2.42897 2.42007 2.41902 1.90903 1.87289 1.85501 1.64236 1.52139 1.73416 1.41851 1.24595 1.93141 3.90518 3.08043 1.18802 1.1789 1.12361 1.04194 0.768002 0.698726 1.73568 1.24106 1.52617 0.677632 0.671881 0.609873 0.588848 0.546288 0.598674 0.656153 0.544809 0.534713 0.481643 0.407627 0.675741 0.365832 0.311952 0.251053 0.242174 0.167516 0.0950345
threshold=0.29705883562564855 1.0000000180025095e-35 0.388277217745781 0.69631093740463268 0.12500000372529033 0.6789083480834962 1.0000000180025095e-35 0.72046512365341198 0.22028702497482303 0.070197045803070082 0.47499999403953558 0.10811688378453256 0.83438816666603099 0.3215534389019013 0.15075758099555972 0.6885775923728944 0.63333335518836986 0.25837136805057531 0.37064875662326818 0.60120484232902538 0.75070455670356762 0.70736858248710643 0.58875668048858654 0.56361165642738353 0.48331478238105779 0.91035637259483349 0.86377784609794628 0.45000000298023229 0.93937537074089061 0.98583742976188671 0.89711761474609386 0.99504950642585765 0.75505790114402782 0.33137255907058721 0.31698563694953924 0.10762548446655275 0.25000000745058065 0.61633428931236278 0.22684391587972644 0.45795448124408727 0.43333333730697637 0.31009615957736975 0.63368895649909984 0.99504950642585765 0.64051282405853283 0.81302964687347423 0.20344828069210055 0.36785912513732916 0.41421568393707281 0.42497666180133825
decision_type=2 2 2 2 2 2 2 2 2 2 2 2 2 2 2 2 2 2 2 2 2 2 2 2 2 2 2 2 2 2 2 2 2 2 2 2 2 2 2 2 2 2 2 2 2 2 2 2 2 2
left_child=1 3 16 4 5 23 34 13 24 19 11 32 15 40 -10 18 -3 -18 -8 -5 21 22 -21 36 -6 26 -9 -15 -22 30 31 -30 35 -16 41 -4 37 38 -1 49 -7 -2 -19 -44 -39 -37 -35 -38 -20 -40
right_child=6 2 10 9 8 7 12 25 14 -11 -12 -13 -14 27 33 -17 17 42 48 20 28 -23 -24 -25 -26 -27 -28 -29 29 -31 -32 -33 -34 46 -36 45 47 44 39 -41 -42 -43 43 -45 -46 -47 -48 -49 -50 -51
leaf_value=0.0030704809732974691 0.014053207262061338 -0.039301937504511775 0.0030672763662493996 0.029774346356882381 -0.0247213522589756 0.026969332250342887 -0.011020566119141052 -0.00042229153646579094 0.041707699385187216 0.034106873693488048 0.027491093010028656 0.018596125866794405 0.029626047104576315 -0.024231592460278756 -0.014765721097577811 -0.027976789432822193 -0.025257184139446959 0.027827464894123983 0.0022223837275076549 -0.015540223833477446 0.025717105751293191 -0.040429612554470092 0.027147472105212046 0.010882908350004364 0.011516730714543325 0.0042928218558320446 -0.035545505416977069 0.0082470162884190033 0.0065105823750554225 0.022708732368242349 0.012640161457178925 -0.042885232970320555 0.0042029022667176138 -0.00080112142585326966 0.037562291015103701 -0.031665726131772709 -0.0091546751657575615 0.011365881585540168 -0.00052171850236340728 -0.0001093699223197856 0.0071650630450531697 -0.013018610160754547 -0.014779968578654991 0.016163182317424214 -0.01167196328413574 -0.004122325226024702 0.018404370780393697 0.010405848479576074 0.025405677579067813 -0.034246247310798068
leaf_weight=0.50260640331544237 0.88671344378963002 43.784064423874952 0.64591856487095167 2.2324736157897922 2.1172512883786099 4.6972943500150013 2.3673245012760145 1.8160175252705801 3.6946367886848748 7.8107227094005784 2.0742334630340329 2.16058334056288 4.337821563705802 1.6654662557411932 0.85949335061013732 1.0843403954058883 2.4854604257270685 0.21903256233781565 1.093249852769077 3.7008625864982623 4.244178011082111 2.3409464536234736 4.0514837740920484 0.55572142405435343 1.1349568713922051 2.0377497365698218 3.2629278944805264 0.71698763780295838 0.8903682352975012 2.3005089620128274 0.77719665132462967 1.0947084464132786 0.9261312149465083 1.1992002800107004 68.653065992286429 4.586957442574203 0.46576185245066959 0.55355631699785657 0.15603243606164774 0.91689384263008911 6.1002305229194462 0.31601224234327674 0.86482371110469081 0.58812092244625092 0.72862822492606938 1.4426397657953201 1.321706691291183 0.48667840659618378 2.520794584415853 13.073759332532061
leaf_count=57 122 16512 7 34 416 67 40 35 49 482 12 58 357 95 7 41 634 13 28 45 152 50 80 8 29 31 45 11 46 150 43 35 10 35 11785 211 92 29 24 10 51 24 114 2 40 15 63 5 110 2229
internal_value=0.00544392 -0.0116077 -0.0301396 0.0029603 -0.00567651 -0.0115626 0.033964 0.000556224 0.0143848 0.0167154 -0.000872274 -0.00999597 0.0127283 0.0112587 0.0267189 -0.000800022 -0.0370815 -0.00913383 0.00857194 0.00854358 0.00401341 -0.00750499 0.00726145 -0.0247013 -0.0119157 -0.0174956 -0.0257598 -0.0139956 0.0159893 0.00355522 -0.0143552 -0.0266383 -0.0201537 0.00224234 0.0370643 -0.024064 -0.0268036 -0.0284223 -0.0305166 -0.0320454 0.0181568 0.00291583 0.0148132 7.44379e-05 -0.000296224 -0.0273945 0.0117681 0.000182928 0.0213369 -0.0339117
internal_weight=218.544 137.285 59.778 77.507 48.0636 37.7363 81.2593 20.2967 10.3272 29.4434 11.8365 9.76223 11.4035 13.18 7.07504 7.06571 47.9415 4.15744 5.98137 21.6327 19.4003 10.0933 7.75235 17.4396 3.25221 7.1167 5.07895 2.38245 9.30696 5.06278 2.76227 1.98508 7.60165 3.3804 69.8558 6.67552 16.8839 15.9315 14.6493 14.1467 10.7975 1.20273 1.67198 1.45294 1.28218 6.0296 2.52091 0.95244 3.61404 13.2298
internal_count=34640 22133 17588 4545 3428 2829 12507 335 599 1117 313 301 576 224 154 219 17275 763 178 635 601 175 125 2494 445 111 80 106 426 274 124 81 243 105 11931 233 2486 2389 2320 2263 118 146 129 116 69 226 98 97 138 2253
is_linear=0
shrinkage=0.04


Tree=129
num_leaves=56
num_cat=0
split_feature=10 23 38 19 31 28 19 23 3 29 31 3 19 19 3 1 30 9 9 1 29 9 22 38 38 35 0 22 21 24 38 29 3 10 22 10 10 6 9 9 22 19 10 19 30 4 31 9 9 9 19 19 3 22 13
split_gain=64.1087 22.604 7.58914 4.98718 4.1538 4.34006 3.07691 2.90769 2.84454 4.12095 3.65268 2.85876 2.69408 2.78043 2.35936 2.27531 2.15852 2.06912 2.27399 1.80398 1.75097 1.47426 1.29749 1.1775 1.12839 1.1186 1.07189 1.05447 1.0043 1.10783 0.989748 0.95876 0.806316 0.639664 0.621608 0.611603 0.472475 0.399728 0.380722 1.44804 0.377107 0.332883 0.290658 0.271554 0.241783 0.195304 0.0933017 0.0681658 0.76364 0.0887048 0.0582072 0.269391 0.050665 0.0210983 0.00796663
threshold=0.29705883562564855 1.0000000180025095e-35 0.388277217745781 0.93142634630203258 0.69079047441482555 0.75000000000000011 0.87026646733284008 1.0000000180025095e-35 0.87715959548950206 0.99861112236976635 0.93793785572052013 0.82908758521080028 0.78192934393882763 0.56691542267799389 0.48772154748439794 0.38750000298023229 0.32498341798782354 0.96051946282386791 0.91024166345596325 0.58571431040763866 0.91825759410858165 0.46986201405525213 0.77500000596046459 0.65848225355148327 0.2437454164028168 0.25000000745058065 1.0000000180025095e-35 0.57500001788139354 0.47499999403953558 0.10811688378453256 0.36785912513732916 0.7241005301475526 0.91658571362495433 0.26794873178005224 0.32500000298023229 0.31698563694953924 0.31009615957736975 0.51431512832641613 0.80901724100112926 0.77459675073623668 0.17500000447034839 0.37377451360225683 0.70710784196853649 0.92546296119689953 0.21979991346597674 0.93127068877220165 0.39400610327720648 0.67041200399398815 0.57321429252624523 0.62575301527977001 0.97467949986457836 0.92770034074783336 0.47513763606548315 0.17500000447034839 0.6904762089252473
decision_type=2 2 2 2 2 2 2 2 2 2 2 2 2 2 2 2 2 2 2 2 2 2 2 2 2 2 2 2 2 2 2 2 2 2 2 2 2 2 2 2 2 2 2 2 2 2 2 2 2 2 2 2 2 2 2
left_child=1 3 26 4 14 16 23 35 11 17 34 31 13 -9 24 25 -6 18 27 41 -20 52 33 46 -1 54 -3 37 29 50 -27 -7 -15 38 -11 36 -2 -10 39 47 -26 -13 44 -44 -14 -35 -4 48 -23 -50 51 -8 -5 -19 -16
right_child=7 2 6 21 5 8 28 12 9 10 -12 19 42 32 15 -17 -18 53 20 -21 -22 22 -24 -25 40 30 -28 -29 -30 -31 -32 -33 -34 45 -36 -37 -38 -39 -40 -41 -42 -43 43 -45 -46 -47 -48 -49 49 -51 -52 -53 -54 -55 -56
leaf_value=-0.017296754160564178 0.013917541061834196 -0.037888751655362408 -0.0023525749478949245 -0.00020725112684858338 -0.012710871758485931 -0.011278670228933944 0.0017086751232816108 0.020673409258326517 0.0024270996417972441 0.017096162536628667 -0.058615464023259123 -0.0017824823120895933 0.00041148583156014356 -0.038927426111596802 -0.038495242791998174 0.015515471830961509 0.036013495249553551 0.0056608610496139125 -0.036071814904857794 0.0012795756277823812 0.010153701512231278 0.022326951071813244 -0.0080871483302146739 0.0059643131150452604 -0.0013119335017414376 -0.018522156571468888 -4.3524732427632675e-05 -0.007772299503911703 0.033823129005865135 0.021145350402780413 0.017239362147783571 0.024208816975315375 -0.00047747598955905204 -0.01166548882223456 -0.0091474454669702304 0.037460069592348835 -0.012905842169378283 0.026175425525185227 0.033408806452434749 -0.012000757912529442 0.020423114110999036 -0.037676724716685137 -0.0084434197431062907 0.01161721266998815 0.03125762749326208 0.0064104939347011426 -0.029861485681520555 0.028797968274260972 0.0015264383078129695 -0.0093823988307057647 -0.00026999413134857423 -0.020072423393185743 -0.014558803926388336 0.033441912149564289 -0.0015982237281045638
leaf_weight=1.3568159828428203 0.87447381112724432 45.088582537136972 0.58846275322139074 0.17638794379309064 0.85235277120955188 0.64727574377320651 0.76992054888978623 1.5805191919207553 1.973795427940791 1.2775855399668214 1.1081533175893126 0.66397504578344335 0.51468646805733431 1.7511356677860024 8.7472010266501385 0.80807538609951812 6.4761277630459517 0.85346291679888864 1.8447650093585255 2.5646525290794671 1.1053526690229771 1.977824894012892 1.2618722792249162 1.4762655794620512 1.3180305121932181 1.1190977385267622 1.1341496389359225 1.6983336182311175 1.7654066719114778 1.4288156684488056 0.7975354604423045 1.9882310973480342 1.0248253056779502 0.37545268563553591 1.3814389072358606 66.141564741265029 0.31941972719505429 4.3131637973710895 8.6169120692647976 1.4192477953620253 2.3179926795419306 6.3235771176405251 0.50843378715217091 0.68206067383289337 5.1970196198672056 0.35127416951581836 3.6826496078865603 2.7803791949991137 1.0032544331625106 1.0275616566650567 1.0474414117634294 0.94291063258424401 0.90255441353656352 4.969649335835129 0.20950105786323625
leaf_count=375 122 17249 7 25 141 110 28 31 29 41 36 10 16 23 1524 16 143 45 39 31 49 109 31 23 24 197 26 16 7 41 5 49 56 23 25 11785 24 102 443 27 59 256 27 48 375 38 150 72 41 32 20 37 218 158 6
internal_value=0.00539314 -0.0113528 -0.029872 0.00292843 -0.00316958 0.00385328 -0.000739083 0.0337582 -0.00268527 0.00626051 -0.0251327 -0.0169326 0.0124479 -0.00989256 -0.019069 -0.0279859 0.0287299 0.0149565 0.00328191 -0.0263846 -0.0203597 0.0194087 0.0221803 -0.0192913 0.00309838 -0.0329046 -0.0369525 0.0140937 0.0171861 0.00278683 -0.00204723 0.013803 -0.029126 0.024967 0.0043781 0.0369457 0.00279995 0.0207713 0.0265032 0.0150143 0.0139772 -0.035285 0.0260419 0.00246604 0.0292155 -0.00314946 -0.0278363 0.0221178 0.0105778 -0.00496223 -0.0105159 -0.0133102 -0.0126423 0.0314495 -0.038092
internal_weight=213.128 134.533 57.9246 76.6089 56.7161 40.0419 11.7019 78.5941 32.7134 20.5257 3.76718 12.1877 11.2587 4.35648 16.6742 11.6814 7.32848 16.7585 10.9354 9.5522 2.95012 19.8927 18.8138 5.74738 4.99284 10.8733 46.2227 7.98529 5.95449 4.18909 1.91663 2.63551 2.77596 17.5519 2.65902 67.3355 1.19389 6.28696 16.8252 8.20827 3.63602 6.98755 6.9022 1.19049 5.71171 0.726727 4.27111 6.78902 4.00864 2.03082 2.76027 1.71283 1.07894 5.82311 8.9567
internal_count=34640 22133 17588 4545 3486 1280 313 12507 996 540 102 456 576 110 2206 1748 284 438 235 297 88 1059 816 180 458 1732 17275 147 133 126 202 159 79 785 66 11931 146 131 724 281 83 266 466 75 391 61 157 254 182 73 85 65 243 203 1530
is_linear=0
shrinkage=0.04


Tree=130
num_leaves=48
num_cat=0
split_feature=10 20 10 20 24 23 9 1 13 24 19 22 33 3 10 29 29 1 6 6 2 31 5 10 2 2 4 6 6 10 3 21 24 4 31 31 5 31 9 9 10 22 33 6 10 2 10
split_gain=59.3701 24.7508 8.85545 8.49667 6.88261 4.54012 3.44507 2.99467 2.98952 2.96881 2.34706 2.08446 2.02614 1.94837 1.86007 1.51455 2.07202 1.91659 1.6639 2.17848 1.50953 1.34486 1.00561 0.982463 0.766099 1.64049 0.574366 0.435381 1.33388 0.433522 0.432035 0.395112 0.349093 0.330961 0.297544 0.365086 0.289727 0.256076 0.236973 0.216556 0.184959 0.16081 0.134082 0.111004 0.101008 0.0385899 0.0188106
threshold=0.31698563694953924 0.53144779801368724 0.098387096077203764 0.25728431344032293 0.12183055281639101 1.0000000180025095e-35 0.92403846979141246 0.5634920895099641 0.45000000298023229 0.045584416016936309 0.89871793985366832 1.0000000180025095e-35 -1.0000000180025095e-35 0.93335816264152538 0.28991597890853887 0.8593253791332246 0.71671876311302196 0.44949495792388922 0.41979384422302252 0.55645078420639049 0.76028168201446544 0.9462377429008485 0.86526826024055492 0.17519181966781619 0.82712644338607799 0.83910790085792553 0.63224515318870556 0.350877195596695 0.26526586711406713 0.14039409160614016 0.89957937598228466 0.57500001788139354 0.050641026347875602 0.44315245747566229 0.96398174762725841 0.98583742976188671 0.062019230797886855 0.93079733848571788 0.79502627253532421 0.99438202381134044 0.29705883562564855 0.52500000596046459 0.87500000000000011 0.63454025983810436 0.22902098298072818 0.083920188248157515 0.098387096077203764
decision_type=2 2 2 2 2 2 2 2 2 2 2 2 2 2 2 2 2 2 2 2 2 2 2 2 2 2 2 2 2 2 2 2 2 2 2 2 2 2 2 2 2 2 2 2 2 2 2
left_child=1 2 3 7 8 -2 9 10 12 -7 15 -11 -3 36 -6 16 17 31 27 -20 33 32 -16 -10 43 -26 -17 28 -18 46 -27 39 -5 38 -32 -36 44 40 -12 -1 42 -35 -38 -9 -14 -4 -15
right_child=5 4 45 21 14 6 -8 24 23 11 20 -13 13 29 22 26 18 -19 19 -21 -22 -23 -24 -25 25 30 -28 -29 -30 -31 34 -33 -34 41 35 -37 37 -39 -40 -41 -42 -43 -44 -45 -46 -47 -48
leaf_value=-0.033277273202778693 0.037968854702155434 0.0093198881798327773 0.0050589496714159706 -0.035861830568774483 0.027295947685321537 0.017252935154821944 0.030116339992071632 0.011065937876874914 -0.01202183038807236 -0.044265103400708966 -0.0094926904574671039 0.0056975635617622948 -0.0080747390369239978 -0.011375438719127724 -0.034239021163919955 -0.0039788230290633154 0.022377824204912938 0.016338105823378964 -0.026252244052354014 0.015070843208303207 -0.009718267266045329 0.0060112252771815271 0.0091204765951484155 0.018409224731655596 -0.024964359546310058 -0.0046693888062851905 -0.028404368943332075 0.029082852558234257 -0.017936050229534435 0.013917034230245514 0.025611703723292755 0.0025002810767049987 0.0017439182630943138 0.030322858150529711 -0.0070130931564988952 0.012801962085344808 -0.039213176436477294 3.8609888802612139e-05 0.010023328900962348 -0.00039958789381324967 -0.00029263424180917279 0.0076909715686217265 -0.00030293638724071103 0.032757072423386768 0.0050484670732481984 0.031529552123361448 -0.0001351676978445462
leaf_weight=3.6242123255506224 63.715708940988407 0.92932275519706209 0.8432225186843415 10.192726026754821 3.3041370240971437 2.5000934377312642 4.6314823366701603 3.0466745905578119 2.5932219643145795 2.3418373269960289 0.5229329993016999 1.3967878045514224 0.43988790479488571 0.65444039576686808 0.32329009985551227 2.9159806706011286 1.1202413812279686 0.85342778638005246 2.4621601831167936 2.5335588911548257 2.089480827562511 0.88578824326396066 0.52210409427061677 1.2906749760732052 0.58807471208274353 0.77111166901886452 4.6019938010722399 3.3206827254034579 0.99039379181340326 0.79755585454404343 2.6596381161361933 0.20709826634265471 0.1258491128683098 3.7039161643479019 1.1983100436627865 1.861632370389998 46.548921143752523 0.12664471473544736 0.39329339563846588 0.22197325527667988 0.19809320569038291 2.2247707478236407 0.19044412113726039 4.6211241502314806 0.22185017168521881 14.459729531314222 0.36171215632930398
leaf_count=682 11767 38 20 3471 210 65 397 26 51 63 112 44 139 93 10 19 40 7 39 29 47 7 58 55 13 14 51 24 29 18 146 9 1 62 49 122 15737 11 2 2 3 41 7 96 1 552 8
internal_value=0.00578181 -0.0103694 0.00514604 -0.00220264 -0.0294188 0.0339353 0.00840679 0.00551091 -0.0332073 -0.0101837 -0.00149917 -0.0286914 -0.0357377 -0.0368749 0.0154649 -0.00828991 -0.000470036 -0.0188448 0.0093099 -0.00624031 0.0143484 -0.0312561 -0.017526 8.26375e-05 0.0194833 0.0072977 -0.0212877 0.0221911 0.00353225 0.00153862 0.0146912 -0.0291155 -0.0350102 0.0224603 0.0180897 0.004864 -0.0383799 -0.0387609 0.000345543 -0.0315674 -0.0389204 0.0252708 -0.0390788 0.0275128 -0.00234622 0.0307077 -0.00986724
internal_weight=206.128 131.542 73.04 57.737 58.5023 74.5859 10.8702 46.5327 54.3528 6.23872 31.7861 3.73863 50.4689 49.5395 4.14953 22.8517 15.3337 4.90671 10.427 4.99572 8.93439 11.2044 0.845394 3.8839 14.7466 7.07877 7.51797 5.43132 2.11064 1.81371 6.49069 4.05328 10.3186 6.84491 5.71958 3.05994 47.7258 47.0641 0.916226 3.84619 46.9375 5.92869 46.7394 7.6678 0.661738 15.303 1.01615
internal_count=34487 22151 5712 5140 16439 12336 569 1661 16161 172 1195 107 16055 16017 278 931 861 700 161 68 264 3479 68 106 466 344 70 93 69 119 331 693 3472 217 317 171 15898 15758 114 684 15747 103 15744 122 140 572 101
is_linear=0
shrinkage=0.04


Tree=131
num_leaves=49
num_cat=0
split_feature=12 20 38 20 24 23 35 10 1 5 10 11 29 8 7 30 30 8 30 4 19 10 4 4 13 2 22 8 19 2 2 24 30 5 10 8 10 2 23 30 30 7 2 8 12 2 4 22
split_gain=57.4196 23.5541 8.94547 8.96224 8.7412 3.71475 3.16423 3.65722 3.05815 2.68217 2.65712 1.72499 1.66557 1.72168 1.83682 3.35273 2.7623 1.64061 1.57038 1.25755 1.02595 2.73029 0.984289 1.79718 0.880997 0.844187 0.835246 0.821544 0.63163 0.5512 2.17814 0.464577 0.431999 0.399227 0.312779 0.299744 0.291422 0.278553 0.193111 0.132636 0.266675 0.111638 0.0782958 0.0933098 0.0580484 0.0247561 0.021304 0.0212876
threshold=0.5801178812980653 0.53144779801368724 0.22028702497482303 0.2098387032747269 0.12183055281639101 1.0000000180025095e-35 0.25000000745058065 0.10912698507308961 0.5634920895099641 0.92403846979141246 0.65942031145095836 0.66211557388305675 0.99861112236976635 0.41444373130798345 0.35685387253761297 0.34310020506381994 0.5811329483985902 0.69309264421463024 0.53681024909019481 0.4246212244033814 0.86425063014030468 0.089572194963693633 0.74322345852851879 0.82519841194152843 -1.0000000180025095e-35 0.65142410993576061 0.92499998211860668 0.6291005313396455 0.77459675073623668 0.82712644338607799 0.83438816666603099 0.033712122589349754 0.75505790114402782 0.062019230797886855 0.20942982286214831 0.90366768836975109 0.23669467866420749 0.44920890033245092 1.0000000180025095e-35 0.85815533995628368 0.81254673004150402 0.75004577636718761 0.53694942593574535 0.48331478238105779 0.15035676956176761 0.049390243366360671 0.26158231496810919 0.82500001788139354
decision_type=2 2 2 2 2 2 2 2 2 2 2 2 2 2 2 2 2 2 2 2 2 2 2 2 2 2 2 2 2 2 2 2 2 2 2 2 2 2 2 2 2 2 2 2 2 2 2 2
left_child=1 2 3 8 6 -2 11 -8 12 10 28 24 13 26 15 19 25 -6 -12 42 21 -4 -18 -24 -3 -16 47 -10 -7 -29 -31 44 33 45 -22 -32 -36 46 -23 40 -37 -34 43 -15 -5 -26 -9 -1
right_child=5 4 20 31 17 9 7 37 27 -11 18 -13 -14 14 16 -17 22 -19 -20 -21 34 38 23 -25 32 -27 -28 29 -30 30 35 -33 41 -35 36 39 -38 -39 -40 -41 -42 -43 -44 -45 -46 -47 -48 -49
leaf_value=-0.027543700255371065 0.03786955499381868 0.002132698460465242 -0.018501202895410129 -0.036056181905502027 -0.012568455297245172 -0.0030893789705138913 -0.027819056845609494 -0.0014454432861142957 0.00010088324892071629 0.030223207340817348 0.0016400361151311937 0.0079630635882196581 -0.030101292716444315 -0.0061451358645893163 -0.002079189768542271 0.035481333083041015 0.025689977295759347 0.028546118526780601 -0.050718875641911028 -0.02522166331331837 0.042183250965480631 0.028772446657524323 -0.019416622964238343 0.021096505026086957 -0.0043221084149450582 -0.026059737705331234 0.0068574102075933084 0.032839944453118906 0.020658994366065296 -0.027563032351661205 0.00016738873325064825 0.0013488388809916572 0.0018962927801825572 -0.040352593524601924 -0.0025147462753572288 0.012502421569863658 0.01826112054058324 0.028697052310118314 0.0046964480394406267 0.027109666477498059 -0.007245609244556279 -0.011989135705485994 0.016632349087767905 0.0063559915008529278 -0.00056838094820270716 0.0020673371576919444 0.0039872936810449794 -0.00069256367028625759
leaf_weight=2.977548266761012 60.652246718294919 0.59027032554149528 1.8556942204013482 9.767556669656182 1.10669431881979 2.2907093837857229 3.5614981832914046 0.46720380173064791 2.8162250891327849 4.6815120624378324 1.1206598449498413 0.75840310589410265 1.570606444030999 0.32184859411791167 4.3658985365182179 5.0296809650026262 3.385658072307705 3.6982120624743402 0.87915078923106182 1.8494342565536497 7.125776124885304 4.9284050634596497 2.2067780904471879 1.6689700866118071 0.23696848680265148 4.6616947166621685 0.75722344964742649 5.1542749544605595 2.550787640735507 0.50402392074465741 0.95699763577431429 0.32926303101703602 0.44726470927707751 42.378205589018762 0.95888983877375755 0.74054647423326947 1.3254018928855655 1.6477340157143769 1.4910382630769161 3.0734011717140675 0.55961857922375202 1.3993363096378741 0.43841204908676445 0.39529951801523566 0.083785785827786508 0.34404265740886331 0.67493375740014017 0.23625105037353922
leaf_count=474 11504 34 90 3512 32 33 1518 24 14 410 31 25 14 56 46 47 25 421 32 167 184 199 20 65 67 39 25 110 92 10 45 11 26 14269 51 39 161 37 43 210 34 91 5 18 15 50 42 20
internal_value=0.00572286 -0.010265 0.00503 -0.00320608 -0.0290325 0.033919 -0.0337518 -0.00542892 0.00491826 0.0110155 -0.00497687 -0.037315 -0.00235666 0.000575375 0.00492764 0.0188933 -0.00286837 0.017957 -0.0322272 -0.0108344 0.0284996 0.0139045 0.0137329 -0.000386822 -0.0383492 -0.0165099 -0.0196905 0.0194705 0.010966 0.0238808 0.0106147 -0.0343754 -0.0389824 -0.0399088 0.0374969 0.0199193 0.0115789 0.0224288 0.0252976 0.023313 0.00402481 -0.00862917 0.0123886 0.000125138 -0.035808 -0.000920972 0.00166278 -0.0267021
internal_weight=201.022 128.847 71.5362 53.851 57.3108 72.1751 52.5059 6.35137 43.6704 11.5228 6.84131 46.1545 29.8653 28.2947 24.3237 8.03468 16.289 4.80491 1.99981 3.00499 17.6852 8.27514 7.26141 3.87575 45.3961 9.02759 3.97102 13.8051 4.8415 10.9889 5.83459 10.1806 44.8058 42.9592 9.41007 5.33056 2.28429 2.78987 6.41944 4.37357 1.30017 1.8466 1.15556 0.717148 9.85134 0.581011 1.14214 3.2138
internal_count=34487 22385 5749 5021 16636 12102 16183 1621 1483 598 188 14562 1021 1007 488 293 195 453 63 246 728 332 110 85 14537 85 519 462 125 448 338 3538 14503 14386 396 328 212 103 242 283 73 117 79 74 3527 117 66 494
is_linear=0
shrinkage=0.04


Tree=132
num_leaves=46
num_cat=0
split_feature=12 20 38 20 24 23 13 1 31 4 13 11 8 35 6 7 6 2 10 4 1 36 10 19 10 6 8 31 2 24 10 10 31 10 10 4 19 4 28 39 31 31 12 31 2
split_gain=54.742 22.5016 8.51191 8.58493 8.3819 3.74005 3.10342 2.91664 2.84177 2.43323 2.03502 1.71621 1.59609 1.48063 1.83121 3.40124 4.35547 1.33006 1.32357 1.23418 1.76566 1.07727 1.00589 0.98335 2.61948 0.845877 0.794682 0.607942 0.962576 0.459504 0.287018 0.284596 0.266132 0.215695 0.290938 0.20261 0.190389 0.170961 0.133471 0.569545 0.0855112 0.209706 0.057482 0.0527987 0.0198331
threshold=0.5801178812980653 0.53144779801368724 0.22028702497482303 0.2098387032747269 0.12183055281639101 1.0000000180025095e-35 0.45000000298023229 0.5634920895099641 0.87577280402183544 0.52240803837776195 -1.0000000180025095e-35 0.66815477609634411 0.69309264421463024 0.25000000745058065 0.58512848615646373 0.35685387253761297 0.350877195596695 0.64747309684753429 0.65942031145095836 0.4246212244033814 0.13392857462167743 0.56666669249534618 0.17519181966781619 0.86425063014030468 0.089572194963693633 0.53318938612937938 0.6291005313396455 0.94086807966232311 0.90521115064620983 0.033712122589349754 0.20942982286214831 0.23669467866420749 0.37264604866504675 0.70710784196853649 0.72474747896194469 0.08856209367513658 0.65821567177772533 0.96580946445465099 1.0000000180025095e-35 1.0000000180025095e-35 0.98583742976188671 0.96959519386291515 0.15035676956176761 0.95202109217643749 0.049390243366360671
decision_type=2 2 2 2 2 2 2 2 2 2 2 2 2 2 2 2 2 2 2 2 2 2 2 2 2 2 2 2 2 2 2 2 2 2 2 2 2 2 2 2 2 2 2 2 2
left_child=1 2 3 7 6 -2 10 13 9 -7 -3 32 -6 14 15 16 19 -17 25 20 -1 36 -8 24 -4 -11 -9 -28 -29 42 -25 -32 44 -10 -35 -26 -16 43 -37 -40 41 -30 -5 -34 -12
right_child=5 4 23 29 12 8 22 26 33 18 11 -13 -14 -15 21 17 -18 -19 -20 -21 -22 -23 -24 30 35 -27 27 28 40 -31 31 -33 37 34 -36 38 -38 -39 39 -41 -42 -43 -44 -45 -46
leaf_value=-0.018862595125900286 0.037778411136614141 0.0091155944646780784 -0.018181774920728207 -0.035872952898464205 -0.012309780579959883 0.01765128622772379 -0.012156893433626151 9.8019442837997213e-05 0.030482972080649855 -0.018791886960582673 -0.0051256932065532395 0.0079546670624417726 0.028293714183683694 -0.030469189182752193 0.0060700739736823418 -0.0036601833505190548 0.031255183953220488 -0.033003097117029798 -0.046550348684458877 -0.028073834331387167 0.024848130677738764 -0.0036474708391866667 0.018717116005168379 0.041491876277928566 0.00053062180647753601 0.012566880229524973 0.029828965326441477 -0.014442784268834876 0.010582294827338936 0.0013441912305144337 -0.0024770925134373744 0.01807120218822747 -0.039284020332442861 -0.0076707458040510337 0.012960432191034304 0.034272485753933601 0.028944734494486417 -0.002813276236780311 -0.0090411436682349185 0.017792385885865288 0.020771421745212876 -0.0070596229352710331 -0.00056537474978480098 -0.0018999663778511838 0.00061976463194419313
leaf_weight=1.4291081214323731 58.415374742355198 0.93162372545339067 1.8408764991909281 9.4390518178697622 1.117376579903065 2.020930956117807 2.5007463507354255 2.8161900714039794 4.6820343430154026 1.0239762896671898 0.27569558471441169 0.74981640209443767 3.5973928766325116 1.1701912202406664 1.9621306546032418 4.6903265179134888 5.2232279884628952 5.1556163877248764 0.97387369070202101 2.6612389159854501 1.4686253287363795 2.6549148401245475 1.33441223250702 6.9827002841047925 0.66345283994451154 1.3626013211905954 6.9803747646510583 1.0055171474814417 0.60488718189299107 0.32917611277662295 0.96014407463371787 1.3019794761203227 43.854144948534667 0.53982421010732629 0.78548183012753725 2.6243718178011477 3.2501680878922343 0.56064131017774244 0.58557934546843204 2.4491974110715091 1.6099260440096259 0.57055448554456234 0.083781443070621076 0.31390674598514934 0.40911001455970109
leaf_count=419 11504 39 90 3512 32 46 50 14 356 18 77 10 421 61 17 53 51 48 34 218 52 36 90 184 16 62 209 40 41 11 51 161 15777 35 47 68 66 37 29 129 123 35 15 19 84
internal_value=0.00565917 -0.0100561 0.0049396 -0.00314671 -0.0287252 0.0337033 -0.03344 0.00478099 0.010693 -0.00905323 -0.0361751 -0.0373929 0.0176378 -0.00232609 0.000255221 -0.00596199 0.00893379 -0.0214829 -0.0261211 -0.0139109 0.00372806 0.0151014 0.000485558 0.0280027 0.0135963 -0.00257564 0.0191138 0.023521 0.0064147 -0.0341521 0.0368859 0.0114145 -0.0384189 0.0269194 0.00429651 0.0248576 0.0237555 -0.0388168 0.0268594 0.0108333 0.0168365 0.00219062 -0.0356186 -0.0391266 -0.00278173
internal_weight=195.962 126.158 70.5133 53.105 55.6449 69.8041 50.9301 43.253 11.3887 5.38138 47.0949 46.1633 4.71477 29.6655 28.4954 20.6281 10.7822 9.84594 3.36045 5.55897 2.89773 7.86721 3.83516 17.4083 8.16348 2.38658 13.5874 10.7713 3.79088 9.85201 9.24482 2.26212 45.4135 6.00734 1.32531 6.3226 5.2123 44.7287 5.65915 3.03478 2.78537 1.17544 9.52283 44.1681 0.684806
internal_count=34487 22385 5749 5021 16636 12102 16183 1483 598 160 16043 16004 453 1021 960 841 740 101 114 689 471 119 140 728 332 80 462 448 239 3538 396 212 15994 438 82 242 83 15833 226 158 199 76 3527 15796 161
is_linear=0
shrinkage=0.04


Tree=133
num_leaves=49
num_cat=0
split_feature=12 20 24 10 20 23 35 10 31 1 4 9 19 11 9 29 29 1 6 30 31 1 6 32 19 19 4 6 6 31 21 1 9 24 31 4 6 33 10 10 6 9 22 30 4 6 31 4
split_gain=52.1605 21.4949 8.0377 7.83642 7.4991 3.76074 3.14725 3.49397 2.7638 2.59519 2.3344 2.86366 2.14109 1.66402 1.65021 1.37381 1.86333 1.81034 1.47622 2.44013 1.26327 1.04076 1.19258 0.851356 0.564887 1.15462 0.64862 0.535431 0.478604 0.414802 0.40062 0.37848 1.03869 0.317321 0.250982 0.242848 0.235506 0.299025 0.212164 0.284808 0.207249 0.201531 0.173407 0.150242 0.142676 0.109266 0.0217184 0.0188657
threshold=0.5801178812980653 0.53144779801368724 0.12183055281639101 0.098387096077203764 0.25728431344032293 1.0000000180025095e-35 0.25000000745058065 0.10912698507308961 0.87577280402183544 0.5634920895099641 0.52240803837776195 0.89009663462638866 0.89871793985366832 0.66211557388305675 0.86425063014030468 0.8593253791332246 0.71671876311302196 0.44949495792388922 0.41979384422302252 0.55073565244674694 0.9462377429008485 0.41428571939468389 0.25837136805057531 -1.0000000180025095e-35 0.82182541489601146 0.92403846979141246 0.90366768836975109 0.51965817809104931 0.76005846261978161 0.37264604866504675 0.57500001788139354 0.31666667759418493 0.65733855962753307 0.050641026347875602 0.93793785572052013 0.3034138828516007 0.6229168474674226 1.0000000180025095e-35 0.70710784196853649 0.72474747896194469 0.84527850151062023 0.99438202381134044 0.52500000596046459 0.8571511209011079 0.10367219150066377 0.78562930226326 0.98896396160125744 0.049390243366360671
decision_type=2 2 2 2 2 2 2 2 2 2 2 2 2 2 2 2 2 2 2 2 2 2 2 2 2 2 2 2 2 2 2 2 2 2 2 2 2 2 2 2 2 2 2 2 2 2 2 2
left_child=1 3 6 4 9 -2 13 -8 10 12 -7 -12 15 23 -4 16 17 30 31 -20 33 22 -14 -3 40 26 -26 -17 29 47 41 32 -18 -6 -31 -9 -27 -38 -10 -40 -11 -1 -5 -28 -44 -30 -47 -25
right_child=5 2 14 42 20 8 7 35 38 24 11 -13 21 -15 -16 27 18 -19 19 -21 -22 -23 -24 28 25 36 43 -29 45 34 -32 -33 -34 -35 -36 -37 37 -39 39 -41 -42 -43 44 -45 -46 46 -48 -49
leaf_value=-0.032801953723066844 0.037684589829940211 0.0020137797718949254 -0.013103859528650326 0.032461249908199395 -0.035374564591123953 0.017370792278928654 -0.027243268335102929 0.00036880211774846603 0.030238625125595435 0.031691925358126094 -0.042911603946572882 0.015035153786460401 -0.011317425321656948 0.0077894856514293433 0.028251719160280894 -0.0041378681529084397 -0.015180615215145535 0.016025253628194999 -0.028148242968398525 0.015950456003947015 0.0058178271703580075 -0.007936473183876849 0.025310642381941709 -0.0038873632969451243 -0.015183148011681167 0.00021741629445281519 0.015398543012419736 -0.027567637244606754 0.0019134872107452016 -0.040330641185163711 0.0027073633070482223 0.028784137355672659 0.019267231538076256 0.0015171524170478437 -0.00023445729848593043 0.026607693792326949 0.00028905581893246321 0.027105292891776458 -0.0075818015669720743 0.012837772220270511 0.0050682764809616403 -0.00038411797038604773 -0.0017483960694982773 -0.00085932059056792996 0.013093970763781033 -0.013396308920122182 -0.00017558733380454924 0.00163010237170444
leaf_weight=3.4133259993977916 56.265483886003494 0.59044079529121418 1.0861569247208525 11.702989173354579 9.2648361553437955 1.9963798224925975 3.3366390506271264 0.6636745797004554 4.5459585106000304 4.0943079534918061 2.3793021850287919 1.0191548094153402 0.67698702961206247 0.75167825981043179 3.5418807743117213 3.0854001282714298 0.99120993958785986 0.83137725293636311 2.2595467555802315 2.6044054562225938 0.85645999014377672 1.7491520941257475 6.3241010049823672 0.21592809213325281 2.4883030867204052 0.87226894684135903 0.63581700436770894 4.3995121540501714 0.43408222054131229 39.18495396093931 0.20990390959195782 2.8000417500734329 1.551758595742285 0.11731465905904848 0.23546932078897853 2.0813142578117549 0.69558689184486899 3.1087635708972812 0.54383527673780896 0.7756202882155776 1.3431165823712943 0.21414734423160542 0.67866380698978845 0.88127902150154114 1.6812264076434074 1.0196768071036784 0.49334315676242102 0.38322191592305899
leaf_count=682 11504 34 60 520 3471 46 1518 39 356 76 47 67 141 25 393 20 69 7 35 33 7 33 89 60 34 8 20 50 25 14232 9 12 12 1 17 64 8 210 35 47 52 2 21 58 69 72 28 69
internal_value=0.00560191 -0.00983964 -0.0284133 0.00485672 -0.00209104 0.0334833 -0.0331253 -0.00452464 0.0103821 0.00510603 -0.00896079 -0.0255248 -0.00144303 -0.0368123 0.017323 -0.00800295 -0.000378012 -0.0182067 0.00891191 -0.00592701 -0.0306372 0.0138204 0.0200252 -0.0378884 0.0184128 0.00915226 -0.00541546 -0.020343 -0.0385507 -0.0396009 -0.0285057 0.0210835 0.00479891 -0.0345212 -0.0400922 0.0224969 0.0202197 0.0234135 0.026642 0.00421721 0.0277624 -0.0311136 0.0299445 0.00935471 0.00931708 -0.00856806 -0.0117644 -0.000864232
internal_weight=191.076 123.55 54.0185 69.5318 55.4689 67.5257 49.3904 6.08163 11.2603 45.2303 5.39484 3.39846 31.1109 43.3088 4.62804 22.3606 14.8757 4.66875 10.207 4.86395 10.2386 8.75024 7.00109 42.5571 14.1194 8.68202 4.0054 7.48491 41.9667 40.0196 3.83738 5.34301 2.54297 9.38215 39.4204 2.74499 4.67662 3.80435 5.86541 1.31946 5.43742 3.62747 14.0629 1.5171 2.35989 1.9471 1.51302 0.59915
internal_count=34487 22385 16636 5749 5139 12102 16183 1621 598 1660 160 114 1194 14562 453 931 861 700 161 68 3479 263 230 14537 466 338 112 70 14503 14378 693 93 81 3472 14249 103 226 218 438 82 128 684 610 78 90 125 100 129
is_linear=0
shrinkage=0.04


Tree=134
num_leaves=43
num_cat=0
split_feature=10 20 38 20 11 39 10 31 2 22 30 2 31 24 19 22 7 9 30 19 10 29 31 31 20 2 9 24 39 31 10 29 24 2 36 10 19 19 9 3 4 4
split_gain=49.3146 20.7685 7.62667 7.91066 7.4345 4.4418 4.09508 3.10445 2.84042 2.56362 2.49745 3.51311 2.30649 1.68053 1.57891 1.42578 1.42037 1.43192 1.20451 1.09644 2.27891 0.870968 1.26663 3.35217 0.83105 0.518097 0.510378 0.449699 0.398661 0.373459 0.341372 0.335441 0.293577 0.238385 0.247457 0.235598 0.136512 0.266338 0.0982129 0.0895193 0.0590434 0.0387915
threshold=0.31698563694953924 0.53144779801368724 0.22028702497482303 0.2098387032747269 0.55039715766906749 1.0000000180025095e-35 0.20942982286214831 0.86864736676216137 0.75147059559822094 1.0000000180025095e-35 0.71436011791229259 0.76028168201446544 0.68275979161262523 0.12183055281639101 0.89871793985366832 0.92499998211860668 0.42741556465625768 0.65733855962753307 0.39531622827053076 0.86425063014030468 0.089572194963693633 0.99861112236976635 0.93937537074089061 0.98583742976188671 0.92691829800605785 0.21680375933647159 0.75716626644134533 0.033712122589349754 1.0000000180025095e-35 0.99234396219253551 0.20942982286214831 0.65835538506507885 0.125657893717289 0.64747309684753429 0.30000001192092901 0.23669467866420749 0.78319624066352855 0.71081870794296276 0.13446328043937686 0.84527239203453075 0.98484501242637645 0.44562648236751562
decision_type=2 2 2 2 2 2 2 2 2 2 2 2 2 2 2 2 2 2 2 2 2 2 2 2 2 2 2 2 2 2 2 2 2 2 2 2 2 2 2 2 2 2
left_child=1 2 3 10 6 7 29 9 18 13 11 12 15 -2 16 33 17 41 25 20 -4 -12 -23 -24 -8 -6 39 38 -22 32 -21 -11 40 34 -1 -32 37 -9 -5 -16 -3 -14
right_child=5 4 19 27 8 -7 24 36 -10 31 21 -13 14 -15 26 -17 -18 -19 -20 30 28 22 23 -25 -26 -27 -28 -29 -30 -31 35 -33 -34 -35 -36 -37 -38 -39 -40 -41 -42 -43
leaf_value=0.00084366110422922193 0.0012494435171733567 -0.038909944754567737 -0.017483232628033515 -0.00055937830457605342 -0.00010865260994791092 0.037611471498106633 0.015484139777981101 0.013072755813157744 0.027968652422412692 0.019483958961763942 0.028001953555598268 -0.027106374654403097 -0.00018397264491153026 -0.05110819388314522 0.010713135649944043 0.016635422425100185 -0.01050200840203881 0.019591164819297228 0.0073679573128937418 0.040513442370728632 0.0030948152233470048 0.021636455238783891 -0.041887433516455144 0.020289297388360907 -0.014197564586731498 -0.031428071821026922 0.03179930948699905 0.0013646635197274756 0.027680401922339972 -0.00010034358302939112 -0.0022896967076630739 -0.0020513940249764903 0.00081917705696005465 0.00090340518422834365 -0.029372024238212172 0.016421591045328018 0.029116736441696878 -0.0066270734621975379 -0.035577913020813312 0.00011025867238560397 -0.00050435964898451371 -0.015278842654594409
leaf_weight=0.19312161742710277 1.1974513661116346 39.47960679163225 1.7958933466579781 0.0722490774933221 0.88097325153648709 54.968207939760759 2.4631860556546594 0.78781570401042678 3.3179241986945271 1.3948807939887049 6.3436799175105971 5.2456092257052651 0.41845161677338349 1.2671798118390141 1.6311478011775755 0.45649162214249361 6.4846505094319573 6.7782692899927497 2.0930029836017638 6.8710467454511654 1.9547043577767906 1.7796357525512574 1.1272840509191155 1.4778031194582582 0.88345197611488391 2.107023979886435 4.0094303255900741 0.32618944323621768 4.7027111379429698 0.48021469870582123 0.97596174106001887 1.1399295576848087 0.10072547988966007 0.21974740433506657 3.5229674137663096 1.1078085480257867 4.0530005567707121 0.5823417492210865 8.8675101532135141 1.6961505929939447 0.093937897123395397 1.1331850921269504
leaf_count=15 24 15897 90 12 16 11767 92 37 214 30 272 58 42 43 41 23 59 41 54 188 52 60 44 92 30 94 36 11 182 28 55 40 9 3 590 123 362 33 3516 20 5 87
internal_value=0.00554505 -0.00956378 0.00477827 -0.00304134 -0.0283193 0.0331403 -0.0347874 0.00763824 0.00516382 -0.012988 0.00452126 -0.00126762 0.00495608 -0.0339711 0.0103629 -0.0175961 0.00203882 0.012098 -0.0124117 0.026538 0.0124447 0.019879 0.00371061 -0.0115604 0.00514391 -0.024666 0.0237288 -0.033715 0.0225358 -0.0382309 0.0359766 0.0118825 -0.0386416 -0.02559 -0.0274835 0.00993847 0.0256306 0.00495478 -0.0352408 0.0069463 -0.0388357 -0.0130621
internal_weight=186.483 121.092 69.1917 51.7836 51.9 65.3908 43.5011 10.4226 8.39892 4.99944 42.5176 31.7892 26.5436 2.46463 22.1513 4.39233 14.8146 8.32991 5.081 17.4081 8.45331 10.7284 4.38472 2.60509 3.34664 2.988 7.33673 9.26595 6.65742 40.1545 8.95482 2.53481 39.6743 3.93584 3.71609 2.08377 5.42316 1.37016 8.93976 3.3273 39.5735 1.55164
internal_count=34487 22151 5712 5022 16439 12336 16061 569 378 137 1483 1015 957 67 326 631 229 170 164 690 324 468 196 136 122 110 97 3539 234 15939 366 70 15911 608 605 178 432 70 3528 61 15902 129
is_linear=0
shrinkage=0.04


Tree=135
num_leaves=48
num_cat=0
split_feature=38 20 32 4 1 1 7 7 9 7 3 28 35 30 30 35 7 1 12 32 9 30 30 0 12 21 38 3 3 23 5 4 14 12 22 4 9 7 35 36 29 1 12 20 24 33 3
split_gain=47.0825 18.9756 14.3522 6.84117 6.95425 5.78617 3.98308 2.70057 2.32306 2.22457 4.17752 2.05025 1.73475 1.64053 2.45623 1.95769 1.58529 3.10012 1.9818 1.49848 1.27892 1.67905 1.05196 0.865654 0.806627 0.773955 0.958099 0.862346 0.68487 0.635456 0.534575 0.492804 0.419655 0.38598 0.311163 0.275545 0.305236 0.245544 0.242006 0.236519 0.226574 0.161487 0.0946918 0.0935534 0.0871901 0.0181572 0.00429488
threshold=0.27338087558746343 0.23854447156190875 0.45000000298023229 0.85270008444786083 0.095454547554254546 0.44949495792388922 0.71943116188049328 0.6229168474674226 0.38507877290248876 0.6944047510623933 0.91112279891967785 0.75000000000000011 0.15000000223517421 0.68611896038055431 0.79074048995971691 1.0000000180025095e-35 0.42741556465625768 0.31666667759418493 0.123230017721653 0.30952382087707525 0.84680575132370006 0.5811329483985902 0.41153609752655035 1.0000000180025095e-35 0.38279198110103613 0.12500000372529033 0.54865220189094555 0.39164614677429205 0.89635431766510021 1.0000000180025095e-35 0.19560018926858905 0.08856209367513658 -1.0000000180025095e-35 0.59492492675781261 0.42499999701976782 0.84356173872947704 0.27334994077682501 0.24607949703931811 0.25000000745058065 0.63333335518836986 0.48971560597419744 0.5634920895099641 0.45139981806278234 0.27308239042758947 0.11180555447936059 1.0000000180025095e-35 0.55303403735160839
decision_type=2 2 2 2 2 2 2 2 2 2 2 2 2 2 2 2 2 2 2 2 2 2 2 2 2 2 2 2 2 2 2 2 2 2 2 2 2 2 2 2 2 2 2 2 2 2 2
left_child=1 6 3 4 8 7 9 11 12 10 16 42 -2 24 15 -15 17 18 22 33 21 -18 -1 41 -7 26 38 -27 32 -17 -14 -21 -13 -3 -16 36 -33 -34 -10 -29 -32 -8 43 -6 -26 -25 -42
right_child=2 19 -4 -5 5 13 23 -9 25 -11 -12 28 30 14 34 29 20 -19 -20 31 -22 -23 -24 45 44 27 -28 39 -30 -31 40 35 37 -35 -36 -37 -38 -39 -40 -41 46 -43 -44 -45 -46 -47 -48
leaf_value=-0.028486262496022471 -0.026624606151464492 -0.038597752124895121 0.0379878895497009 0.032326438693390677 0.0039812011915149785 -0.0060915981770632011 0.0060677557114811858 0.013045304322241515 -0.017507951490100652 -0.035372148929428845 0.031841406831456219 -0.0080101771758974913 -0.0073487259069334437 -0.045692554421888874 0.021821377931943782 0.01567606949956131 -0.040543663681145564 0.017694063328302447 0.026340554792788479 0.01172387444091632 -0.00044335463987386041 -0.0044209002923291385 0.0037255637487372652 -0.0037887540900505335 0.0043492998691832367 0.00090923303070848725 0.019670759597658776 0.041220484377608856 -0.00077849940509272693 -0.011910662296159958 0.025333823602709131 0.0031488701078603858 -0.014560266141060523 0.0017799350719009139 -0.0035600812145419321 0.0035674463137284557 -0.021873953554685448 -0.061206463705876929 0.0041246785131767664 0.0096783766512353927 0.0017149978200796223 0.032403229108840401 0.0078101599763313739 -0.0088532580946009756 0.027823458346623281 0.0010012485258213263 -0.00082732004097740136
leaf_weight=5.4249740743544006 1.7221107170917083 37.815537372953258 49.886730803875253 11.34461111598648 0.18938739597797372 0.98461906821466794 1.4129451736807803 0.81840911018662232 1.1537802825914689 1.8775480315089215 3.6410562582314006 0.9693267485126843 0.60145495692268047 1.6369610275141897 1.8598609571345153 1.0281897312961519 3.6785058751702291 7.8341170325875282 0.23927030526101578 0.50752250268123988 5.2379727978259325 4.102157442830503 1.5520429294556377 0.48702497873455275 1.1413624188862739 1.4033831695560346 1.4924177313223479 5.2661324592772871 0.47285827924497414 1.2481443912256509 1.2060005301609638 0.35862153070047575 1.474628604832106 0.13153757341205974 0.30524762533605088 0.55062138289213169 1.6600418491289017 4.7769558293512091 0.26658825622871507 1.7371177133172748 0.29031777719501395 5.39892807463184 0.56737922970205545 0.48039496014826 2.9185777925886214 1.1067873481661079 0.5597142584156245
leaf_count=835 108 18660 10373 1602 1 36 60 40 151 31 77 52 17 70 234 130 38 52 5 19 46 32 25 4 13 56 117 198 24 40 34 35 167 5 9 7 110 278 10 25 21 256 30 102 201 100 48
internal_value=0.00461841 -0.0173529 0.0232688 0.00721708 -0.0014909 -0.0161813 0.00161614 -0.0364427 0.0176262 -0.00471215 -0.0013008 -0.0425068 -0.00543455 0.00362992 -0.009266 -0.0252293 -0.00708291 0.00172067 -0.0154349 -0.0361907 -0.0165297 -0.0254006 -0.0216701 0.0239667 0.0180588 0.0263255 0.00467152 0.0318198 -0.0490455 0.00121392 0.0124224 -0.00545707 -0.0515946 -0.0383319 0.0174818 -0.012489 -0.017243 -0.0553405 -0.0125161 0.0366264 0.0196589 0.0291963 0.00177752 -0.00397636 0.0244585 -0.000808848 0.000262119
internal_weight=180.82 83.0172 97.8027 47.9159 36.5713 20.8723 41.9933 9.74934 15.699 33.5876 31.7101 8.93093 4.3796 11.123 6.0784 3.9133 28.069 15.0504 7.21629 41.0239 13.0186 7.78066 6.97702 8.40569 5.04456 11.3194 2.91279 8.40663 7.69377 2.27633 2.65749 3.07681 7.22091 37.9471 2.16511 2.56928 2.01866 6.25158 1.42037 7.00325 2.05603 6.81187 1.23716 0.669782 4.05994 1.59381 0.850032
internal_count=34584 20397 14187 3814 2212 1427 1561 694 785 1141 1110 654 228 733 483 240 1033 917 865 18836 116 70 860 420 250 557 278 279 521 170 120 171 497 18665 243 152 145 445 161 223 103 316 133 103 214 104 69
is_linear=0
shrinkage=0.04


Tree=136
num_leaves=40
num_cat=0
split_feature=13 30 20 12 38 20 20 12 19 20 5 35 29 2 3 7 19 4 2 3 7 19 9 10 19 5 21 12 20 10 10 32 8 4 39 30 29 12 12
split_gain=48.2181 18.3059 9.45545 8.56044 5.8142 4.83156 4.59381 4.10221 2.75196 2.34717 4.06981 1.88636 1.69977 2.24954 2.32757 2.81953 2.50474 1.64672 0.894726 1.14138 1.11339 0.830439 0.948335 0.660126 0.636922 0.593265 0.501878 0.486029 0.522038 0.334637 0.284956 0.282192 0.308634 0.287814 0.211219 0.171435 0.119971 0.119887 0.00800278
threshold=0.45000000298023229 0.79074048995971691 0.52060455083847057 0.42895354330539709 0.22028702497482303 0.98449519276618969 1.0000000180025095e-35 0.16701237112283709 0.90550595521926891 0.75937646627426159 0.7228132188320161 0.15000000223517421 0.73520171642303478 0.62715834379196178 0.91112279891967785 0.70555895566940319 0.72821971774101268 0.69804355502128612 0.65142410993576061 0.83928367495536815 0.76398983597755443 0.95180022716522228 0.93957647681236278 0.13484849035739901 0.91240409016609203 0.88067796826362621 0.075000001117587103 0.49013464152812963 0.23854447156190875 0.10912698507308961 0.28174604475498205 0.30952382087707525 0.062996033579111113 0.88589513301849376 1.0000000180025095e-35 0.42813037335872656 0.99861112236976635 0.5259326994419099 0.062454279512166984
decision_type=2 2 2 2 2 2 2 2 2 2 2 2 2 2 2 2 2 2 2 2 2 2 2 2 2 2 2 2 2 2 2 2 2 2 2 2 2 2 2
left_child=1 2 4 31 6 9 12 38 11 10 37 27 21 26 16 -16 -15 -18 19 30 -20 22 -1 -10 34 -12 -14 28 -6 -9 -11 33 -33 36 -7 -23 -4 -5 -2
right_child=7 -3 3 5 8 24 -8 29 23 18 25 -13 13 14 15 -17 17 -19 20 -21 -22 35 -24 -25 -26 -27 -28 -29 -30 -31 -32 32 -34 -35 -36 -37 -38 -39 -40
leaf_value=-0.030215745738533674 -0.016016226648310407 0.027765558998574288 -0.039331756998118243 0.00026435608634630141 0.0028088717852362667 -0.063244886832343833 -0.034414737705698299 0.0021683286074072766 0.047368510037710129 -0.0015298246437851918 -0.051927544250119979 0.023541395491580845 0.02358478587047411 0.0091586352429981876 0.031254424422700031 -0.018760450447677556 -0.038156586938239569 -0.0063400369880531604 0.02979105355728276 -0.016778101402688463 -0.010171438925671017 -0.003903741044541391 0.0061317189223111046 0.0093427767337216014 -0.0018388885774008868 -0.0047253226833584997 0.00083787292755987486 0.0041523795987576297 -0.024452404252806564 0.038439100281220676 0.020846731215840894 0.0075246289347056126 -0.014356189225191381 0.00020609972757781146 -0.0090615372604859693 0.013528542290570282 -0.00021634120786944301 0.019183021013479139 -0.0021320724818384472
leaf_weight=4.7173959757201365 0.87686188193037995 16.975299152778462 33.722085240064189 0.87551120761782231 0.91458277404308175 0.62113909563049607 8.4794559549773094 0.7000607680529346 3.0642548429314047 0.73812134424224352 1.2968325139954688 2.3111501906532794 5.2161298701539662 4.3323449753224876 3.4476212412118903 1.4555080905556677 4.4979776050895435 5.9295175187289715 5.3998764525167644 1.6808855214621869 0.42668565595522512 0.42902126465924073 0.72807150520384301 2.0298057142645121 0.60267329309135664 0.9365568752400576 2.2736066244542599 1.3610145384445784 2.5583792831748724 50.4934493212495 1.6486359708942471 0.35962719586677738 0.94372497894801199 0.16050155344419081 0.79644962586462498 0.4077273290604353 0.18847272440325369 1.8838406675495205 0.93826895160600543
leaf_count=596 31 1759 16083 20 7 18 3402 6 43 17 35 68 65 34 80 46 41 43 393 59 41 64 12 66 43 49 33 47 107 10847 126 7 72 13 60 3 48 68 32
internal_value=0.00455744 -0.00916858 -0.0153829 -0.0272752 -0.0034403 -0.00327412 -0.0105621 0.035922 0.0192884 0.00600353 -0.0136118 0.00153107 -0.00323601 0.00134528 -0.0057566 0.0148473 -0.0135275 -0.0232269 0.016585 0.000781008 0.0249539 -0.0196985 -0.0247326 0.0378924 -0.04546 -0.0420507 0.0180159 -0.0118668 -0.0180365 0.0380518 0.0153459 -0.0380939 -0.00675822 -0.0389034 -0.0534585 0.00677623 -0.0391578 0.0156112 -0.013492
internal_weight=176.419 123.41 106.435 52.2816 54.1536 16.9072 41.9144 53.0086 12.2392 14.8869 4.99274 7.14513 33.4349 27.1527 19.663 4.90313 14.7598 10.4275 9.8942 4.06764 5.82656 6.28222 5.44547 5.09406 2.02026 2.23339 7.48974 4.83398 3.47296 51.1935 2.38676 35.3744 1.30335 34.0711 1.41759 0.836749 33.9106 2.75935 1.81513
internal_count=34584 23668 21909 17152 4757 929 4419 10916 338 808 172 229 1017 342 244 126 118 84 636 202 434 675 608 109 121 84 98 161 114 10853 143 16223 79 16144 78 67 16131 88 63
is_linear=0
shrinkage=0.04


Tree=137
num_leaves=43
num_cat=0
split_feature=13 30 20 11 38 20 12 14 19 24 19 19 3 6 29 2 3 19 30 34 23 12 10 19 32 6 10 3 12 24 21 3 20 36 10 38 36 30 19 3 33 12
split_gain=46.155 17.3494 9.21034 8.488 5.5373 4.45903 4.03565 3.43092 2.60968 2.52121 2.42924 1.75237 1.63514 1.8139 1.59976 2.11892 2.1942 2.36889 2.14861 1.38561 0.912244 0.902662 0.807549 0.800883 0.661341 0.658011 0.61921 0.596551 0.563391 0.559396 0.471297 0.442924 0.392408 0.447669 0.33456 0.283698 0.183653 0.168715 0.112211 0.106866 0.0246292 0.00789521
threshold=0.45000000298023229 0.79074048995971691 0.52060455083847057 0.55747640132904064 0.22028702497482303 1.0000000180025095e-35 0.16701237112283709 -1.0000000180025095e-35 0.90550595521926891 0.011050061322748663 0.97100839018821727 0.46470099687576299 0.89399582147598278 0.77693319320678722 0.73520171642303478 0.62715834379196178 0.91112279891967785 0.72821971774101268 0.72265696525573742 0.75000000000000011 1.0000000180025095e-35 0.50902664661407482 0.27525253593921667 0.95180022716522228 -1.0000000180025095e-35 0.59156423807144176 0.13484849035739901 0.93156999349594127 0.45139981806278234 0.13961988687515262 0.075000001117587103 0.84815320372581493 0.33793300390243536 0.56666669249534618 0.10912698507308961 0.60138812661170971 0.43333333730697637 0.42813037335872656 0.60922586917877208 0.82667991518974315 0.87500000000000011 0.062454279512166984
decision_type=2 2 2 2 2 2 2 2 2 2 2 2 2 2 2 2 2 2 2 2 2 2 2 2 2 2 2 2 2 2 2 2 2 2 2 2 2 2 2 2 2 2
left_child=1 2 4 21 5 14 41 28 11 22 12 -6 38 -14 23 30 17 -17 -18 -3 32 24 -9 27 -4 -19 -10 -1 -5 40 39 -23 -13 -34 -8 -22 -20 -25 -11 -16 -26 -2
right_child=6 19 3 7 8 -7 34 9 26 10 -12 20 13 -15 15 16 18 25 36 -21 35 31 -24 37 29 -27 -28 -29 -30 -31 -32 -33 33 -35 -36 -37 -38 -39 -40 -41 -42 -43
leaf_value=-0.02735561023959179 -0.015853101408942725 0.029413727694156178 0.0015244826818658806 -0.0029885410140184799 0.027744394205040462 -0.034212367849385673 0.0021393187701083732 -0.0094761185818767624 0.046267151678270432 -0.010500166892684107 0.015922616046034104 0.017005910505610969 0.019389020957370863 -0.02963916405779829 0.028649707025382554 0.008917643494831309 0.030294716229792479 -0.032421802398796142 -0.00016942119630433228 -0.01366814160208097 -0.023900878528426785 0.0096089269435168066 0.02362582574745185 -0.0038723033485864207 -0.039092033416308597 -0.0093175432423803269 0.0091536558256799377 0.0057446970431493183 0.03174208555685034 0.0031325388864649664 0.00080922854671592269 -0.014206396374452939 0.0091585913571633759 -0.016255926909395927 0.038350152626647156 -0.00031992709059533138 -0.019520516634109721 0.013418329255616859 -0.048956564455050325 0.0081406801254623792 -0.0003452497780984218 -0.0020976513417642123
leaf_weight=5.0614171009510747 0.866169137880205 16.261273253941912 0.44855759106576343 0.43570010177791063 1.3543145610019545 8.2028967752121371 0.69962877966463466 0.60545031924266224 3.0480604006443173 1.2384988027624784 1.0258515999885274 1.056418917141855 1.4630216592922805 0.46189000504091371 2.6692192647606161 4.318782556802037 3.0657894331961861 4.6852842168882471 0.99965074285864808 0.32101465947925945 2.5262671131640677 0.64991376223042552 2.1303098476491868 0.42809382313862432 34.644086404703557 5.6962827350944281 2.0198163297027349 0.31143592298030842 3.2033955273218453 0.18536903709173103 2.2736378908157349 1.4376394296996293 0.6440564382355658 0.7148287445306778 48.627259073546156 0.81092499569058407 0.77937597781419754 0.40708362031728029 2.8525475315982476 2.5384463351219893 0.12013600300997396 0.93814548477530479
leaf_count=602 31 1717 36 6 23 3402 6 45 43 26 58 26 100 31 31 34 57 42 42 42 110 35 106 64 16146 42 66 6 414 5 33 58 45 16 10847 9 27 3 81 34 5 32
internal_value=0.00446071 -0.00901772 -0.0151112 -0.0270486 -0.00331354 -0.0103207 0.0357667 0.000217612 0.0189003 -0.012011 -0.0234885 0.00153598 -0.0324648 -0.00020945 -0.00314175 0.00130207 -0.00561873 -0.0131617 0.0144892 0.0273387 -0.00894676 -0.0364932 0.0148231 -0.0191985 -0.0379948 -0.0226174 0.037049 -0.0241965 0.0273508 -0.0386039 0.0174804 -0.00525505 0.00693516 -0.00486439 0.037949 -0.0195156 -0.0130454 0.00671817 -0.0433981 0.0228828 -0.0390132 -0.0133451
internal_weight=172.228 121.097 104.514 50.9024 53.6121 41.4374 51.1312 13.4167 12.1747 9.77757 7.04181 7.10681 6.01596 1.92491 33.2345 27.0265 19.5452 14.7003 4.84482 16.5823 5.7525 37.4857 2.73576 6.20803 35.3981 10.3816 5.06788 5.37285 3.6391 34.9496 7.4813 2.08755 2.4153 1.35889 49.3269 3.33719 1.77903 0.835177 4.09105 5.20767 34.7642 1.80431
internal_count=34584 23668 21909 17152 4757 4419 10916 867 338 447 296 229 238 131 1017 342 244 118 126 1759 206 16285 151 675 16192 84 109 608 420 16156 98 93 87 61 10853 119 69 67 107 65 16151 63
is_linear=0
shrinkage=0.04


Tree=138
num_leaves=46
num_cat=0
split_feature=32 30 23 12 19 12 12 20 38 19 8 29 20 9 11 7 7 8 7 29 29 4 8 22 21 9 21 8 20 32 36 21 11 29 29 9 12 19 38 29 24 19 19 19 19
split_gain=40.5504 17.4419 8.88422 6.33485 3.91567 3.39266 3.11082 4.62097 3.45045 2.96538 2.06361 2.05769 1.8503 2.2232 1.74606 1.66425 1.62422 1.28574 1.47186 1.26604 1.25352 1.14361 0.936888 0.886888 0.859794 0.804778 0.993921 0.679951 0.554096 0.545973 0.514006 0.477224 1.09423 0.460404 0.386766 0.321715 0.279952 0.250568 0.183878 0.177193 0.124286 0.231073 0.0469149 0.14439 0.0282591
threshold=0.45000000298023229 0.79074048995971691 1.0000000180025095e-35 0.25051344931125646 0.91458967328071605 0.16701237112283709 0.5801178812980653 0.58370205760002147 0.22028702497482303 0.39339827001094824 0.46027742326259619 0.73520171642303478 0.98449519276618969 0.91331186890602123 0.19399641454219821 0.55611544847488414 0.71943116188049328 0.55646631121635448 0.18503203988075259 0.98581168055534374 0.8704299032688142 0.79205974936485302 0.72065573930740368 0.27500000596046453 0.12500000372529033 0.93957647681236278 1.0000000180025095e-35 0.54110360145568859 0.2098387032747269 -1.0000000180025095e-35 0.36666667461395269 0.12500000372529033 0.55747640132904064 0.95652776956558239 0.48032534122467047 0.76253134012222301 0.38279198110103613 0.95180022716522228 0.88907951116561901 0.90240257978439342 0.0067346938885748395 0.60660174489021312 0.82426470518112194 0.82182541489601146 0.82952776551246654
decision_type=2 2 2 2 2 2 2 2 2 2 2 2 2 2 2 2 2 2 2 2 2 2 2 2 2 2 2 2 2 2 2 2 2 2 2 2 2 2 2 2 2 2 2 2 2
left_child=1 2 6 14 9 -2 7 8 11 -5 -10 25 13 24 28 17 20 18 -13 -8 -17 -22 29 -20 34 26 37 -12 -4 -9 -19 33 -33 -31 -11 36 -6 42 -21 40 44 -42 43 -1 -36
right_child=5 -3 3 4 35 -7 19 22 10 12 27 15 -14 -15 -16 16 -18 30 23 38 21 -23 -24 -25 -26 -27 -28 -29 -30 31 -32 32 -34 -35 39 -37 -38 -39 -40 -41 41 -43 -44 -45 -46
leaf_value=-0.0076206443293275195 -0.011545920259300025 0.027725617888275669 -0.010144751155489467 0.021097671879069475 -0.0073094323129270933 0.037611776532500675 0.029711877353148421 0.0011281411314657543 0.037667865088449493 0.0014155301593420119 -0.017063709221752293 0.020771129873678577 -0.060365686629812204 0.018762137090147572 -0.038264775927981248 0.00093316663023991953 0.01358054449900269 0.0013431069673878011 0.0045348134857984687 0.0027109803645318561 -0.038553751900783445 -0.003028919992813758 0.0049929369209611094 -0.023247226537480903 -0.00011026155044722413 0.0063283448105564697 -0.034704211011794682 0.010355569175964321 0.019861571704933478 -0.041661882021948399 0.02159197191633503 -0.02155815405472301 0.017200620395946789 0.0017574254347591739 -0.0081283181667301634 0.025855742686584398 0.011321653267766726 0.008414927236414526 -0.019400125888473955 -0.002695827811424759 -0.0035217994920684515 -0.03959022354024587 -0.011706338271685006 0.0080310653985629834 -9.1342617023476401e-05
leaf_weight=0.41516856476664477 1.6404285770840932 17.382941991556436 0.5221105210948761 1.413097738521176 0.89900562679395024 44.935651656007394 4.4131870830897233 0.48420345969498058 3.9450239741709074 0.32860778691246562 1.1698300065472724 1.1390045511070699 0.69587042368948537 1.3295895988121635 30.44219790934585 3.4385561109520477 2.0941493920981875 3.072977756499311 1.97744546062313 0.17401025537401427 3.3313356200233102 2.5174182550981641 0.64412748767063099 3.4671085367444903 2.2412121687084436 0.72816280648112286 4.3855694179655984 1.4810185782844199 0.43649175926111639 5.948174636345354 6.6810561090242118 1.3722968088695777 0.49706498719751824 0.14224457275122393 0.78173088515177347 3.0674690003506839 1.1490424957592038 0.75376970949582744 0.14679238107055426 0.72469244804233302 0.7134094702778383 3.4679153596516699 0.88028335082344711 0.30676415259949863 0.39223878376651555
leaf_count=140 59 2036 40 33 42 10404 747 30 70 26 16 36 28 55 16957 46 48 34 44 32 35 54 52 62 59 12 921 56 60 1344 75 276 4 3 81 86 44 58 29 17 32 155 120 3 23
internal_value=0.00439985 -0.00779498 -0.0140493 -0.0262758 -0.00589876 0.0355269 -0.00291812 -0.00605649 -2.79903e-05 -0.0178584 0.0235238 -0.00528445 -0.0252219 -0.0149412 -0.0366026 2.70399e-05 -0.0108319 0.00798884 -0.00479536 0.0238008 -0.0177818 -0.0271002 -0.0296418 -0.013955 -0.0223831 -0.0219167 -0.0258611 -0.00282532 0.00646343 -0.0328896 0.0163241 -0.0350587 -0.00755636 -0.0400899 -0.0285811 0.0196698 0.00302113 -0.00180774 -0.0134556 -0.0305539 -0.0327389 -0.0361862 -0.0089902 -3.73037e-05 -0.00648533
internal_weight=168.17 121.594 104.211 48.6047 17.2039 46.5761 55.6067 50.8728 41.7846 12.0884 6.59587 35.1888 10.6753 9.9794 31.4008 27.7191 11.3815 16.3376 6.58356 4.73399 9.28731 5.84875 9.08811 5.44455 8.64981 7.46972 6.74156 2.65085 0.958602 8.44398 9.75403 7.95978 1.86936 6.09042 6.40859 5.11552 2.04805 2.35599 0.320803 6.07999 5.35529 4.18132 1.60222 0.721933 1.17397
internal_count=34584 24121 22085 17738 681 10463 4347 3539 1830 509 142 1688 476 448 17057 434 183 251 142 808 135 89 1709 106 393 1254 1242 72 100 1657 109 1627 280 1347 334 172 86 321 61 308 291 187 263 143 104
is_linear=0
shrinkage=0.04


Tree=139
num_leaves=46
num_cat=0
split_feature=13 30 20 10 38 20 20 38 38 5 24 10 13 38 29 2 3 7 29 1 29 31 5 29 1 29 20 5 8 8 8 8 10 20 8 10 8 4 2 4 10 3 32 4 8
split_gain=42.2078 15.4678 8.68223 6.16474 5.08775 4.23499 3.70638 3.6943 2.18729 2.15366 2.2351 2.12843 1.7949 1.69191 1.43161 1.96596 2.03167 2.69077 2.25867 1.54409 1.18213 2.3629 1.28004 1.1131 0.840575 1.03979 0.779779 0.765466 0.480065 0.544748 0.419268 0.406353 0.346571 0.30887 0.245518 0.125013 0.0797001 0.0753296 0.0745304 0.0690072 0.0647426 0.0512171 0.0208738 0.0115785 0.00422421
threshold=0.45000000298023229 0.79074048995971691 0.52060455083847057 0.31698563694953924 0.22028702497482303 1.0000000180025095e-35 0.99717512726783764 0.25480966269969946 0.70096746087074291 0.44590643048286444 0.06138147599995137 0.15075758099555972 -1.0000000180025095e-35 0.83769977092742931 0.73520171642303478 0.62715834379196178 0.91112279891967785 0.70555895566940319 0.84176135063171398 0.38750000298023229 0.89225891232490551 0.88727471232414257 0.89512962102890026 0.93026456236839306 0.44949495792388922 0.45951913297176367 0.63842603564262401 0.84680575132370006 0.059262510389089591 0.053342817351222045 0.54110360145568859 0.72065573930740368 0.080540537834167494 0.96444374322891246 0.72871574759483349 0.18350168317556384 0.63702240586280834 0.84660634398460399 0.10762548446655275 0.46247655153274542 0.075498577207326903 0.93335816264152538 0.30952382087707525 0.77836257219314586 0.99382716417312633
decision_type=2 2 2 2 2 2 2 2 2 2 2 2 2 2 2 2 2 2 2 2 2 2 2 2 2 2 2 2 2 2 2 2 2 2 2 2 2 2 2 2 2 2 2 2 2
left_child=1 2 4 8 5 14 20 40 12 11 39 -6 -4 -8 24 19 18 -18 -17 30 26 22 -22 28 25 -1 -5 -20 29 38 -16 41 -9 -28 -33 -13 -12 -36 -14 -11 -2 -30 -3 44 -25
right_child=7 42 3 6 9 -7 13 32 -10 10 36 35 23 -15 15 16 17 -19 27 -21 21 -23 -24 43 -26 -27 33 -29 31 -31 -32 34 -34 -35 37 -37 -38 -39 -40 -41 -42 -43 -44 -45 -46
leaf_value=0.0076672373065279501 -0.01447625438674364 0.02758303763413969 0.0084954438001390211 -0.0085470133279514499 0.042940503395264881 -0.0338367841223918 0.0073503837565666455 0.0010389932776708488 0.013247641388503895 -0.0015523407208951391 0.0021297126113399029 -0.0070796762092633515 -0.020482357903613614 -0.054913855566417341 -0.0082172987809283234 0.005244380783893705 0.030585984836833415 -0.018406308348412555 -0.033939467023831396 0.033498043862619724 -0.051148917372295551 0.018192830999567252 0.0061449491805109424 -0.001763008677996028 0.0029276405029505727 -0.031960345708393519 0.027659709368911531 -0.0076870044938346918 -0.039996873145660729 0.0076989301054790349 0.010496452946642611 0.0048417479537168871 0.038157663229259335 0.00080805214652085705 -0.016415825438803006 0.0048906640840239539 0.02232219842209824 0.00014301168059895162 -0.00027468509235145032 -0.026367423790106388 -0.00039707770342337442 -0.00057859400053056744 0.0069254270219587287 0.0047161306648501608 0.00086552688878163881
leaf_weight=0.58312715799547632 0.86802105139940877 14.272095290245487 0.8796426949556907 0.45312860375269881 4.6693786631803942 7.6961843819590277 0.42812021542340584 0.58861527219414611 0.77153391018509765 0.52283206838183138 0.92227456066757474 0.94012620858848128 1.4659343244275072 0.7696481216698885 2.6070699580013779 5.9447958795353797 3.3022048552520564 1.473934701643884 4.4358660709112865 2.942287428304553 0.41917104506865177 1.3294857707805929 0.36155100585892797 0.20646783569827576 1.7195556983351705 3.7691556417848915 4.9002743070013821 4.2473458666354418 31.673976190970283 0.81563575379550446 1.9029539423063395 0.44049010367598329 45.071485491702333 1.0118096033111212 1.4628019968513397 1.5090774907730518 1.6092655854299662 0.15810103365220118 0.16147615411318827 1.7655345142120493 1.111602939199656 0.071092336671425893 1.5471283085644234 0.3990304796025157 0.18506867380347103
leaf_count=77 33 1499 39 32 83 3402 45 4 24 24 16 12 357 50 54 56 80 46 34 23 27 166 54 57 19 579 382 28 15371 68 21 26 10829 63 292 59 64 18 37 80 50 8 260 26 10
internal_value=0.00431219 -0.00866371 -0.0144927 -0.0264604 -0.00301555 -0.00980591 0.00174531 0.0354447 -0.0333654 0.0184523 -0.00190147 0.030441 -0.0348369 -0.039683 -0.00289992 0.00129066 -0.00540553 0.0140579 -0.0126642 0.0168913 0.0129396 -0.00831 -0.0366395 -0.036212 -0.0182477 -0.0256371 0.0205099 -0.024169 -0.0372198 -0.00999439 0.000168152 -0.0386238 0.0377638 0.0243737 -0.00968194 0.00013153 0.0187604 -0.0147331 -0.0189533 -0.0237861 -0.0106197 -0.039923 0.0264379 0.00318079 3.3482e-05
internal_weight=164.386 116.747 100.927 48.3644 52.563 40.6245 9.67319 47.6397 38.6913 11.9385 4.81991 7.11858 37.9197 1.19777 32.9283 26.8565 19.4041 4.77614 14.628 7.45231 8.47542 2.11021 0.780722 37.0401 6.07184 4.35228 6.36521 8.68321 36.2495 2.44305 4.51002 33.8065 45.6601 5.91208 2.06139 2.4492 2.53154 1.6209 1.62741 2.28837 1.97962 31.7451 15.8192 0.790567 0.391537
internal_count=34584 23668 21909 17152 4757 4419 819 10916 16333 338 184 154 16309 95 1017 342 244 126 118 98 724 247 81 16270 675 656 477 62 16177 462 75 15715 10833 445 336 71 80 310 394 104 83 15379 1759 93 67
is_linear=0
shrinkage=0.04


Tree=140
num_leaves=46
num_cat=0
split_feature=38 20 38 20 12 32 3 30 29 9 24 29 29 29 2 4 9 3 2 2 2 11 24 19 39 19 30 24 20 32 4 11 2 20 31 35 29 32 12 12 5 24 19 3 3
split_gain=40.7152 16.8993 4.98523 6.58122 4.28228 3.9428 3.14952 2.77365 3.85505 2.76925 2.53813 2.76064 2.15495 2.25258 2.07246 2.29454 1.67393 1.46131 1.43605 2.46289 2.36388 1.43201 1.41604 1.40004 2.09361 1.02491 0.696328 0.68479 0.601176 0.595002 0.344815 0.320963 0.309149 0.267041 0.262984 0.251399 0.143395 0.14082 0.134722 0.122341 0.065093 0.687346 0.0195814 0.0131643 0.0159616
threshold=0.54865220189094555 0.58370205760002147 0.22028702497482303 0.2098387032747269 0.54181629419326793 0.36666667461395269 0.92577046155929577 0.85815533995628368 0.99861112236976635 0.94392031431198131 0.014087301678955557 0.68542656302452099 0.71671876311302196 0.77145501971244823 0.80874970555305492 0.85028737783432018 0.60566189885139476 0.91658571362495433 0.73401361703872692 0.69804355502128612 0.60107529163360607 0.5220160484313966 0.13961988687515262 0.89323708415031444 1.0000000180025095e-35 0.943650782108307 0.68209040164947521 0.033712122589349754 0.59683671593666088 -1.0000000180025095e-35 0.87138131260871898 0.66211557388305675 0.61633428931236278 0.25728431344032293 0.98896396160125744 0.45000000298023229 0.46866911649703985 0.30952382087707525 0.59492492675781261 0.17209719866514209 0.51222422719001781 0.041841737926006324 0.40967366099357611 0.93335816264152538 0.96011361479759227
decision_type=2 2 2 2 2 2 2 2 2 2 2 2 2 2 2 2 2 2 2 2 2 2 2 2 2 2 2 2 2 2 2 2 2 2 2 2 2 2 2 2 2 2 2 2 2
left_child=1 2 3 7 22 6 10 8 9 12 -2 -12 25 32 16 -16 -13 18 19 20 -15 28 29 24 33 42 -20 39 -18 -3 -19 34 -14 -4 35 43 -27 -8 -6 -5 -26 -42 -1 -31 -45
right_child=5 4 23 27 38 -7 37 -9 -10 -11 11 14 13 17 15 -17 21 30 26 -21 -22 -23 -24 -25 40 36 -28 -29 -30 31 -32 -33 -34 -35 -36 -37 -38 -39 -40 -41 41 -43 -44 44 -46
leaf_value=-0.00051558332078451246 0.02669116666646203 0.00072939315033212267 0.0017149034114209045 -0.035556286337791058 0.00011189924793999843 0.037408683951335522 0.033883489294032641 0.028996992421717015 -0.037414720875931486 0.028834709292633647 -0.038062388514870156 -0.019689978586547696 0.0062213213488526257 0.011662242283648028 -0.042197243172316913 0.014075004057883858 0.010219255514901673 0.023799910048828133 -0.029531350613675209 0.024833261943522852 -0.026543189242164901 0.03029364015288102 0.0088618581564990136 0.033351634663174513 0.023605535113976998 0.012162248195525017 -0.0048068806321165435 0.0036672562707835135 -0.016933588892034918 -0.039509408720285383 -0.00066881391559324248 -0.00014214382386415849 0.029283064149534604 -0.022412611866761828 -0.0012875532496262458 -0.00017376088814473375 -0.0035830995869215398 0.0077153130127007672 0.018642110420401918 -0.00057685578987899547 -0.0095609740284740875 0.018395783496298435 -0.032214303232104169 -0.00011257166334323225 -0.0081815120194171347
leaf_weight=0.16985961818136575 3.5624606111086932 0.47837634477764268 0.43954179296269869 8.8889579818351141 0.55326622957363625 36.409543609013781 8.12835962255485 3.7497513634152702 2.8060246137902132 3.8804361619986585 1.8292010989971448 0.73319835169240644 2.6711267912760404 3.2351658246479982 1.2838594501372429 0.90271592861972738 1.0265972102060916 1.840237712953239 3.6759402323514214 3.1446138918399811 4.3032837039791048 4.6608888467308134 0.48036435432732005 5.952577555202879 2.9343933534109965 0.40636799857020367 3.9918030602857471 0.38441789662465531 1.0910710331518201 31.732176750316285 0.86607428081333626 0.29811094701290031 2.9410873064771295 1.796988056390546 0.51136698247864742 0.24233439401723345 0.46812380896881223 1.6451138369739062 1.3824188779108224 0.059855733998120608 1.1462522465735676 1.5228337249718604 3.3027303733397275 0.3438367338385423 0.52299076039344072
leaf_count=39 273 30 8 4486 19 9940 1301 259 45 102 54 15 53 48 57 146 31 46 27 23 45 421 27 200 82 12 34 12 41 14838 49 11 23 169 29 65 71 336 251 7 19 67 579 46 33
internal_value=0.00366119 -0.0118818 0.000533415 -0.00532271 -0.0330297 0.0290155 0.0152226 0.001821 -0.00184878 0.00240041 0.00283091 -0.00663127 -0.00203576 0.00257617 0.00344788 -0.0219939 0.0135366 -0.00366146 -0.00806105 0.00147467 -0.0105879 0.020374 -0.036297 0.0206308 0.006965 -0.0240239 -0.0196323 -0.0330874 -0.00434544 -0.0373411 0.0175925 -0.0379524 0.0220083 -0.0180805 -0.0383072 -0.0387487 0.00580022 0.0312501 0.0151064 -0.0351882 0.0189643 0.00682337 -0.0315528 -0.0390375 -0.00686687
internal_weight=162.397 101.124 64.5784 50.7859 36.5452 61.273 24.8635 41.4526 37.7029 34.8969 15.09 11.5275 31.0164 26.6693 9.69833 2.18658 7.51176 21.0571 18.3508 10.6831 7.53845 6.77856 34.6096 13.7926 7.84001 4.34708 7.66774 9.33323 2.11767 34.1292 2.70631 33.6508 5.61221 2.23653 33.3527 32.8413 0.874492 9.77347 1.93569 8.94881 5.60348 2.66909 3.47259 32.599 0.866827
internal_count=34469 21854 6505 5960 15349 12615 2675 1455 1196 1151 1038 765 1049 348 711 203 508 272 177 116 93 493 15079 545 345 701 61 4505 72 15052 95 15022 76 177 15011 14982 83 1637 270 4493 168 86 618 14917 79
is_linear=0
shrinkage=0.04


Tree=141
num_leaves=53
num_cat=0
split_feature=38 23 13 19 19 1 12 19 36 36 38 3 1 1 2 11 11 4 12 8 12 29 6 3 19 8 1 3 9 32 8 29 19 13 35 19 9 8 2 6 7 12 38 3 11 19 29 11 4 11 7 8
split_gain=38.6552 16.0151 4.69166 3.78962 3.1533 2.19105 2.43824 2.08458 1.89795 1.86352 1.70159 1.6915 2.92243 2.62759 1.74949 1.92006 1.61147 1.36597 1.30945 1.53151 1.25502 1.04997 2.30823 1.28826 1.40353 1.66378 1.03508 0.98998 0.901564 0.772775 0.728145 1.06898 0.69966 0.639485 0.630017 0.593098 0.578028 0.507311 0.439458 3.76428 0.383532 0.345204 0.324775 0.313657 0.27342 0.0956029 0.0820515 0.0806709 0.0512786 0.0192329 0.00730741 0.00427667
threshold=0.54865220189094555 1.0000000180025095e-35 0.36666667461395269 0.93142634630203258 0.91010102629661571 0.5634920895099641 0.50902664661407482 0.90550595521926891 0.90000000596046459 0.2333333417773247 0.30575846135616308 0.92577046155929577 0.13392857462167743 0.44949495792388922 0.7243877947330476 0.74203693866729747 0.19399641454219821 0.93957647681236278 0.33165454864501959 0.059262510389089591 0.056022193282842643 0.71671876311302196 0.26526586711406713 0.90834251046180736 0.71081870794296276 0.69631093740463268 0.44949495792388922 0.89176484942436229 0.46986201405525213 0.30952382087707525 0.63702240586280834 0.99861112236976635 0.58102023601531994 -1.0000000180025095e-35 0.25000000745058065 0.36425061523914343 0.59720873832702648 0.46966911852359777 0.7243877947330476 0.6287311613559724 0.8853934407234193 0.30752871930599218 0.43274678289890295 0.93335816264152538 0.36593337357044226 0.60922586917877208 0.30122354626655584 0.4668662697076798 0.69282051920890819 0.46201923489570623 0.6944047510623933 0.043961353600025184
decision_type=2 2 2 2 2 2 2 2 2 2 2 2 2 2 2 2 2 2 2 2 2 2 2 2 2 2 2 2 2 2 2 2 2 2 2 2 2 2 2 2 2 2 2 2 2 2 2 2 2 2 2 2
left_child=1 3 4 5 11 6 9 30 28 27 21 12 51 45 -15 50 20 18 42 -20 -3 26 -23 24 32 -26 41 33 46 -13 -7 -32 -24 -1 48 -21 -6 -12 44 -40 -31 43 -18 -11 -30 -14 -5 -36 -35 -46 -16 -2
right_child=2 16 -4 8 36 7 -8 -9 -10 10 37 29 13 14 15 -17 17 -19 19 35 -22 22 23 -25 25 -27 -28 -29 38 40 31 -33 -34 34 47 -37 -38 -39 39 -41 -42 -43 -44 -45 49 -47 -48 -49 -50 -51 -52 -53
leaf_value=0.0025636645145462322 0.0017738418651930133 -0.016302101120803873 0.037442547007333488 0.0021499026781944333 -4.0462410181345398e-05 -0.00089492309721695101 0.02311323373889123 -0.020674662255381962 -0.016998011225695064 -0.033814998816367077 0.021107465144125058 0.026232567309770673 -0.010298447772068391 0.022384153030500512 -0.0060852658977244602 0.015034799795617695 -0.038797059667289385 0.0051100551787098061 0.012038635417892825 0.0043515518727868388 0.027932056661164922 0.02603465682384622 -0.012454371476752884 0.0094089651336353771 -0.036900138795700692 0.00078671482496778852 0.0090288919113738486 0.0072067342392270906 0.032585204319483058 0.0073806013981781715 0.030711154427153442 0.00011411493698622376 0.0097458243972872137 -0.041561288674232422 -0.0060127722276698027 -0.028570287850597769 0.032171674205835679 -0.0016562180802158499 -0.025448330467573145 0.027630156591096956 -0.01942101522476258 0.0022062091872367779 -7.6164016552828537e-05 0.0016106844560346673 0.0048711920917326587 -0.047859510507978084 -0.010982420069241118 0.0057214014066777029 -0.00069666109541957784 -0.00052608995405324611 -0.037701353709017595 0.023463427358870751
leaf_weight=0.39056059881113458 0.43483384512365075 0.63431148161180206 36.880373046034947 0.18546309613157319 0.81856882991269131 2.6023891365621221 1.8818100735079486 1.6221745130605985 1.2084643221460272 4.5083187571726802 2.3588697728700927 2.9246524448972191 1.2600675732828679 1.874774216674268 0.80763687286525987 0.98912062821909774 28.669037076935641 0.94919082848355074 1.7422404107637692 0.45332031929865513 0.44355269940569997 1.5910657002823452 2.6488391336752084 2.7433558059856287 4.8764336653985083 2.3236170860473067 0.47364624869078387 0.41962966334540386 6.4997562651988101 0.40422732057049859 4.7665987815707922 2.5847562937997282 3.2067828795406967 4.757046270184218 0.35093482246156771 3.1708516417420469 8.2115449444390816 1.9410603281576184 1.7667559541296212 4.8739256144035608 0.1435294090770185 0.14710175991058339 0.23979065008461375 0.12384191155433644 0.47039058082737017 1.8311296594329176 0.67935489164665341 0.3451801878400147 0.15542763739358623 0.50414659618400037 0.97307052067480981 1.9143479191698132
leaf_count=20 25 88 10372 33 56 19 273 43 31 1241 62 406 24 127 23 117 17067 39 16 11 6 57 35 54 122 19 6 16 183 77 197 74 37 1077 131 163 1145 39 40 289 33 2 14 1 64 54 228 14 27 16 43 113
internal_value=0.00362524 -0.0116019 0.0287464 0.000698903 0.0130203 -0.00508323 -0.00998713 0.00911822 0.016545 -0.012836 -0.00725112 0.000108585 -0.00815456 -0.0196439 0.000818648 -0.0160042 -0.0321855 -0.033665 -0.0349668 -0.0117392 0.0067872 -0.011666 -0.0057413 -0.0111138 -0.0161597 -0.0263256 -0.0253457 -0.030203 0.0207199 0.0196911 0.016303 0.021796 -0.000616516 -0.0340767 -0.036972 -0.0237916 0.0294324 0.0126319 0.0231632 0.0111388 -0.0076487 -0.0304795 -0.0384219 -0.0322435 0.0299878 -0.0410659 -0.0074638 -0.000118881 -0.0408959 0.00307444 -0.0330147 0.0219681
internal_weight=158.778 99.31 59.4679 63.0077 22.5875 46.8194 35.2435 11.5759 16.1883 33.3617 26.9429 13.5574 10.085 7.7358 4.6446 2.76983 36.3023 35.2244 34.2752 5.36641 1.07786 22.643 17.3901 15.799 13.0557 7.20005 5.25291 6.41878 14.9798 3.47241 9.95374 7.35136 5.85562 5.99915 5.60859 3.62417 9.03011 4.29993 14.115 6.64068 0.547757 4.77926 28.9088 4.63216 7.47429 3.0912 0.864818 0.696115 4.91247 0.974537 1.78071 2.34918
internal_count=34469 21854 12615 4450 2243 3566 3233 333 884 2960 1675 1042 526 388 310 183 17404 17310 17271 190 94 1574 324 267 213 141 1250 1285 853 516 290 271 72 1269 1249 174 1201 101 592 329 110 1244 17081 1242 263 78 261 145 1104 80 66 138
is_linear=0
shrinkage=0.04


Tree=142
num_leaves=47
num_cat=0
split_feature=12 20 38 38 20 33 30 23 31 3 19 19 9 2 5 9 4 31 6 2 3 6 33 19 8 9 13 14 19 11 31 11 3 33 19 31 19 2 22 5 6 3 30 2 5 12
split_gain=36.8778 14.3939 6.82298 6.02115 6.2147 3.33481 2.62627 2.52359 2.408 2.91933 1.93199 1.38424 1.8776 3.08572 1.52226 2.4963 1.88483 1.3087 2.23133 1.66725 1.59947 1.2651 1.13873 1.12688 1.09693 1.09154 1.04236 0.974067 0.681399 0.663866 0.648185 0.632979 0.584912 0.583492 0.578549 0.527577 0.370437 0.28756 0.285409 0.258108 0.201177 0.16525 0.0911879 0.0653458 0.0335825 0.0334986
threshold=0.62785097956657421 0.58847248554229747 0.43274678289890295 0.22028702497482303 0.2098387032747269 0.62500000000000011 0.85815533995628368 1.0000000180025095e-35 0.86864736676216137 0.8532681167125703 0.86425063014030468 0.94665718078613292 0.80901724100112926 0.73401361703872692 0.87026646733284008 0.8589511811733247 0.65806129574775707 0.87379801273345958 0.41471244394779211 0.49295215308666235 0.85466015338897716 0.76702895760536205 1.0000000180025095e-35 0.58411949872970592 0.65166836977005016 0.74239632487297069 0.45000000298023229 -1.0000000180025095e-35 0.86159002780914318 0.64530789852142345 0.61307922005653392 0.66211557388305675 0.93966487050056469 0.87500000000000011 0.8532998561859132 0.8425690531730653 0.86576578021049511 0.6569296419620515 0.52500000596046459 0.48934240639209753 0.81254673004150402 0.82908758521080028 0.82615056633949291 0.091431558132171645 0.63224515318870556 0.55562418699264537
decision_type=2 2 2 2 2 2 2 2 2 2 2 2 2 2 2 2 2 2 2 2 2 2 2 2 2 2 2 2 2 2 2 2 2 2 2 2 2 2 2 2 2 2 2 2 2 2
left_child=1 3 31 4 6 26 11 -2 9 37 22 14 13 24 15 17 -16 18 19 -1 41 -18 25 -10 44 30 27 34 39 -30 43 45 -23 -6 -4 -32 -19 -9 -12 -29 -24 -21 -34 -5 -13 -3
right_child=7 2 5 10 33 -7 -8 8 23 -11 38 12 -14 -15 16 -17 21 36 -20 20 -22 32 40 -25 -26 -27 -28 28 29 -31 35 -33 42 -35 -36 -37 -38 -39 -40 -41 -42 -43 -44 -45 -46 -47
leaf_value=-0.021118072555310691 0.036620359510883466 -0.038711438302288417 0.016330101450052918 -0.0028333711495873016 -0.035186356933960286 0.026696715450607984 0.028605228597089218 0.018784476264074718 -0.010739943251438892 -0.044499625432312548 0.035678362641195137 -0.01057381617629112 0.029999775793498783 -0.032467101455736495 0.0086691668726790704 0.030136646878174442 -0.039916089944081946 -0.0011575645800880128 -0.029701152191201896 0.028177732418542791 -0.015982519414775659 0.0061742752960932583 0.02326284026448398 0.029882287054298132 0.029565338691004975 0.013638303304149309 0.012805901989334996 -0.0056764382358177132 -0.015064181338441427 0.013460499382054054 -0.031491657902976408 0.0037650809044057466 -0.0013658457132323975 0.00084850642699718941 -0.010208526525031583 0.0020944046435448487 0.015677804276643805 -0.0027587241962623559 0.0056573404362386523 -0.037768203906471697 0.00033402129923224 0.00425437814311053 -0.022256551018864444 0.0065426072398765767 -0.00012609040753298106 -0.00047700561084381598
leaf_weight=1.7352248854003933 39.306602883618325 27.962116237322341 0.93404207495041136 0.64741101348772845 8.2859700045082683 3.0183092078659675 3.5974933006800702 1.3516233558766542 0.39873984456062306 0.99310552887618531 7.652741350932045 0.56656572641804759 3.0870208060368896 1.8369477912783621 2.3079012725502235 2.2901313425973049 3.539729873649776 2.9322439534589639 4.8319821674376726 2.7520893916953355 0.94525972101837386 2.1465164544060831 2.8051748856669296 4.426702281460166 1.9680012036114929 1.8145125196315346 0.78886365308426398 1.2008066820562788 1.3749796409392732 0.78073894348926831 1.6614151262911039 0.21280802926048537 0.83549727406352736 0.57782229594886381 1.1980425170622764 0.53948013472836454 3.006360980682075 0.70270718168467272 1.3487522683572022 2.950408713426441 0.51496881479397405 1.3938403970096258 0.70146677177399397 0.93590386037249118 0.33133868128061295 0.076768317725508406
leaf_count=507 11155 14812 26 18 4572 537 259 51 13 30 449 82 78 15 24 21 45 33 63 102 19 43 144 431 11 68 92 22 58 29 101 10 36 17 49 25 27 35 71 88 57 52 33 50 5 4
internal_value=0.00357294 -0.00931737 -0.027713 0.00203803 -0.00517214 -0.00214143 0.0017429 0.0325219 0.00927279 -0.0142005 0.0209794 -0.00182231 0.0117002 -0.00432164 -0.00586934 0.000592969 -0.0177785 -0.00523388 -0.0125611 0.00248898 0.0138575 -0.0266319 0.00590072 0.0242735 0.0181934 -0.00492523 -0.0141894 -0.0185692 -0.0251889 -0.00299468 -0.0156148 -0.0380657 -0.00572853 -0.0328376 0.00264106 -0.0249421 0.00849038 0.0125121 0.0327648 -0.0326131 0.0203753 0.0236409 -0.0176087 0.00243242 -0.00819588 -0.0386375
internal_weight=155.267 108.088 40.4979 67.5898 49.6694 12.2462 40.8056 47.1795 7.87288 3.04744 17.9204 37.2081 7.78987 4.70285 29.4182 19.8871 9.53111 17.597 11.6584 6.82641 5.09119 7.22321 8.91887 4.82544 2.86591 5.59872 9.22788 8.43902 6.30693 2.15572 3.78421 28.2517 3.68348 8.86379 2.13208 2.2009 5.9386 2.05433 9.00149 4.15122 3.32014 4.14593 1.53696 1.58331 0.897904 28.0389
internal_count=34469 22754 15727 7027 6044 901 1455 11715 560 116 983 1196 191 113 1005 824 181 803 743 680 173 157 463 444 98 262 364 272 197 87 194 14826 112 4589 75 126 60 86 520 110 201 154 69 68 87 14816
is_linear=0
shrinkage=0.04


Tree=143
num_leaves=49
num_cat=0
split_feature=12 20 38 38 20 13 23 30 29 31 19 29 2 8 19 4 19 1 19 19 2 2 2 31 31 19 8 29 31 5 29 24 11 24 19 22 8 22 5 29 19 19 8 5 12 8 6 12
split_gain=35.1152 13.7627 6.64362 5.70555 5.97332 3.14424 2.53591 2.53151 3.52932 2.32568 1.83734 1.77729 1.80226 2.40277 2.02994 1.77113 1.27844 1.88821 1.38827 1.25676 1.82486 1.30728 1.70185 1.50724 1.17529 1.10787 1.08425 1.99654 1.01514 0.703806 0.68458 0.652527 0.626115 0.61207 0.526062 0.413659 0.379666 0.271959 0.267892 0.232152 0.22997 0.226646 0.225521 0.0978604 0.0936698 0.0761141 0.0674728 0.0346737
threshold=0.62785097956657421 0.58847248554229747 0.43274678289890295 0.22028702497482303 0.2098387032747269 0.45000000298023229 1.0000000180025095e-35 0.85815533995628368 0.99861112236976635 0.86864736676216137 0.86425063014030468 0.91119542717933666 0.76028168201446544 0.81872946023941051 0.95180022716522228 0.56773442029953014 0.93405798077583324 0.58571431040763866 0.93142634630203258 0.58411949872970592 0.53694942593574535 0.51113310456275951 0.49295215308666235 0.87704071402549755 0.94286227226257335 0.58411949872970592 0.67083334922790538 0.54086399078369152 0.88019788265228283 0.48934240639209753 0.87837961316108715 0.033712122589349754 0.66211557388305675 0.11803405731916429 0.68496242165565502 1.0000000180025095e-35 0.59675306081771862 0.52500000596046459 0.83609226346015941 0.99861112236976635 0.87367022037506115 0.87939393520355236 0.73401361703872692 0.087595909833908095 0.16254703700542453 0.53427231311798107 0.31039105355739599 0.55562418699264537
decision_type=2 2 2 2 2 2 2 2 2 2 2 2 2 2 2 2 2 2 2 2 2 2 2 2 2 2 2 2 2 2 2 2 2 2 2 2 2 2 2 2 2 2 2 2 2 2 2 2
left_child=1 3 32 4 7 24 -2 8 11 15 26 12 14 -14 16 -8 17 18 19 20 -1 22 -21 40 29 -11 27 43 -15 -4 -29 44 33 47 -31 -17 45 -12 -13 -28 -23 -36 -43 -5 -6 46 -16 -3
right_child=6 2 5 10 31 -7 9 -9 -10 25 37 38 13 28 36 35 -18 -19 -20 21 -22 23 -24 -25 -26 -27 39 30 -30 34 -32 -33 -34 -35 41 -37 -38 -39 -40 -41 -42 42 -44 -45 -46 -47 -48 -49
leaf_value=-0.016813637581790702 0.03649241937088285 -0.03911161834072252 0.0013567112123411514 0.00031814957689261597 -0.035084412505256887 0.026238408829950433 0.015317347991040405 0.028344007551029237 -0.035406272600123224 -0.010632736924807637 0.035030360434076056 0.0019498088218080031 -0.031757420739463582 -0.012051908640100925 -0.0075115397280298814 -0.037100255877266737 -0.029451538216697718 0.027065197545352662 0.023905341591847401 -0.016997618177984092 0.026734123789010415 -0.037075506880429925 0.028558213194523722 0.0016164827355791603 0.013927244634298105 0.029639727923390133 0.024266243342927228 -0.029894423165279252 0.021696161308904373 -0.00026215877299447644 0.0041516963927750138 0.003575994462490688 0.0037540826315416265 0.0030688501129828615 -0.033886425320970553 -0.0011655962186662378 0.030745403123829652 0.005552124193098089 0.026189389545066884 -1.3424826679739114e-05 -0.0080547479601726767 -0.013661241805332637 0.0040013804236243714 0.017848107829743304 -0.00053481416404470988 0.0076207512980045215 0.0028539708379358903 -0.00045921634595467553
leaf_weight=1.2872855879832177 37.900288190925494 26.767521721194509 1.8370469873188957 0.86389923316892447 8.1641286978265217 2.9357696708757421 1.0054680015891784 3.5015506055206052 2.8947326643392435 0.4027419164776801 7.5131565055344236 1.2810047939419735 4.4675409998744717 1.0688753146678212 0.38415399263612815 1.2320515103638174 0.87514183041639526 2.1899649389088145 0.88658550567925054 1.1492314259521657 2.0528143877163529 3.7104835277423245 1.1433609116356818 2.7167999651283026 0.86522271181456822 4.2992768944241107 2.4336883558426057 2.2599698811536659 1.7969882227480409 1.1467430447228251 0.63401054427959014 0.37207960593514222 0.21211267448961635 0.24690951779484649 3.3216299132909626 0.82171510625630606 2.884144052863121 1.3460325796622781 3.4374492145143449 0.48941867984831322 1.7442601483780888 1.2075205455766989 0.77333686919882882 2.1590528044616804 0.055071395589039507 0.59560708119533956 0.50067060487344861 0.076761914882807925
leaf_count=181 11155 14806 38 25 4568 579 38 259 45 13 449 8 35 21 68 39 26 21 7 332 29 125 30 26 71 431 151 147 75 41 20 12 10 6 91 39 23 71 98 33 32 38 43 87 9 6 8 4
internal_value=0.00351681 -0.00910403 -0.0273891 0.00200394 -0.00504594 -0.002063 0.0322813 0.00169522 -0.00178645 0.00893373 0.0205519 0.00239343 -0.00156506 -0.0169335 0.0042019 -0.0139754 -0.00224538 0.00138158 -0.004498 -0.00866693 0.00943482 -0.0150886 0.00740454 -0.0218111 -0.0137612 0.0239437 0.00577852 -0.00419138 0.00848546 -0.0186608 -0.0228776 -0.03259 -0.0378425 -0.0384295 -0.0238564 -0.029506 0.0246099 0.0321412 0.021803 0.0209295 -0.0316906 -0.0280874 -0.00753028 0.0148907 -0.0347629 0.00287589 -0.0026509 -0.0390334
internal_weight=151.911 106.25 39.3906 66.8592 49.1599 12.0873 45.6615 40.5686 37.0671 7.76125 17.6992 34.1724 29.4539 7.3334 22.1205 3.05923 17.7559 16.8808 14.6908 13.8042 3.3401 10.4641 2.29259 8.17154 9.1515 4.70202 8.84004 5.91693 2.86586 8.28628 2.89398 8.59128 27.3033 27.0912 6.44923 2.05377 4.36458 8.85919 4.71845 2.92311 5.45474 5.30249 1.98086 3.02295 8.2192 1.48043 0.884825 26.8443
internal_count=34469 22754 15727 7027 6044 901 11715 1455 1196 560 983 1151 1045 131 914 116 809 783 762 755 210 545 362 183 322 444 463 279 96 251 167 4589 14826 14816 213 78 105 520 106 184 157 172 81 112 4577 82 76 14810
is_linear=0
shrinkage=0.04


Tree=144
num_leaves=47
num_cat=0
split_feature=10 20 10 38 20 23 30 29 9 4 11 29 29 4 19 33 3 2 2 2 10 31 11 2 29 19 24 24 30 1 19 8 2 10 10 22 2 9 1 20 23 31 12 19 4 30
split_gain=33.7029 13.8429 6.52962 5.33757 5.75204 3.44818 2.43328 3.30412 2.53026 2.34673 2.00765 1.94547 2.01848 1.84668 1.68917 1.48229 1.35249 1.27145 2.20203 2.0979 1.26277 1.12322 1.04694 1.00875 1.0534 0.888297 0.721968 0.643647 0.560775 0.432514 0.726711 0.360259 0.309563 0.279167 0.395414 0.379092 0.278999 0.274268 0.270863 0.246487 0.214556 0.211527 0.0911591 0.025244 0.00751288 0.00565271
threshold=0.34166666865348821 0.58847248554229747 0.21583850681781772 0.22028702497482303 0.2098387032747269 1.0000000180025095e-35 0.85815533995628368 0.99861112236976635 0.94392031431198131 0.81302964687347423 0.64530789852142345 0.71671876311302196 0.77145501971244823 0.56773442029953014 0.89323708415031444 1.0000000180025095e-35 0.91658571362495433 0.73401361703872692 0.69804355502128612 0.60107529163360607 0.098387096077203764 0.86864736676216137 0.71671482920646679 0.51316702365875255 0.54086399078369152 0.943650782108307 0.125657893717289 0.033712122589349754 0.68209040164947521 0.10555555671453477 0.84877073764801036 0.89725545048713695 0.74239632487297069 0.23303167521953586 0.23669467866420749 0.52500000596046459 0.61633428931236278 0.55625879764556896 0.31666667759418493 0.23854447156190875 1.0000000180025095e-35 0.99327683448791515 0.16254703700542453 0.40967366099357611 0.10367219150066377 0.87675428390502941
decision_type=2 2 2 2 2 2 2 2 2 2 2 2 2 2 2 2 2 2 2 2 2 2 2 2 2 2 2 2 2 2 2 2 2 2 2 2 2 2 2 2 2 2 2 2 2 2
left_child=1 3 10 4 6 -2 7 8 11 13 26 25 36 -7 20 22 17 18 19 -14 39 -15 29 24 44 43 41 42 -19 -4 -31 -18 -23 35 -35 -16 -13 -17 -27 -5 -25 45 -6 -1 -22 -3
right_child=5 2 15 14 27 9 -8 -9 -10 -11 -12 12 16 21 33 37 31 28 -20 -21 23 32 -24 40 -26 38 -28 -29 -30 30 -32 -33 -34 34 -36 -37 -38 -39 -40 -41 -42 -43 -44 -45 -46 -47
leaf_value=-0.00043970753220963553 0.036472524804801447 -0.039466831326834123 -0.00018718150088327553 0.0024533832122968068 -0.034884381788425629 0.013480786278943467 0.028083226768650986 -0.033965989111749154 0.028158777919628588 0.026476672902637017 0.011652250139144784 0.0058830501801656401 0.011043315633600826 -0.039964208256574138 0.039707621603615163 0.00013882741179386802 0.023564946775477616 -0.027767596061142433 0.023722333054328786 -0.025296921985766017 0.0025842011908158943 -0.0095428535837631945 0.014350411454038934 0.029134589617206941 -0.018364112190780626 -0.0071784119333769669 0.0043404944539132753 0.0035520630241646606 -0.0048980623449943542 -0.034043131209415448 0.00084214342429897481 -0.0011534439337873516 0.011947892925920136 -0.010135101152616406 0.01451093119962555 0.0032420227356107856 0.027959536884329509 0.024481517518032864 0.014006986035023516 -0.020650267564205384 0.0022451518606039726 -0.0012135590973505505 -0.00053169924416294047 -0.031018765386335613 0.014317999463207526 -0.0011853458549073738
leaf_weight=0.16327378572896423 37.771792918210849 27.64800079754788 1.6127010260242949 0.37281127274036663 7.8965192695613933 1.7270842352882017 3.4088928988203397 2.9603497618809334 3.6805349937640122 3.0411466783843935 0.63770151906646688 2.6484746132046011 3.1477801590226644 1.587225800380111 5.2549290717579415 0.7379720013123009 1.7791595864109688 3.5911921281367531 3.0292373113334179 4.1997911753132939 1.3454552297480389 0.46090326225385048 0.90905533568002272 2.955910242395476 1.4982561105862258 0.38559914589859534 0.24140444118529458 0.37148512247949828 3.911503653973341 1.5855854810215535 1.0361773343756793 0.8466811324469744 0.70727484114468098 0.33001264324411728 0.92806758102960885 0.8508250662125646 2.8839609883725643 2.3367394565138966 0.47620095498859882 1.2336062566610051 0.9739299319917335 0.43363918783143063 0.054370896657928713 3.1259281734237447 1.6189592186128718 0.19236293528228898
leaf_count=39 11565 14860 29 5 4568 55 259 45 102 370 26 53 48 36 188 22 45 27 23 45 41 21 79 187 32 80 19 12 34 31 58 50 53 11 158 47 23 261 3 151 35 25 9 579 41 19
internal_value=0.00348233 -0.0091426 -0.0280801 0.00194895 -0.00489538 0.0316853 0.00169363 -0.00171172 0.00238978 0.00537476 -0.0365812 -0.00188567 0.00252038 -0.0116774 0.0200628 0.00285408 -0.00348889 -0.00778438 0.0013376 -0.0101624 0.00726534 -0.0272193 -0.00939139 0.0136239 2.62768e-05 -0.0231613 -0.0382605 -0.0323433 -0.0187442 -0.0174079 -0.0242569 0.0171321 0.00178209 0.0330537 0.00543939 0.036373 0.0209935 0.02013 0.00500029 -0.015769 0.0251766 -0.0389018 -0.0345605 -0.0303398 0.0119606 -0.039334
internal_weight=148.59 103.295 37.3713 65.9237 48.5609 45.2954 40.2386 36.8297 33.8693 7.52363 29.1531 30.1888 26.0378 4.48249 17.3628 8.21823 20.5053 17.8795 10.3768 7.34757 9.99893 2.7554 5.14352 8.39251 4.46267 4.151 28.5154 8.32238 7.5027 4.23446 2.62176 2.62584 1.16818 7.36383 1.25808 6.10575 5.53244 3.07471 0.8618 1.60642 3.92984 28.274 7.95089 3.2892 2.96441 27.8404
internal_count=34469 22369 15429 6940 6044 12100 1455 1196 1151 535 14949 1049 348 165 896 480 272 177 116 93 492 110 197 336 114 701 14923 4589 61 118 89 95 74 404 169 235 76 283 83 156 222 14904 4577 618 82 14879
is_linear=0
shrinkage=0.04


Tree=145
num_leaves=48
num_cat=0
split_feature=10 20 33 10 9 34 8 20 11 38 8 4 28 19 32 10 9 9 1 19 9 13 8 19 29 10 8 3 36 8 6 29 36 36 19 20 29 1 4 12 20 21 7 19 12 3 12
split_gain=31.372 16.9779 6.17881 5.73487 6.84883 3.54875 3.25121 3.09491 2.44273 2.25533 1.95622 2.56781 1.74701 1.80941 1.62051 1.40016 1.33697 1.3353 1.30131 1.18565 1.3364 1.12758 1.02063 1.01435 0.789707 0.781954 0.694566 1.45421 1.07074 0.851781 0.680978 0.612696 0.776178 0.512788 0.448515 0.402282 0.385827 0.362864 0.361269 0.248746 0.238366 0.210334 0.139799 0.0631046 0.0371294 0.0331153 0.0210111
threshold=0.21583850681781772 0.58370205760002147 1.0000000180025095e-35 0.10435571894049646 0.55217784643173229 0.75000000000000011 0.76028168201446544 0.8464345932006837 0.64530789852142345 0.874058097600937 0.56294015049934398 0.50316455960273754 0.75000000000000011 0.92403846979141246 0.15476191043853763 0.14550264924764636 0.94392031431198131 0.76253134012222301 0.19090909510850909 0.48912529647350317 0.67041200399398815 0.58571431040763866 0.94804319739341747 0.78817018866539013 0.66667196154594432 0.15894736349582675 0.81872946023941051 0.87715959548950206 0.76666668057441723 0.7103942632675172 0.59156423807144176 0.99861112236976635 0.76666668057441723 0.83333334326744091 0.61326980590820324 0.49029034376144415 0.80063432455062877 0.44949495792388922 0.91010102629661571 0.38279198110103613 0.79915967583656322 0.075000001117587103 0.70744141936302196 0.93405798077583324 0.45139981806278234 0.99148550629615795 0.5259326994419099
decision_type=2 2 2 2 2 2 2 2 2 2 2 2 2 2 2 2 2 2 2 2 2 2 2 2 2 2 2 2 2 2 2 2 2 2 2 2 2 2 2 2 2 2 2 2 2 2 2
left_child=1 3 5 4 37 6 7 40 38 17 11 19 -12 22 23 41 24 -7 -8 -6 -21 -16 26 34 -13 -17 27 28 -14 -29 36 32 -24 -32 -9 -27 -15 -1 -3 -20 -2 -5 -28 -42 -4 -40 -25
right_child=2 8 44 15 10 9 18 14 -10 -11 12 16 13 30 21 25 -18 -19 39 20 -22 -23 31 46 -26 35 42 29 -30 -31 33 -33 -34 -35 -36 -37 -38 -39 45 -41 43 -43 -44 -45 -46 -47 -48
leaf_value=-0.034685232740558507 0.023106837844412961 -0.038668674277277874 0.0131226263639284 0.01084244851145896 -0.015604396702494862 0.0036371280470747958 -0.011531858630039679 0.002191038306691249 0.013564800450297581 0.010500301169311053 0.028787087103514998 0.0053237931409888641 -0.028064148075827192 0.010819150112204683 -0.053071550775514897 -0.010591154812664682 0.008896570794464825 -0.066327019122099901 6.5080947361044681e-05 -0.011664239236498071 0.029355608554006887 0.0044459563090887147 0.025668498955119058 0.00022425996056027616 -0.032458095049842067 0.02002007577644958 -0.0051628592733065585 -0.0051634264271486112 0.0092845780171239047 0.019680164820266681 0.028580953463053321 -0.0050867985975600848 -0.0060386015288274933 -0.001065308859827602 -0.025215066349871248 -0.0037850206803746928 -0.0093962400741134048 0.0021179155949833561 0.0017062015186145045 0.033652064058548897 0.0052019538544018926 0.040862542573372393 -0.032022746610669943 -0.0047751872395816785 0.037359869781613611 -0.0055521457741982373 0.016750587209339574
leaf_weight=8.8565467663574928 2.8094037396367697 26.131909498071771 2.4790574673097572 2.0217276994371769 0.73051771998870929 0.24598011421039589 0.35893468512222071 0.88456488144584033 0.77820148319005866 0.61345263919793069 3.8411858541658175 0.41185256093740452 2.9639382765162794 1.3568774496670806 1.1647960175760088 1.6177006694488225 0.95237551536411036 0.52011085860431194 0.20927229104563405 0.68688940163701806 3.0043943106429651 0.28116815094836045 2.3523344839923079 0.27363646263256658 6.0298934692982584 2.8489168996457015 1.325958332861773 3.1611065252218395 0.71655991428997357 2.8270609491737559 4.3643101358320564 2.2172427698969841 0.90368418395519245 0.78000325616449107 1.0481100059114394 0.7339364927029236 1.4812760578934101 0.14532347675412971 0.36899999203160305 7.8159814642276615 0.45622601616196323 4.4956066177692264 0.94199576345272351 0.47632303694263101 34.738292496884242 0.39996747253462672 1.137587259756401
leaf_count=4540 184 14900 173 81 54 50 29 31 29 155 71 45 217 37 76 27 8 37 5 134 34 91 95 7 351 151 26 42 17 54 256 51 23 24 33 22 23 3 31 1515 41 49 49 25 10246 31 127
internal_value=0.00402281 -0.0105883 0.0272596 0.00122868 -0.00479403 0.00728648 0.0133469 -0.00389269 -0.0357353 -0.0344835 0.0024475 -0.0103806 0.0079556 0.00328952 -0.0224681 0.0247244 -0.0232259 -0.054757 0.0290241 0.0111514 0.0199694 -0.0441104 -0.00396464 -0.00194954 -0.0291155 0.00613024 -0.0102264 -0.00368646 -0.0196447 0.00785619 0.0174257 0.00863174 0.0171399 0.0244491 -0.0164316 0.0149386 0.000282798 -0.0336323 -0.0378796 0.0326456 0.0191043 0.0354287 -0.0249756 0.00015532 0.0363658 -0.00238875 0.0154739
internal_weight=144.961 89.4483 55.5129 61.7692 50.0513 18.2955 16.916 8.53182 27.6791 1.37954 41.0495 11.8159 29.2335 25.3923 4.78986 11.7179 7.39412 0.766091 8.38419 4.4218 3.69128 1.44596 17.4099 3.3439 6.44175 5.20055 11.9366 9.66867 3.6805 5.98817 7.98247 5.47326 3.25602 5.14431 1.93267 3.58285 2.83815 9.00187 26.9009 8.02525 3.74195 6.51733 2.26795 0.932549 37.2173 0.768967 1.41122
internal_count=34300 21475 12825 6484 6154 2406 2164 615 14991 242 1611 626 985 914 365 330 404 87 1549 222 168 167 574 198 396 200 405 330 234 96 340 169 118 280 64 173 60 4543 14962 1520 250 130 75 66 10419 62 134
is_linear=0
shrinkage=0.04


Tree=146
num_leaves=44
num_cat=0
split_feature=10 9 10 5 21 4 23 6 14 33 6 31 4 29 3 2 31 11 2 29 29 2 2 11 3 32 29 31 11 29 13 21 6 31 5 9 10 25 31 3 3 9 28
split_gain=29.7124 13.6102 4.90976 4.09595 3.39972 3.20221 3.04378 2.58632 2.29303 3.14711 2.2228 2.15663 2.00129 1.88088 2.37187 1.80015 1.58582 1.09411 0.977144 0.934145 1.13502 1.69723 0.820466 0.808111 0.723159 0.672911 0.539587 0.751087 0.532924 0.526537 0.45228 0.481881 0.441484 0.315757 0.296975 0.287689 0.237719 0.227067 0.15448 0.106294 0.0997433 0.0803672 0.0447755
threshold=0.34166666865348821 0.65345367789268505 0.10912698507308961 0.51222422719001781 0.075000001117587103 0.91010102629661571 1.0000000180025095e-35 0.36427621543407446 1.0000000180025095e-35 1.0000000180025095e-35 0.59156423807144176 0.39742122590541845 0.52240803837776195 0.99861112236976635 0.91112279891967785 0.76993650197982799 0.87704071402549755 0.72391104698181163 0.87585616111755382 0.76323142647743236 0.84176135063171398 0.61633428931236278 0.8941769301891328 1.0000000180025095e-35 0.89957937598228466 0.45000000298023229 0.50548881292343151 0.67256087064743053 0.95898419618606578 0.81086421012878429 -1.0000000180025095e-35 0.075000001117587103 0.37464404106140142 0.88727471232414257 0.9634092152118684 0.33520600199699407 0.098387096077203764 1.0000000180025095e-35 0.94286227226257335 0.48772154748439794 0.87952226400375377 0.5604878067970277 1.0000000180025095e-35
decision_type=2 2 2 2 2 2 2 2 2 2 2 2 2 2 2 2 2 2 2 2 2 2 2 2 2 2 2 2 2 2 2 2 2 2 2 2 2 2 2 2 2 2 2
left_child=1 2 7 -3 32 8 -2 -1 9 17 12 35 -8 14 15 16 19 25 -16 -11 29 -22 -20 -9 -15 30 -13 -28 -12 -21 -5 37 39 -18 -30 -6 -10 38 -32 -4 42 -37 -33
right_child=6 3 4 5 11 -7 10 23 36 13 28 26 -14 24 18 -17 33 -19 22 20 21 -23 -24 -25 -26 -27 27 -29 34 -31 31 40 -34 -35 -36 41 -38 -39 -40 -41 -42 -43 -44
leaf_value=-0.038042182888465684 0.036180349175118899 0.038085136829578863 -0.00054369516986753038 -0.002872161998438635 -0.0216728637759637 0.024000971768588186 0.012572936440083331 0.012685775929541903 0.00016956331422539794 -0.020368519133397479 0.027876280748606503 0.028633335322150576 -0.032605040082413259 0.00077210285248507904 0.031729798349972235 -0.020272720836368809 0.02700953384075078 0.010540250118738319 -0.019281324065359155 0.00012805624299411664 0.011602135947675608 -0.027410730689977091 0.014047628061926463 -0.016564388228113305 -0.028302181196722755 0.0048382716449003335 -0.014254991193387004 0.016308480042083101 -0.013023729446107458 0.022876634575098712 -0.036828443034601241 0.0006682972553917301 -0.00020810174241286684 0.0053949940005678784 0.0089060399175091426 0.0042206079610770915 0.026946708680173476 -0.00026513006351793259 -0.00045564254647613363 -0.03426809689367586 0.0043164618974166685 -0.0056008377579473446 -0.010052062893515155
leaf_weight=25.349123056046668 34.888497612206265 3.7996413994114837 0.16843607358168755 1.5118955383077217 1.1522672235732883 6.8640804877504698 1.6177639923989766 2.0129962831269945 0.39423789456486646 2.3704397239489579 3.5118965394794941 3.8996485857060179 1.859411180950701 1.5983569175004948 4.5183057407848528 4.5645222123712292 2.7655487277079365 0.58199731167405921 0.60746727837249626 2.5749896932393295 1.9662467471789566 2.2762398818740621 1.0343519870657472 1.1384151026140896 2.75954026915133 0.52150281984359104 0.91534104791935567 1.169427767046727 0.33427744731307019 2.4312983331037685 6.5846558457706106 0.166313561145216 0.7026865076040848 2.9415359401609749 0.49735135678201914 1.0137124600587415 2.7158560757525265 0.31131352041847993 0.18726649845484633 3.3047585648600943 0.49252128088846803 1.0695649590343235 0.59442488581407815
leaf_count=16927 11435 112 39 22 18 750 40 44 7 103 386 119 47 21 120 53 32 21 20 59 21 64 67 733 62 31 111 49 18 44 1431 31 46 45 57 37 254 34 19 341 87 23 320
internal_value=0.00395324 -0.00809286 -0.0249996 0.00459277 -0.00418802 0.00118845 0.0312562 -0.0340182 -0.00278866 -0.00550546 0.00679829 0.0093261 -0.0136643 0.000957037 0.00507412 -0.00143774 0.00465584 -0.0225951 0.0241895 -0.00386559 0.00244508 -0.0105609 -0.000792647 -8.68032e-06 -0.0196163 -0.0257594 0.0218522 0.00207823 0.0228255 0.013702 -0.0280087 -0.0312436 -0.0289261 0.0194694 -0.00166931 -0.0129332 0.0240529 -0.034732 -0.0359958 -0.0331654 -0.00266996 -0.000630949 -0.00788819
internal_weight=141.74 99.0309 41.8964 57.1346 13.3958 53.3349 42.7092 28.5005 46.4708 43.3607 7.8207 9.21996 3.47718 32.4088 28.0509 21.8908 17.3263 10.9519 6.16013 11.6192 9.24877 4.24249 1.64182 3.15141 4.3579 10.3699 5.98442 2.08477 4.34353 5.00629 9.84839 8.3365 4.17588 5.70708 0.831629 3.23554 3.11009 7.08324 6.77192 3.47319 1.25326 2.08328 0.760738
internal_count=34300 22317 18487 3830 783 3718 11983 17704 2968 2707 548 357 87 711 628 421 368 1996 207 291 188 85 87 777 83 1975 279 160 461 103 1944 1922 426 77 75 78 261 1484 1450 380 438 60 351
is_linear=0
shrinkage=0.04


Tree=147
num_leaves=47
num_cat=0
split_feature=10 20 33 10 9 34 8 20 11 38 8 4 3 24 10 24 9 31 4 12 9 2 2 24 9 29 31 29 24 29 29 6 2 2 31 29 8 20 10 21 20 11 20 31 31 12
split_gain=28.3248 15.9881 6.12803 5.27114 6.31708 3.44065 3.1021 2.96214 2.31853 2.11711 1.81665 2.35414 1.51512 1.36693 1.29163 1.26153 1.25225 1.10816 1.24962 0.919649 0.872723 0.83749 1.8042 0.781528 0.757148 0.749219 0.673452 1.86322 0.643716 0.626374 0.621683 0.593109 0.749373 0.743598 0.591172 0.394826 0.313929 0.219599 0.218723 0.167745 0.165553 0.146839 0.0739911 0.0515052 0.574516 0.0393329
threshold=0.21583850681781772 0.58370205760002147 1.0000000180025095e-35 0.10435571894049646 0.55217784643173229 0.75000000000000011 0.76028168201446544 0.8464345932006837 0.64530789852142345 0.874058097600937 0.56294015049934398 0.50316455960273754 0.82131657004356395 0.10811688378453256 0.14550264924764636 0.14415584504604342 0.94392031431198131 0.82755216956138622 0.63702240586280834 0.59492492675781261 0.67041200399398815 0.77459675073623668 0.90366768836975109 0.12183055281639101 0.73375529050827037 0.66667196154594432 0.89850071072578441 0.99861112236976635 0.125657893717289 0.89906084537506115 0.76323142647743236 0.58512848615646373 0.72046512365341198 0.6569296419620515 0.91035637259483349 0.77447751164436351 0.74352160096168529 0.79915967583656322 0.16333333402872088 0.075000001117587103 0.44220647215843206 0.86499059200286876 0.80498141050338756 0.983963042497635 0.99157801270484935 0.45139981806278234
decision_type=2 2 2 2 2 2 2 2 2 2 2 2 2 2 2 2 2 2 2 2 2 2 2 2 2 2 2 2 2 2 2 2 2 2 2 2 2 2 2 2 2 2 2 2 2 2
left_child=1 3 5 4 36 6 7 37 28 15 11 20 19 -8 39 -7 25 18 30 -9 -6 29 26 -14 38 -13 -23 34 -3 31 -12 32 33 35 -28 -19 -1 -2 -16 -5 -26 -25 -39 -24 -45 -4
right_child=2 8 45 14 10 9 13 12 -10 -11 17 16 23 -15 24 -17 -18 21 -20 -21 -22 22 43 41 40 -27 27 -29 -30 -31 -32 -33 -34 -35 -36 -37 -38 42 -40 -41 -42 -43 -44 44 -46 -47
leaf_value=-0.034256505770184929 0.022656480610713653 -0.038227109330845478 0.012837737077899085 0.010562682760349955 -0.012514109983056789 0.0034852375950455987 -0.0091924855298197283 -0.016545821811718039 0.01316864673605447 0.010123468549232018 -0.010251889140838338 0.0052086087718302429 -0.0049759266793954109 0.033234670890751529 -0.013240843036810111 -0.064609780862478719 0.0085831714542876306 -0.013616253103322885 -0.025755487820713241 0.018059329817372453 0.018179929281449951 -0.017567548867840607 0.025535532152304977 -0.0062296281208800031 0.022127900817122521 -0.031694727933663562 -0.0030099484798667519 -0.021756213514497375 0.0039060431873379421 9.0961566750978232e-05 0.018725779898544112 0.031255586282264693 -0.011518712628299515 0.025721673985014567 0.024844249983947627 0.0080965229347103838 0.001249952980496043 -0.0053676318869217447 0.0024572481688651554 0.039585383214213059 0.00026770600824736502 -0.055537855680678372 0.005458692171805132 -0.01321676180041273 0.015760669271840472 0.037155841119246115
leaf_weight=8.2228055782616103 2.7201063530519662 25.085900689824491 2.4204251153860232 1.9716764113400111 0.73990298225544204 0.24050086829811224 0.66061872011050482 0.66372705716639746 0.75049267918802698 0.58697236911393702 0.57748338649981068 0.40485586191061873 1.4729545465670528 7.2935276024509221 1.3108091834001245 0.54844073671847582 0.94154956843703974 0.79777995042968752 1.7735593981342388 1.2850590441375969 3.6087002998683602 3.5891637082677317 2.2673033797182138 0.612687765387818 1.6261750240810218 5.8615837364923209 1.0971305726561698 1.6659896960481999 0.22230955865234037 2.4277713517658404 1.4805984453996641 4.3379354713251814 0.94344175595324475 2.4104200425790623 2.3627524697221816 1.5633181058801708 0.17783996718935746 0.38451324030756939 1.6001724017551167 4.3924661178607494 0.5601454572752117 0.70270217745564878 0.53349919663742185 0.3301476459018885 1.1671993308700619 32.379249761579558
leaf_count=4536 184 14940 173 81 167 50 39 17 29 155 90 45 55 1510 14 37 8 108 39 188 55 58 151 52 114 351 16 41 22 55 21 62 20 48 89 34 7 7 52 49 20 53 59 34 119 10246
internal_value=0.00389266 -0.0101598 0.0266593 0.00132509 -0.00453936 0.00659969 0.0127847 -0.00405392 -0.0353967 -0.034406 0.00235413 -0.0101374 -0.0222155 0.0285595 0.0240562 -0.0535894 -0.0225864 0.00769204 -0.00943554 0.0035041 0.0106054 0.0107964 0.00272055 -0.0356675 0.00594854 -0.0283824 -0.00721222 0.00206031 -0.0375743 0.0175757 0.00889793 0.0214615 0.00881744 0.0149986 0.0171796 -0.00111252 -0.0331836 0.018762 -0.0061912 0.0344426 0.0184717 -0.0484976 0.000152536 0.0215379 0.00522856 0.0361177
internal_weight=138.774 86.2694 52.505 60.2107 48.7492 17.7053 16.3294 8.37525 26.0587 1.37591 40.3486 11.5566 4.73713 7.95415 11.4614 0.788942 7.20799 28.792 3.83164 1.94879 4.3486 24.9604 12.4797 2.78834 5.0973 6.26644 8.71504 5.12587 25.3082 12.4807 2.05808 10.0529 5.71496 4.77152 3.45988 2.3611 8.40065 3.63812 2.91098 6.36414 2.18632 1.31539 0.918012 3.76465 1.49735 34.7997
internal_count=34300 21475 12825 6484 6154 2406 2164 615 14991 242 1611 626 365 1549 330 87 404 985 150 205 222 835 508 160 200 396 204 146 14962 327 111 272 210 190 105 142 4543 250 66 130 134 105 66 304 153 10419
is_linear=0
shrinkage=0.04


Tree=148
num_leaves=50
num_cat=0
split_feature=10 9 10 20 5 8 23 20 8 29 22 35 6 4 29 31 33 5 10 6 31 30 20 3 4 19 19 19 7 31 29 13 10 19 20 10 4 5 6 5 22 4 22 6 19 31 20 3 7
split_gain=26.9774 12.6035 4.59112 5.07243 3.81162 3.09291 3.04333 2.71473 2.57257 1.79851 1.66879 1.659 1.52825 1.23694 2.36281 2.58735 1.642 1.14917 1.09505 0.928844 1.40461 1.01794 0.871437 0.86995 0.819172 2.09402 0.860496 0.805119 0.738183 1.14885 0.737836 0.714971 0.708989 0.565865 0.518151 0.64736 0.334093 0.315322 0.278768 0.246195 0.229916 0.176177 0.320977 0.174054 0.103726 0.0731354 0.0543179 0.0236296 0.00388131
threshold=0.34166666865348821 0.65345367789268505 0.10912698507308961 0.58370205760002147 0.51222422719001781 0.64785373210906994 1.0000000180025095e-35 0.99717512726783764 0.59675306081771862 0.87837961316108715 0.42499999701976782 0.15000000223517421 0.51965817809104931 0.91010102629661571 0.99861112236976635 0.92397296428680431 1.0000000180025095e-35 0.92907443642616283 0.057983193546533592 0.58512848615646373 0.82482254505157482 0.53223589062690746 1.0000000180025095e-35 0.95299267768859874 0.50316455960273754 0.58411949872970592 0.61602565646171581 0.53681120276451122 0.42741556465625768 0.88406160473823558 0.66843253374099743 0.30952382087707525 0.19139194488525393 0.9574275314807893 0.52060455083847057 0.29705883562564855 0.4654348641633988 0.90070420503616344 0.70007002353668224 0.70678734779357921 0.27500000596046453 0.65419578552246105 0.67499998211860668 0.58512848615646373 0.4016129076480866 0.93329089879989635 0.93777653574943554 0.97060137987136852 0.42741556465625768
decision_type=2 2 2 2 2 2 2 2 2 2 2 2 2 2 2 2 2 2 2 2 2 2 2 2 2 2 2 2 2 2 2 2 2 2 2 2 2 2 2 2 2 2 2 2 2 2 2 2 2
left_child=1 2 8 10 -3 9 -2 12 -1 24 -4 -5 -8 14 16 27 18 28 45 21 -21 39 -10 41 26 40 -6 -16 -11 33 -27 -32 -13 -30 -20 38 -28 -25 43 -18 44 -22 -43 48 -26 -7 -15 -39 -36
right_child=6 4 3 11 5 13 7 -9 22 17 -12 32 -14 46 15 -17 19 -19 34 20 23 -23 -24 37 25 30 36 -29 29 -31 31 -33 -34 -35 35 -37 -38 47 -40 -41 -42 42 -44 -45 -46 -47 -48 -49 -50
leaf_value=-0.037886726787864491 0.035904025775529119 0.037219365497614509 0.03171047230716216 -0.03613625400680754 -0.017636232714564208 -0.02864024651029352 -0.0057493156662314169 -0.028722035040446674 0.013867079277841596 0.024381309750296318 -0.0047080615991762151 -0.014057421278681082 0.02913834980477294 0.023767897322304232 -0.011410737619682712 -0.046795049630522063 0.019170879732913454 -0.016267340218785665 0.016293075721972323 -0.0082662487914964018 0.0031153159565705944 -0.015774204625981614 -0.016662062563829898 -0.01404735639425597 0.0041078853409699427 0.0017600689231991294 -0.0044607977670548856 0.018200151209045848 -0.02369950989174786 0.016426355021806154 -0.040281701607924138 0.0015093116301784727 0.015975958462931133 0.0048690577239893411 -0.0012435862464587903 0.012365920557842327 0.019712441440696723 0.0094373726062182226 0.0019306361803398423 0.0001985563839751116 0.014664093160461989 0.034479182472919673 0.0038526353171976402 -0.025521309856181586 -0.0093265054543555451 -0.00040888597639245978 0.0010380171845262077 0.00012719920219580823 0.0013753201378174057
leaf_weight=23.603964815381918 32.528253490338102 3.6660185761284074 3.8770901503739861 4.7419801925425418 1.0458862603409245 1.2094969822792396 2.3287456687539807 1.239605428650975 1.9056740789674216 2.0993597308406589 2.4592433399520814 0.7722298703156415 4.0470463219098747 5.8589775727596125 1.3204608972882845 1.2708780155517159 1.6108988923952012 2.0014065256109461 1.3570034938165916 1.3884717449545849 0.81300011114217241 1.8909137926530091 1.1510745743289588 0.34881994873285183 0.25634579698089321 0.58255129493772972 0.45116813050117333 1.4906446604290975 1.5370723903179171 2.03513888141606 5.9017140523064882 0.4679750334471463 1.2491856978740541 0.84620576398447145 0.23793126037344359 0.69020188064314414 1.2446374144637955 0.52197102434001863 0.61038537241984148 1.6868093553930519 1.0110493309330193 6.9034816077910346 1.1169261257164178 0.86658709857147187 0.44849235028959811 0.084975533885881194 0.47152933431789268 0.31393618579022586 0.25622046366333961
leaf_count=16889 11435 112 114 404 185 491 58 50 48 42 58 158 440 679 28 49 27 50 61 25 28 36 767 31 17 71 56 73 87 42 763 22 49 25 30 34 72 53 45 36 19 251 21 38 101 16 61 22 31
internal_value=0.00382586 -0.00774499 -0.0245346 -0.00426672 0.00448782 0.00117421 0.030736 0.00617686 -0.0336664 -0.0107042 0.0190471 -0.0258407 0.0174437 0.00870783 0.00414815 -0.0193579 0.00958185 0.0028748 -0.00791678 0.0154968 0.0212472 0.000664659 0.000217994 0.0261286 -0.0201635 -0.0254014 -4.72211e-05 0.0045678 0.0110119 4.25171e-05 -0.0338741 -0.0371698 0.00272605 -0.0148847 0.00371833 -0.00578016 0.0134213 -0.00196187 -0.0154334 0.0125091 0.00801769 0.0299071 0.0316051 -0.0210192 -0.00392535 -0.0273954 0.0227868 0.00775915 -0.000280256
internal_weight=135.82 95.676 39.7604 13.0997 55.9155 52.2495 40.1437 7.6154 26.6607 19.929 6.33633 6.7634 6.37579 32.3205 25.99 4.08198 21.908 8.51918 5.3128 16.5952 11.4066 5.18862 3.05675 10.0181 11.4098 8.66813 2.74169 2.81111 6.51778 4.41842 6.95224 6.36969 2.02142 2.38328 4.01833 2.66133 1.69581 1.18473 1.97112 3.29771 1.71589 8.83341 8.02041 1.36074 0.704838 1.29447 6.33051 0.835907 0.494152
internal_count=34300 22317 18487 783 3830 3718 11983 548 17704 1552 172 611 498 2166 1426 150 1276 246 746 530 431 99 815 406 1306 993 313 101 196 154 856 785 207 112 239 178 128 106 144 63 137 300 272 99 118 507 740 75 61
is_linear=0
shrinkage=0.04


Tree=149
num_leaves=61
num_cat=0
split_feature=12 9 12 20 7 3 1 28 39 20 2 21 30 9 3 1 24 33 35 1 35 19 19 19 9 3 3 19 13 3 31 31 4 2 1 20 30 3 12 3 36 11 9 19 13 39 36 3 3 33 24 11 12 7 36 4 19 31 20 30
split_gain=25.6288 12.2809 4.15933 4.2218 3.22067 3.51287 3.09551 2.95978 2.16769 2.59263 1.86991 2.44722 1.7632 1.75982 1.3066 1.30488 1.58643 1.24739 1.48611 1.22283 1.07189 0.991983 3.82148 0.887852 0.847127 0.838551 1.28618 0.807512 0.789593 0.841968 0.749852 1.23011 0.744494 0.724459 0.734137 0.669978 0.650611 0.5769 0.447534 0.332728 0.32535 0.289227 0.288715 0.255404 0.255168 0.209902 0.248854 0.239981 0.114403 0.100959 0.0930886 0.0872088 0.0681699 0.0602066 0.052469 0.0506434 0.0505911 0.0140884 0.0131961 0.00270293
threshold=0.6375025510787965 0.65345367789268505 0.1990172937512398 0.707432121038437 0.30622577667236334 0.91112279891967785 0.31666667759418493 0.75000000000000011 1.0000000180025095e-35 0.99717512726783764 0.73401361703872692 1.0000000180025095e-35 0.76982969045639049 0.86425063014030468 0.8702492117881776 0.31666667759418493 0.056186869740486152 1.0000000180025095e-35 0.25000000745058065 0.34848485887050634 0.15000000223517421 0.83503401279449474 0.82182541489601146 0.94028520584106456 0.86729559302330028 0.85839363932609569 0.89957937598228466 0.87026646733284008 0.30952382087707525 0.68490755558013927 0.93937537074089061 0.94286227226257335 0.82519841194152843 0.71494102478027355 0.44949495792388922 0.30940108001232153 0.3616799414157868 0.86663055419921886 0.23849330097436908 0.8602094054222108 0.70000001788139354 0.50146198272705089 0.62115561962127697 0.93142634630203258 0.30952382087707525 1.0000000180025095e-35 0.90000000596046459 0.93966487050056469 0.99803921580314647 0.62500000000000011 0.0064725596457719812 0.4668662697076798 0.42895354330539709 0.45383162796497351 0.2333333417773247 0.78319624066352855 0.88603895902633678 0.86667150259017955 0.87439319491386425 0.19369761645793918
decision_type=2 2 2 2 2 2 2 2 2 2 2 2 2 2 2 2 2 2 2 2 2 2 2 2 2 2 2 2 2 2 2 2 2 2 2 2 2 2 2 2 2 2 2 2 2 2 2 2 2 2 2 2 2 2 2 2 2 2 2 2
left_child=1 2 6 17 14 7 -1 19 9 15 11 24 32 27 50 16 -2 18 23 38 -5 22 30 44 33 -15 -27 28 29 -13 35 -32 39 34 37 -7 -8 -9 57 -12 -29 -22 -38 56 51 47 48 -23 -47 55 -3 -4 59 -44 58 -37 -39 -6 -49 -43
right_child=8 4 3 20 5 21 36 10 -10 -11 12 13 -14 25 -16 -17 -18 -19 -20 -21 41 45 -24 -25 -26 26 -28 40 -30 -31 31 -33 -34 -35 -36 49 42 43 -40 -41 -42 52 53 -45 -46 46 -48 54 -50 -51 -52 -53 -54 -55 -56 -57 -58 -59 -60 -61
leaf_value=-0.037664445852224372 0.017821274556431285 0.03408772974197715 -0.027785576814530297 -0.03613873098890908 -0.01662681616219553 0.028399138591803732 -0.012406850823513281 -0.013796945922234452 0.035613335420171185 -0.026654213073108207 -0.0058970761448427127 0.0026086061181845466 0.0058730481590122657 -0.018403580490912674 -0.0064504544238963403 0.029624762053204558 -0.025409656065523867 0.027444425315031516 0.022747588779968259 0.028036823403606432 -0.01056318763969495 -0.0075963286966704369 -0.045995981537567156 0.010653608466167164 -0.013518322568575077 0.021258375958475045 -0.01383718968778023 -0.01031253777111263 0.0050947396442642869 -0.041705065518953595 -0.027059203898290109 0.014616374269409071 0.00055757592423458691 -0.0066835827401743458 0.029431775083606226 0.0010435749311586101 0.021684876556868328 -0.0068177155419013339 0.0090755212374300752 -0.043527107914336539 0.011924150902679372 -0.0018074356714503986 -0.0068638687081238924 0.018733793802587429 -0.00015449433235373788 0.029182421314983976 0.00015335647724731185 -0.0019568823210385569 0.0064267707860978397 0.0062863823581999776 0.0032966665838023131 -0.0010370959445356535 0.012220567146522846 0.0033358853881669016 0.013488330995917279 -0.0085484277118299291 0.0024692788288593411 -0.00022285300029850006 0.0026239675593390413 -1.0548348404894026e-05
leaf_weight=22.964113510446627 1.2702447501942509 5.8073470663512117 1.937476467166561 4.174340519704856 0.95551207661628967 3.2232902785763171 0.68708873493596856 0.83375647652429252 30.285427578957751 1.1090860655531285 1.054510042653418 0.46372775465715488 1.4533253333065657 0.86309224518481631 0.98877083125989873 4.2978009767830372 1.0212216172367332 3.1210436309920624 1.2143008051207287 3.3143200721824542 0.61812852165894572 0.40805604623164748 0.57005841587670136 0.72901241586077947 0.60054635640699405 2.9923984818160534 1.2495715083787216 0.54762150801252552 0.28022064664401103 4.1880303139332682 0.51540715736336984 0.99533212743699551 0.61231414566282172 1.0291670867009086 3.4630185178248212 0.39355111157055922 1.212825362337753 0.31779266451485433 0.64718633738812048 4.5050985420821235 0.56853029131889343 0.14614390511997022 0.34586841647978861 0.96562325162813067 0.53307055914774526 5.7447303126100451 0.68365918239578594 0.39386116282548733 1.6894065069500355 0.339498882414773 0.59337052493356157 0.43871986505109806 0.71622434351593256 0.20424595731310546 0.81205682712607086 0.76692757906857878 0.30715347954537719 0.15731450368184596 0.44398166239261627 0.14169301895890385
leaf_count=17199 55 298 122 436 241 98 138 126 10959 49 58 31 36 43 40 456 13 134 28 251 134 50 46 31 24 110 52 102 16 599 20 74 28 52 99 53 83 56 28 244 4 47 68 35 20 621 25 49 294 72 72 41 50 16 19 59 25 20 36 15
internal_value=0.00375164 -0.00739093 -0.0241217 -0.00541122 0.00465944 0.000533054 -0.0333204 -0.00728596 0.0308703 0.00923841 -0.012764 -0.00493817 -0.0277412 -0.0160487 0.026774 0.0194034 -0.00331294 0.0125798 -0.000874226 0.0171975 -0.0279218 0.0145016 0.0016661 -0.013592 0.0112543 0.0013155 0.00955729 -0.0283359 -0.0338154 -0.0373091 0.0145079 -0.00531022 -0.0356189 0.0157723 0.0205932 0.0209828 0.00571746 0.00108897 -0.00600335 -0.0393411 0.00048711 -7.25242e-05 0.01591 0.0123906 -0.0218412 0.0216081 0.0243837 0.00448053 0.0261661 -0.000376655 0.0325192 -0.0254674 0.00942559 -0.00222203 0.0103439 -0.00572542 -0.00261629 -0.0158226 9.66719e-05 -0.000643449
internal_weight=132.907 94.9234 39.1843 13.7702 55.7391 48.3496 25.4141 31.3698 37.9838 7.69835 26.2955 18.6703 7.62525 11.1532 7.38949 6.58927 2.29147 7.97362 4.85258 5.07433 5.79653 16.9798 6.80407 3.63828 7.51706 5.10506 4.24197 6.04813 4.93198 4.65176 6.23401 1.51074 6.17192 6.91651 5.88734 4.72327 2.45003 2.42433 1.76001 5.55961 1.11615 1.62219 1.76294 1.59057 2.90927 10.1758 8.1178 2.05796 7.43414 1.49998 6.40072 2.3762 1.00406 0.550114 1.6499 1.16048 0.624946 1.11283 0.837843 0.287837
internal_count=34300 22768 18562 1058 4206 3796 17504 2280 11532 573 1740 1374 366 957 410 524 68 376 242 540 682 1516 422 214 417 205 162 752 646 630 376 94 330 393 341 282 305 242 289 302 106 246 167 116 183 1094 940 154 915 184 370 163 112 84 104 112 81 261 85 62
is_linear=0
shrinkage=0.04


Tree=150
num_leaves=52
num_cat=0
split_feature=33 31 20 12 38 28 31 34 12 20 5 7 12 8 8 2 1 29 6 2 29 12 12 6 19 24 5 31 31 29 8 19 1 1 32 12 4 12 19 31 2 24 2 8 6 19 12 31 38 29 29
split_gain=23.297 8.83925 7.62604 6.71455 4.73008 4.72842 3.50351 2.24862 1.79096 1.71718 1.66457 1.4978 1.40138 1.31201 1.7156 1.22532 3.17672 1.32773 2.14145 1.71814 1.11844 1.23172 1.04475 0.990133 0.980906 0.965347 0.918552 1.15882 2.19799 1.89982 0.909939 0.78598 0.901556 0.78455 0.661892 0.615898 0.587044 0.442748 0.424656 0.254317 0.209414 0.122629 0.0555965 0.0513539 0.0504766 0.0463617 0.0440992 0.0434126 0.033689 0.0287607 0.0186775
threshold=0.87500000000000011 0.90625891089439403 0.52060455083847057 0.42895354330539709 0.22028702497482303 0.75000000000000011 0.68275979161262523 0.75000000000000011 0.22836096584796908 0.2098387032747269 0.93419912457466137 0.2775480598211289 0.16701237112283709 0.41728855669498449 0.66210046410560619 0.63859337568283092 0.38750000298023229 0.84449404478073131 0.7431643307209016 0.71494102478027355 0.90478479862213146 0.50902664661407482 0.82611986994743358 0.22806944698095324 0.93142634630203258 0.62361112236976635 0.80259740352630626 0.95698612928390514 0.98583742976188671 0.98341271281242382 0.59317129850387584 0.50423729419708263 0.19090909510850909 0.44949495792388922 0.45000000298023229 0.54181629419326793 0.65806129574775707 0.61846226453781139 0.89323708415031444 0.86667150259017955 0.82952776551246654 0.15075758099555972 0.22684391587972644 0.59675306081771862 0.51431512832641613 0.9607692062854768 0.22836096584796908 0.3906755149364472 0.56897041201591503 0.86368250846862804 0.83738514780998241
decision_type=2 2 2 2 2 2 2 2 2 2 2 2 2 2 2 2 2 2 2 2 2 2 2 2 2 2 2 2 2 2 2 2 2 2 2 2 2 2 2 2 2 2 2 2 2 2 2 2 2 2 2
left_child=1 2 4 34 6 23 33 8 9 26 11 37 -2 47 -15 16 24 19 30 36 21 -13 -9 35 31 -12 -3 -28 29 -29 -19 32 -8 -1 41 -5 39 -7 -21 -17 -20 48 -37 45 -10 -26 -14 -6 -4 50 -11
right_child=12 7 3 5 13 10 15 22 44 49 25 20 46 14 -16 17 -18 18 40 38 -22 -23 -24 -25 43 -27 27 28 -30 -31 -32 -33 -34 -35 -36 42 -38 -39 -40 -41 -42 -43 -44 -45 -46 -47 -48 -49 -50 -51 -52
leaf_value=-0.032804003197015194 -0.00033110542163685455 -0.0077395506871568145 -0.038636738145629887 -0.014575404035119848 0.0057413487988982595 -0.0098862741364061073 0.019745488101145809 -0.040142100547229095 0.00049360822857248297 -0.0035881778831895511 0.020065590988270512 -0.0004967527670932555 0.0085262134000724538 -0.021461718691114226 0.020876802091269974 -0.007752338071739852 0.032638865960058265 -0.0020583317381378126 0.018583612373531032 0.0001096818832759645 0.0035405064812060673 -0.049154850827812901 0.0078369010123184053 0.032032565473843519 0.004762477697371495 -0.017884898276973534 0.030296478638996753 0.010499659995731518 0.02155575778978655 -0.048756807192412197 -0.033405293759940821 -0.026423017113946401 -0.013532482877228707 0.0064989534999809438 -3.3339558171947648e-05 0.014399296121110404 0.024985437820644742 0.014385353703741425 -0.02517589459127878 0.0093088801232372193 -0.00015812946312723371 -0.00059095795351538614 0.00016279620878215353 0.016387949899234693 0.032451959179933612 -0.0041902083821875012 0.037001520646746 0.033176708915635393 -0.0005008131272404363 -0.021179293794806334 0.0021171975242280199
leaf_weight=6.1941294012358403 1.6225718967616582 1.4221540344879082 20.899565952422574 0.89089634828269249 0.92641035967971941 0.88262706634122856 0.83258351800032171 0.22506924509070714 0.17460079758893599 0.1965384524082755 1.5702307149767873 1.0815504782367495 1.3170807501301194 1.4355422008084135 1.6044816270004956 1.3644720034208169 4.0413834947394207 2.2931424205889908 1.1492332692723723 1.3656460071215408 0.62140387971885491 3.70198083226569 0.43466660520061851 3.5307031730189919 0.36263773182872661 0.17947701038792718 4.2610693499445915 0.61866023810580373 1.7180352467112243 0.48846562067046762 4.5910583650693297 2.4735327813541517 1.2982809219975022 0.3085847496986388 0.75673827272839744 1.1922764119226483 3.1084105886984617 0.86468446860089898 1.2029960039071736 1.0714684262638909 1.0289946519769726 0.042692212853579714 0.43060396565124381 0.64275076077319682 9.6416044807992858 0.22596559103112668 27.848692609928548 5.9396133690606803 0.049686921760438874 1.2657196439104152 0.16622107615694404
leaf_count=3208 39 21 15973 23 29 27 52 35 18 65 278 14 20 69 67 53 43 48 20 36 58 205 112 375 36 34 197 45 149 25 51 523 44 2 34 112 55 143 30 15 44 3 33 11 1815 56 9805 149 2 110 9
internal_value=0.00474956 -0.00464222 -0.0106725 -0.0237136 0.000717402 -0.00240422 -0.00654035 0.0178479 0.0209188 0.00719458 -0.0197867 -0.0273675 0.0343369 0.0230987 0.000119683 0.000248499 0.0106365 -0.00599454 -0.0154793 0.00513989 -0.0358038 -0.0410828 -0.0238577 0.0217706 -0.00787278 0.00879818 0.0146619 0.0200119 -0.000116258 -0.0276093 -0.025285 -0.0158311 0.0017259 -0.0297801 -0.0371736 0.000344116 0.0166003 0.002475 -0.0159238 0.000152296 0.0122814 -0.0384123 0.0122097 0.0133946 0.0320845 0.00013262 0.0362579 0.0312707 -0.0385626 -0.0194045 -0.000515499
internal_weight=131.558 100.769 80.1564 36.6951 43.4613 14.9464 33.5553 20.6128 19.9531 10.1369 8.90195 7.15225 30.7883 9.90605 3.04002 27.0526 9.87713 17.1754 9.06243 8.11299 5.40494 4.78353 0.659736 6.04448 5.83575 1.74971 8.50838 7.08623 2.82516 1.10713 6.8842 4.6044 2.13086 6.50271 21.7487 2.51378 5.54435 1.74731 2.56864 2.43594 2.17823 20.9919 1.62288 1.23135 9.81621 0.588603 29.1658 6.86602 20.9493 1.62848 0.36276
internal_count=34420 24556 21955 17314 4641 1302 4327 2601 2454 621 759 447 9864 314 136 1117 765 352 163 189 277 219 147 543 722 312 437 416 219 70 99 619 96 3210 16012 168 123 170 66 68 64 15978 145 103 1833 92 9825 178 15975 184 74
is_linear=0
shrinkage=0.04


Tree=151
num_leaves=63
num_cat=0
split_feature=13 9 12 34 24 30 30 30 10 2 3 2 19 31 31 36 31 31 24 9 30 22 19 20 36 2 10 30 22 28 31 9 35 10 3 3 2 33 9 12 31 31 12 31 12 2 10 12 19 9 19 31 11 30 2 2 31 9 11 30 9 10
split_gain=22.5744 9.32279 5.90784 4.6934 3.96575 3.43445 3.16289 3.15296 2.79997 2.16098 1.93359 2.73526 2.58833 2.12359 1.52801 1.47793 1.14604 1.54971 1.1315 1.08183 2.18488 1.0305 0.996249 0.959491 1.23176 0.871359 0.851146 0.837794 0.803627 0.770096 0.781359 0.674178 0.569681 0.567449 0.538733 0.537805 0.535679 0.514205 0.480046 0.655303 1.29799 1.04107 0.674433 0.515301 0.441347 0.326713 0.316689 0.307414 0.275289 0.274555 0.242633 0.186923 0.179947 0.122228 0.0941036 0.0684551 0.0595395 0.0363971 0.0355398 0.0216538 0.0034521 0.00280786
threshold=0.45000000298023229 0.67041200399398815 0.14671076089143756 0.75000000000000011 0.0042919246479868898 0.75909262895584118 0.25837136805057531 0.26921086013317114 0.15504807978868487 0.23904761672019961 0.91658571362495433 0.77459675073623668 0.94519516825675975 0.87379801273345958 0.8891870677471162 0.2333333417773247 0.82611790299415599 0.82755216956138622 0.18257576227188113 0.84680575132370006 0.49167129397392279 0.32500000298023229 0.58102023601531994 0.78059476613998424 0.63333335518836986 0.70859703421592724 0.17519181966781619 0.74296593666076671 0.82500001788139354 0.75000000000000011 0.90625891089439403 0.76253134012222301 0.15000000223517421 0.31698563694953924 0.8602094054222108 0.8602094054222108 0.091431558132171645 0.62500000000000011 0.89009663462638866 0.22836096584796908 0.96398174762725841 0.98583742976188671 0.015323984436690809 0.92397296428680431 0.026640635915100578 0.87138131260871898 0.3717105239629746 0.66541612148284923 0.48912529647350317 0.81661397218704235 0.6195238232612611 0.68275979161262523 0.22040571272373202 0.63206583261489879 0.58898946642875682 0.67028987407684337 0.6518664062023164 0.72850123047828685 0.44912748038768774 0.53681024909019481 0.71148777008056652 0.075498577207326903
decision_type=2 2 2 2 2 2 2 2 2 2 2 2 2 2 2 2 2 2 2 2 2 2 2 2 2 2 2 2 2 2 2 2 2 2 2 2 2 2 2 2 2 2 2 2 2 2 2 2 2 2 2 2 2 2 2 2 2 2 2 2 2 2
left_child=1 2 16 5 6 7 9 -3 15 23 11 12 13 19 25 -2 -1 -18 37 20 22 35 49 24 36 48 32 -12 45 -13 -31 54 55 -25 51 -21 -4 -6 43 40 42 -42 -40 -7 -43 -19 -36 -11 -15 -9 -37 56 -53 -27 -14 -16 -24 60 -54 -56 -22 -17
right_child=8 3 4 -5 18 38 -8 10 -10 47 27 29 31 14 26 61 17 28 -20 21 57 -23 34 33 -26 53 -28 -29 -30 30 -32 -33 -34 -35 46 50 -38 -39 39 -41 41 44 -44 -45 -46 -47 -48 -49 -50 -51 -52 52 58 -55 59 -57 -58 -59 -60 -61 -62 -63
leaf_value=-0.03695150030912122 -0.016718108212412059 0.033877037213669199 0.00045785346451745812 -0.049575217524011637 -0.037184514316961237 -0.016096788423301391 0.040294657353576645 -0.025299407264125315 0.036741159977776189 -0.026552279155109205 0.023409250587847451 0.00049959741271466437 0.0044006326010061318 0.00044056083189222264 -0.0018652454984182068 0.0038948806227432275 0.01803972081691442 -0.02769471441400723 0.0085126924355457077 -0.0071806348780647901 -0.0049021363243627247 -0.018814296583210578 0.0039602798840629198 -0.020019576078165083 -0.0082087088689318417 -0.010672966901377841 0.012332915754580899 -0.0096889938826253356 0.0091414086661390399 -0.043445477666749818 -0.0016759447464360522 0.027983086574599695 0.0024607128227228645 0.009343659185938798 -0.01598177130974654 0.023312785451925899 0.034593999502847923 0.0024194505797523612 0.026272729451437146 0.032907823677948859 -0.028725472056173762 0.015360531473736415 -0.0047123630235656666 0.01207294353340603 -0.0089127688528456601 0.0028401952848360773 0.0068403737012714561 0.0028976142698865456 0.030080241553419103 0.0019408206916133014 0.00030470022722008366 0.022182830608176711 -0.0044269023006141732 0.00316755570003579 -0.0092689734679657701 -0.029355985151066626 -0.0060527433083254123 -0.043628188039176639 0.0034812785704313827 -0.00012184627139827821 -7.0951762909038453e-05 0.020727283383619448
leaf_weight=17.945797808934007 2.0136650451458982 2.6244719341630107 0.76499181217513834 0.89220173947978665 3.5999958659522231 0.39022191532421568 2.6808222756953901 1.4264584919437817 28.619343536905944 2.6827116135391411 4.147445816663093 0.87725384160876174 0.25919232284650107 0.60131364502012585 0.49167043133638877 1.1185841001570227 0.93783115758560498 3.9644040502607822 0.47370289079844941 0.7784473235951731 0.36748355347663197 1.3013917824719099 0.2848256700672217 0.95297805126756407 1.0854429464088751 0.55198515765368916 0.78685475094243873 0.51961525192018587 0.4106312475632875 2.8732364962343131 1.0663253363454712 3.71822483104188 1.0319827239727599 0.52225347049534321 0.87526893289759733 1.7417278861394154 2.6028790948912501 0.24013176467269648 4.6412438999395818 6.7578196544200182 0.55391794117167625 1.5339764361269774 0.6876421192428096 0.65966763021424413 0.58101229742169369 0.18108515604399134 0.33806728897616267 0.17568338243290771 3.3054423526627943 0.26951558422297228 0.73789285542443384 1.5695138738956305 0.24329288653098036 0.61341385298874229 0.50220069393981248 1.360114768031053 0.32682993286289275 3.2576348551083356 0.32771323510678485 0.17766857310198247 0.15780852257739753 1.6835504309274254
leaf_count=15180 47 102 50 88 597 37 135 184 10782 948 294 48 16 16 23 21 78 1584 44 94 63 29 35 97 33 48 51 51 10 125 32 117 21 61 104 75 82 5 257 1348 44 156 41 41 18 6 7 12 145 10 28 12 185 19 91 98 47 284 33 32 46 53
internal_value=0.0046643 -0.00531104 -0.0199149 0.00509693 -0.000578984 0.00731533 0.0116631 0.000727689 0.0321979 -0.00148612 -0.00282111 -0.00653163 -0.000936865 -0.00683266 0.00769106 0.00258489 -0.0320369 -0.0112197 -0.0280606 -0.0159018 -0.0227241 2.8498e-06 -0.00395805 0.0116344 0.0195486 0.019794 -0.00949636 0.0177967 -0.0205633 -0.0302383 -0.0359091 0.0221627 -0.0182744 -0.00926477 0.00688889 0.0115773 0.0288448 -0.0341898 0.0221752 0.0238923 0.012072 -0.00753902 0.0216976 -0.000903676 0.00709672 -0.0255441 -0.00843463 -0.0237965 0.0268742 -0.0212192 0.0185867 0.0147482 0.0183273 -0.00470191 -0.00280065 -0.0265017 -0.000832052 -0.0413387 0.00022081 -0.00792001 -0.00475377 0.0179448
internal_weight=128.866 95.4313 39.2213 56.21 15.7816 55.3178 11.4678 39.5123 33.4351 8.78694 36.8878 32.2208 27.4039 22.7467 8.74278 4.8158 23.4397 5.49395 4.31383 14.0039 9.44441 4.55946 5.66149 5.92855 4.45331 5.07216 3.67062 4.66706 4.55612 4.81682 3.93956 4.65729 2.88377 1.47523 3.96551 3.25807 3.36787 3.84013 15.8055 14.7556 7.99779 2.66891 5.32889 1.04989 2.11499 4.14549 1.21334 2.85839 3.90676 1.69597 2.47962 2.75218 2.14052 1.1654 0.939062 1.85179 0.611656 3.78293 0.571006 0.679869 0.525292 2.80213
internal_count=34420 23517 18922 4595 2064 4507 1418 2565 10903 1283 2463 2118 1913 1657 421 121 16858 1678 646 1236 1010 226 617 323 165 228 193 345 1600 205 157 256 142 158 423 197 132 602 1942 1864 516 218 298 78 174 1590 111 960 161 194 103 312 230 67 139 121 82 393 218 123 109 74
is_linear=0
shrinkage=0.04


Tree=152
num_leaves=63
num_cat=0
split_feature=13 9 12 34 1 5 30 30 10 1 8 31 36 1 36 22 29 24 31 4 5 31 31 29 6 36 36 5 9 9 8 6 22 9 12 31 31 12 31 10 12 31 8 29 31 8 31 12 8 22 31 1 6 8 29 1 9 36 6 6 6 29
split_gain=21.6276 8.80033 5.70518 4.48692 4.06182 3.32178 5.28034 3.11469 2.753 2.68595 1.94506 1.64921 1.42166 1.29953 2.82916 1.30536 2.1032 1.15532 1.01595 1.27707 0.964505 1.44554 0.962645 0.906535 0.854305 0.740143 1.18166 0.79188 0.64513 1.14212 0.493653 0.546384 0.481779 0.467114 0.668015 1.26311 1.0044 0.655726 0.505481 0.435598 0.429521 0.422936 0.417308 0.529377 0.368019 0.337205 0.315135 0.314534 0.182031 0.178673 0.146265 0.141969 0.130531 0.121616 0.0792369 0.0337879 0.029812 0.0210339 0.0135301 0.0121132 0.00220844 0.00209254
threshold=0.45000000298023229 0.67041200399398815 0.14671076089143756 0.75000000000000011 0.087121214717626586 0.67041200399398815 0.75909262895584118 0.25837136805057531 0.15504807978868487 0.31666667759418493 0.56294015049934398 0.48871988058090216 0.2333333417773247 0.44949495792388922 0.63333335518836986 0.37500000000000006 0.90478479862213146 0.18257576227188113 0.88019788265228283 0.51668518781661998 0.84680575132370006 0.89294496178627025 0.78844255208969127 0.87304639816284191 0.4101253747940064 0.10000000521540643 0.63333335518836986 0.089719939976930632 0.77871939539909374 0.76253134012222301 0.72065573930740368 0.38832898437976843 0.62500000000000011 0.89009663462638866 0.22836096584796908 0.96398174762725841 0.98583742976188671 0.015323984436690809 0.92397296428680431 0.31698563694953924 0.026640635915100578 0.68428781628608715 0.59675306081771862 0.87505951523780834 0.90625891089439403 0.64346247911453258 0.87379801273345958 0.66541612148284923 0.70064935088157665 0.82500001788139354 0.68275979161262523 0.38750000298023229 0.6049489974975587 0.5524578094482423 0.49757936596870428 0.31666667759418493 0.70064935088157665 0.43333333730697637 0.47151280939579016 0.6287311613559724 0.4475123286247254 0.7500634789466859
decision_type=2 2 2 2 2 2 2 2 2 2 2 2 2 2 2 2 2 2 2 2 2 2 2 2 2 2 2 2 2 2 2 2 2 2 2 2 2 2 2 2 2 2 2 2 2 2 2 2 2 2 2 2 2 2 2 2 2 2 2 2 2 2
left_child=1 2 9 5 7 -3 10 11 12 -1 23 25 -2 14 18 20 -17 54 19 -12 21 59 52 41 42 39 27 57 29 56 31 -20 46 38 35 37 -37 -35 -8 -4 -38 50 43 -11 -23 -22 -25 49 -14 -13 53 -32 -21 -7 -6 -56 -24 -27 60 -15 -58 -26
right_child=8 3 4 -5 17 6 33 -9 -10 24 13 47 48 15 -16 16 -18 -19 30 22 45 44 28 32 61 26 -28 -29 -30 -31 51 -33 -34 34 -36 36 40 -39 -40 -41 -42 -43 -44 -45 -46 -47 -48 -49 -50 -51 -52 -53 -54 -55 55 -57 58 -59 -60 -61 -62 -63
leaf_value=-0.037175887166510636 -0.016367548075548487 0.034473563835004696 -0.018540944743967027 -0.048172652333927077 -0.00057511522647540458 -0.012274198005879412 -0.015944028451901883 0.040063573355757727 0.036617138649906941 -0.014634614085386646 0.0093981196214138595 -0.025801368972640432 0.0014311694704919674 0.019615937898536599 0.022165898285013558 0.0097956606493950025 -0.03361422183593972 0.0084683616803843068 0.0084672577223640893 -0.0054237773786738929 -0.0001378492448393749 -0.02614638779207493 -0.0003280676312087267 -0.018427797523279797 -0.00026495365983117864 -0.0050274234141894879 -0.010284001101864844 0.032921958290491403 -0.048433662142704705 0.014741453146254847 0.014556469421242807 -0.022103037756472824 0.011221314014005364 0.025900551310212121 0.032693920691465005 -0.028242452660954157 0.015137250443256962 -0.0046606867467244417 0.011965693688147627 0.0079789448179108675 -0.0088205520002093991 -0.03293152473708761 0.02234512765709978 0.013663388246469574 8.9432405285706017e-05 0.028289705935752352 0.0020061022831511276 0.0035483015672795062 0.023104095053697062 0.001103331552401936 0.0068976022363106074 -0.0016483695717985796 0.0092314232471872679 0.0032114003556876669 -0.037209258662220586 -0.0023243684727999887 -0.0015797102169284784 0.00070120839073570577 -0.026731726027779536 0.001289484457475345 -1.4691657346183403e-05 -0.017465532306674404
leaf_weight=19.299935503571763 2.0076242734212419 4.8222428623121223 0.82336570648476282 0.9256825473275957 0.099106080946511965 0.68113679881207445 0.39284105494152466 2.7056038028094909 27.593421242199838 0.84447314299177356 0.61527997208759355 2.5088486002641739 1.2177508911117914 1.6673608635319381 2.217740991851314 3.363234073854982 1.2601594750303773 0.46984153962694097 0.37067610851954691 0.33327744435518969 0.52395880827680219 0.9675665983231736 0.2053202216047797 1.2867754481267191 0.19970656814984955 0.48176795314066145 0.98374404304195184 2.7053457061992958 2.4845402667997405 0.71289181243628252 1.3468288625590501 0.81383409036789089 1.1154446953441945 4.5431995085673407 6.5440867962315679 0.56689926236867938 1.5168422558344903 0.68703955726232369 0.65276408009231091 0.43640399863943458 0.58072631945833553 4.210488453740254 1.0391575534595174 0.37541359895840287 0.99126069399062544 4.7051814381266013 1.3396654404932631 0.20290563791058946 1.5586233870126305 0.10695047269109625 0.28356566291768104 0.49413415207527567 0.45969026861712337 0.18309690500609577 3.2482495802687485 0.35177178634330619 0.14488621614873387 0.40603549417573959 0.93893995118560269 0.47607665834948409 0.12112064706161618 0.95703929307637736
leaf_count=16477 47 136 103 88 23 140 37 127 10782 183 59 873 34 115 36 59 44 44 7 79 44 40 76 111 49 45 32 124 163 32 88 104 13 257 1348 44 156 41 41 51 18 504 36 3 41 365 37 12 40 3 5 35 20 7 549 57 52 21 109 29 15 110
internal_value=0.00456077 -0.00523744 -0.0196363 0.00489706 -0.000531096 0.00711064 0.00348783 0.011833 0.0319778 -0.0317748 -0.00528566 -0.00141551 0.00256341 0.000641251 -0.00875741 0.0084716 -0.00712051 -0.0287733 -0.0186396 -0.0265243 0.0163142 0.000416746 -0.0321512 -0.019661 0.00035934 0.0101213 0.016728 0.0254923 -0.0376483 -0.0097014 0.00015352 -0.0122255 -0.00228733 0.0217928 0.023518 0.0116953 -0.00756914 0.021318 -0.00093365 -0.00909255 0.00692849 -0.0283761 0.0128314 -0.00234077 -0.0178409 0.025639 -0.0105226 -0.020988 0.0176905 -0.0240768 -0.00182961 0.0106899 0.00244066 -0.00805167 -0.035082 -0.0357766 -0.0239489 -0.00248244 -0.0252308 0.0180904 -0.000896191 -0.0166921
internal_weight=126.17 93.7921 38.2457 55.5465 15.5299 54.6208 49.7985 11.361 32.3774 22.7157 34.3141 8.65537 4.784 25.214 11.2592 13.9548 4.62339 4.16897 9.04142 6.01595 9.33141 4.10226 5.40067 9.10017 3.41579 5.83666 4.57689 3.59315 4.6077 2.12316 3.02547 1.18451 3.74189 15.4844 14.4388 7.89471 2.66447 5.23024 1.04561 1.25977 2.09757 5.35829 2.25904 1.21989 1.95883 5.22914 2.62644 2.8187 2.77637 2.6158 1.1478 1.84096 0.792968 0.864234 3.69913 3.60002 1.41027 0.887803 1.20495 2.14344 0.266007 1.15675
internal_count=34420 23517 18922 4595 2064 4507 4371 1391 10903 16858 2429 1264 121 1612 875 737 103 673 839 605 634 225 546 817 381 376 222 190 447 284 234 111 161 1942 1864 516 218 298 78 154 174 656 222 186 81 409 148 888 74 876 152 123 99 147 629 606 252 66 176 144 67 159
is_linear=0
shrinkage=0.04


Tree=153
num_leaves=48
num_cat=0
split_feature=13 30 20 12 38 28 31 34 3 10 5 22 36 4 5 2 6 6 7 20 7 1 22 1 1 10 10 6 31 2 3 12 31 0 10 10 5 24 36 30 24 22 31 22 4 12 38
split_gain=20.7281 6.62837 6.81192 6.68092 4.69225 2.97258 2.9553 2.84166 2.76 2.70452 1.41992 1.3895 1.36831 1.18539 1.00646 1.47666 1.34725 0.960893 0.926718 0.897722 0.759661 0.747737 0.726637 2.05176 0.573795 0.700726 0.526706 0.518259 1.10365 0.482713 0.403559 0.352056 0.315602 0.307131 0.751513 0.343161 0.73673 0.294524 0.13217 0.125575 0.107811 0.095619 0.0890633 0.0596954 0.0475765 0.0187614 0.00441141
threshold=0.45000000298023229 0.75505790114402782 0.52060455083847057 0.42895354330539709 0.22028702497482303 0.75000000000000011 0.68275979161262523 0.75000000000000011 0.90590170025825512 0.15504807978868487 0.87026646733284008 0.52500000596046459 0.2333333417773247 0.65806129574775707 0.84680575132370006 0.71494102478027355 0.63454025983810436 0.22806944698095324 0.2775480598211289 1.0000000180025095e-35 0.42741556465625768 0.44949495792388922 0.075000001117587103 0.38750000298023229 0.10555555671453477 0.15075758099555972 0.27525253593921667 0.350877195596695 0.82893744111061107 0.7454303801059724 0.93335816264152538 0.65665337443351757 0.82611790299415599 1.0000000180025095e-35 0.098387096077203764 0.70710784196853649 0.89825496077537548 0.050641026347875602 0.16666667163372043 0.75909262895584118 0.15075758099555972 0.57500001788139354 0.82044145464897167 0.27500000596046453 0.51113310456275951 0.59492492675781261 0.56897041201591503
decision_type=2 2 2 2 2 2 2 2 2 2 2 2 2 2 2 2 2 2 2 2 2 2 2 2 2 2 2 2 2 2 2 2 2 2 2 2 2 2 2 2 2 2 2 2 2 2 2
left_child=1 2 4 30 6 17 21 33 18 12 14 24 -2 -12 15 19 -17 26 31 20 27 -1 23 -20 25 -6 -5 28 32 -15 40 -7 42 35 43 39 -37 -26 -10 -3 46 -13 -8 -35 -14 -28 -4
right_child=9 7 3 5 11 8 10 -9 38 -11 13 41 44 29 -16 16 -18 -19 22 -21 -22 -23 -24 -25 37 -27 45 -29 -30 -31 -32 -33 -34 34 -36 36 -38 -39 -40 -41 -42 -43 -44 -45 -46 -47 -48
leaf_value=-0.032190214726967183 -0.016027062824759901 0.00075166002247217063 -0.03829772365865048 -0.013547787372119938 0.043425195623454614 -0.010116510327344883 -0.007144398723060599 -0.031677258402349702 0.020363557705422582 0.036489702759467856 0.0058627486602099389 -0.0088214618088300403 0.0027656567895677111 -0.034766278908674869 0.02478315168406434 -0.027153423146682433 0.0068320003686864221 0.030299464196944736 -0.029718209329753626 -0.015286686173101914 -0.0016265393365374257 0.0063653310776492266 -0.047682676011542968 0.017350914832897735 -0.0070287637449071285 0.0055007921582209476 0.00018342920136024655 0.022725077956204917 -0.016637852183351728 -0.0049664320196163517 0.00072575441994518735 0.012037872107657926 0.025326536432238946 -0.00012342992280063033 0.018405086500720473 -0.020236431765055622 0.01430324911262147 0.012558385859742486 -0.00024279855698733827 0.026163666930769432 -0.00060444036761534456 0.00216408847059491 0.0049929121064112283 -0.012808731386777914 0.020666533070742014 0.013085635224989052 -0.00030097232470002619
leaf_weight=5.6817961756605646 2.0018462089356062 0.5421818126924326 19.222995919990364 1.080792257096616 3.7414595164591429 0.80352933786343761 0.36743199545891003 0.41678062360733825 1.5977678918279705 26.607345969998278 2.0126419598236671 0.81282124319113824 1.0532187777571382 2.0327308373525739 1.786148173501714 3.1651205637026569 2.050010573817417 2.9221600426826626 1.8829588000662627 1.0161144972080354 4.611961241811513 0.30286438763141621 1.8528609545901416 1.2092393441125748 0.55420111760031465 1.5433042829390613 0.3771334448829291 5.7365299409721047 1.3209684645989908 2.0506277866661549 0.27017379668541153 0.67720049736090004 0.78972397209145129 0.48017748771235458 1.430065101245418 0.11500160675495752 0.91018586233258247 1.7496043599676339 0.27282449998892833 11.364196600508874 0.037952533923088505 1.2403595937648786 0.32684289594180882 0.98268773686140776 1.6965771554969249 0.7863340605981648 0.075644360855220749
leaf_count=3208 47 22 16000 26 60 25 60 54 196 10782 32 32 30 27 32 73 31 192 32 635 47 2 46 100 61 59 6 66 59 47 33 70 6 57 374 16 240 57 19 1205 2 47 10 67 44 81 3
internal_value=0.00445286 -0.00517155 -0.0101667 -0.0233803 0.000421172 -0.00108787 -0.00678901 0.01696 -0.0151119 0.0317554 -0.000572674 0.0230268 0.00254671 -0.0155414 0.00440054 0.000767962 -0.0148525 0.0194564 -0.0265261 0.00752171 0.0108387 -0.0290471 -0.0330947 -0.011237 0.029826 0.0361154 -0.000516038 0.0170333 0.00118938 -0.0253415 -0.0374288 0.000136937 0.0179741 0.0210417 0.00493216 0.023627 9.88577e-05 0.00648359 0.0177029 0.0253355 -0.0380797 -0.00332702 -0.000745687 -0.0102447 0.0174494 0.011556 -0.0382235
internal_weight=123.563 92.2041 75.9628 33.0696 42.8933 13.4628 33.2515 16.2413 8.29638 31.359 27.2669 9.64175 4.75164 6.096 21.1709 19.3847 5.21513 5.16642 6.42579 14.1696 13.1535 5.98466 4.94506 3.0922 7.58857 5.28476 2.24426 8.5415 2.80497 4.08336 19.6068 1.48073 1.484 15.8245 2.89293 12.9316 1.02519 2.30381 1.87059 11.9064 19.3366 2.05318 0.694275 1.46287 2.7498 1.16347 19.2986
internal_count=34420 23517 21482 16831 4651 793 4335 2035 488 10903 1125 316 121 106 1019 987 104 305 273 883 248 3210 178 132 237 119 113 201 135 74 16038 95 76 1981 498 1483 256 118 215 1227 16005 79 70 124 74 87 16003
is_linear=0
shrinkage=0.04


Tree=154
num_leaves=60
num_cat=0
split_feature=33 9 10 35 30 7 20 11 10 10 11 29 29 9 9 29 2 1 6 8 29 2 29 4 7 7 1 1 6 8 23 9 7 6 29 24 9 30 7 2 1 2 20 36 33 29 11 33 32 9 36 36 9 29 2 6 7 8 20
split_gain=19.9556 8.3253 4.56594 4.05608 3.03975 3.58533 2.82361 2.69382 1.96638 1.86811 1.76333 1.62701 2.77647 2.37442 2.26942 1.68143 1.5483 1.32356 1.15474 1.01912 1.20695 1.10727 1.17494 1.01597 0.974916 0.973635 0.879056 0.785931 0.9803 0.783199 0.70291 0.769433 0.701972 1.56553 0.711205 0.710779 0.615646 0.609528 0.595915 0.595129 0.491258 0.408507 0.354135 0.326216 0.321685 0.283466 0.276988 0.228974 0.163488 0.154809 0.133764 0.316124 0.0884758 0.0878926 0.0639713 0.0437933 0.0370649 0.0314016 0.00349275
threshold=0.87500000000000011 0.67041200399398815 0.11651583760976793 0.15000000223517421 0.79074048995971691 0.30249267816543585 0.30940108001232153 0.90023696422576915 0.048199767246842391 0.14039409160614016 0.96677702665328991 0.91119542717933666 0.99861112236976635 0.94494947791099559 0.8841681480407716 0.72956350445747387 0.28097587823867803 0.31666667759418493 0.72729831933975231 0.65166836977005016 0.8704299032688142 0.70051544904708873 0.81086421012878429 0.46841755509376531 0.28588117659091955 0.62781384587287914 0.31666667759418493 0.19090909510850909 0.350877195596695 0.69028213620185863 1.0000000180025095e-35 0.33520600199699407 0.8853934407234193 0.90545043349266063 0.99861112236976635 0.077777776867151274 0.83457711338996898 0.55073565244674694 0.63865947723388683 0.78738203644752514 0.34848485887050634 0.64747309684753429 0.69459062814712536 0.43333333730697637 1.0000000180025095e-35 0.81394484639167797 1.0000000180025095e-35 1.0000000180025095e-35 0.15476191043853763 0.81661397218704235 0.43333333730697637 0.36666667461395269 0.27334994077682501 0.81086421012878429 0.091431558132171645 0.64061209559440624 0.23920905590057376 0.78830561041831981 0.92337051033973705
decision_type=2 2 2 2 2 2 2 2 2 2 2 2 2 2 2 2 2 2 2 2 2 2 2 2 2 2 2 2 2 2 2 2 2 2 2 2 2 2 2 2 2 2 2 2 2 2 2 2 2 2 2 2 2 2 2 2 2 2 2
left_child=1 2 6 16 5 27 8 11 17 24 -9 13 36 14 15 42 30 -1 43 21 37 22 23 -17 -2 -16 -18 -3 56 -22 31 -4 -6 34 -34 46 -13 41 45 -31 49 -21 -7 55 -27 53 50 57 -5 -24 51 -35 -50 -23 -33 -14 -29 -39 -44
right_child=9 4 3 48 32 7 -8 10 -10 -11 -12 12 18 -15 25 19 26 -19 -20 20 29 38 40 -25 -26 44 -28 28 -30 39 -32 54 33 35 -36 -37 -38 47 -40 -41 -42 -43 58 -45 -46 -47 -48 -49 52 -51 -52 -53 -54 -55 -56 -57 -58 -59 -60
leaf_value=-0.027808917029260343 -0.012434421577116781 0.032969214963590406 -0.010502151512856739 0.029369131966291876 0.028351248719179614 -0.03372595589952649 -0.036856026824903805 -0.054135741731522621 0.026147460840695032 0.037612156059976587 0.0077887508289990756 -0.0016789966267336549 0.0017222947387728429 0.021095376442557042 -0.00040758034005809838 0.012417395661609945 -0.034024651649097036 0.0038075416341614645 0.012052667389125431 0.011150401637718039 0.012522531224565155 -0.0065427543515079265 -0.010730523456018156 -0.025575344923525305 0.017892038218711534 -0.0067413463892502983 0.0043595037731746769 -0.00019526166475057095 0.019181293813006331 -0.025596020458974626 -0.0110614963622517 0.001110022874365934 0.0060810303456050822 0.0090809808788297249 -0.034287441142796839 0.025626625003476886 0.031639564133832392 -0.003177821361419001 0.0050884928794507752 0.0047712961991177158 0.021942711486294536 -0.011002707098523428 -0.0010235167116904504 -0.034898116040921912 -0.052108691877570154 -0.030719963720400107 -0.011285036500835356 0.02734298933358717 -0.0041630911718024575 0.0054538649205023515 0.012559298988308583 -0.01363657783105025 0.0077372181667888472 0.0055837344835522832 0.025765200307065902 -0.0063159778236690249 -0.016554059480032798 0.0040219841349301774 0.0014505349115663624
leaf_weight=3.4220118533121449 1.6211778046563297 3.9322742490330702 0.43534729583188747 3.6721685189986593 7.3706625968916324 1.8118343595415454 17.037334821769036 1.1948689637938503 0.95204472052864719 23.429405034054071 0.44524090504273761 0.69741281820461054 0.62688761588651754 2.8528110643383107 1.0492769635166035 0.53693101304816293 3.7459268405218609 2.9774790243245661 0.7404051482444628 1.0959567115642115 0.67387074150610748 0.37102729885373342 0.55282865464687381 1.6457869254518298 2.0292378808371723 0.87468363711377639 0.62105051003163669 0.46896254038438223 1.2878538789227603 1.766343192488421 1.7708813974168154 0.46719285356812168 0.35225939843803633 0.50612336583435558 0.38963546673767269 2.870176806114614 4.475989195634611 0.26359852973837394 0.47636968980077643 0.70544113672804076 2.4803312583826482 1.1752232128637841 0.31494412280153472 0.8768731066957115 1.5169070702977476 2.5938052238197997 0.76361211040057231 3.5049800354754552 0.39425639528781165 0.25121238955762237 0.74625682737678289 0.31946396408602595 0.43895815871655941 0.32532134943176061 1.304432130185887 0.5364083293825388 0.78463076672051102 0.46637938759522513 0.22553170460741967
leaf_count=1220 31 200 11 193 1235 102 17039 147 54 9795 67 39 40 246 46 31 207 30 49 61 23 70 90 271 38 68 66 36 68 84 35 52 66 57 50 782 314 81 21 43 128 124 170 8 24 220 32 61 14 8 68 37 56 5 100 28 49 69 61
internal_value=0.00435943 -0.00444119 -0.0187776 0.000501585 0.00514561 -0.000123094 -0.0284549 -0.00520261 -0.00581534 0.0336548 -0.0406277 -0.00191928 0.012498 -0.00658606 -0.0108985 -0.00474746 -0.0152036 -0.0149087 -0.01453 5.56256e-05 0.00860593 -0.00864613 0.00289457 -0.0143173 0.00433097 -0.0354595 -0.0283333 0.0242302 0.00309513 -0.00870195 0.00261963 0.0142421 0.0207921 0.00734733 -0.0227357 0.0160852 0.0273709 0.0173111 -0.0218396 -0.0177142 0.0156815 6.07405e-05 -0.0287691 -0.0260515 -0.0446847 -0.0266797 -0.000539316 0.0242552 0.0264357 -0.0042908 0.00700097 -0.00196717 0.00244996 -0.000240843 0.0231727 -0.00296486 -0.0142541 0.000458653 -0.000241758
internal_weight=121.236 94.1565 37.2391 12.8502 56.9174 43.5992 24.3889 37.1255 7.35154 27.0798 1.64011 35.4854 7.95398 27.5314 24.6786 21.2377 8.34483 6.39949 2.78057 18.8854 9.65179 9.23361 5.46709 2.18272 3.65042 3.44087 4.36698 6.47372 2.54145 3.14566 3.97785 2.20697 13.3182 5.94753 0.741895 5.20563 5.1734 6.50614 3.76652 2.47178 3.28437 2.27118 2.35231 2.04017 2.39159 3.29015 2.33546 4.23496 4.50538 0.804041 1.57184 0.825587 0.833215 0.696349 1.77162 1.1633 1.25359 0.729978 0.540476
internal_count=34420 24556 19077 734 5479 3152 18343 2799 1304 9864 214 2585 478 2107 1861 1723 471 1250 125 1390 546 844 528 302 69 138 273 353 153 150 198 163 2327 1092 116 976 353 396 316 127 226 185 333 76 92 295 194 211 263 98 162 94 70 75 152 68 85 150 231
is_linear=0
shrinkage=0.04


Tree=155
num_leaves=54
num_cat=0
split_feature=13 20 11 38 20 10 15 10 33 13 29 19 3 19 29 2 1 7 10 14 6 34 29 20 3 3 4 8 11 2 1 8 14 20 29 29 20 33 38 3 20 36 2 2 10 10 10 1 7 36 38 3 3
split_gain=21.2904 5.826 9.85389 3.59302 3.57499 3.12677 2.78576 2.21563 1.64573 1.61795 1.4379 1.50755 2.42234 1.36948 1.26349 2.61879 2.61103 2.14131 1.21224 1.00261 0.969748 0.965963 0.951662 0.921689 0.818578 1.00832 0.660929 0.597515 0.306758 0.298344 0.50453 0.752396 0.268964 0.281202 0.24323 0.457616 0.233979 0.232749 0.186604 0.158792 0.128368 0.123571 0.0973868 0.0760226 0.0743891 0.195491 0.183292 0.0734979 0.0709494 0.0573133 0.0388877 0.0176283 0.0154892
threshold=0.45000000298023229 0.52060455083847057 0.71671482920646679 0.22028702497482303 1.0000000180025095e-35 0.41421568393707281 -1.0000000180025095e-35 0.13484849035739901 0.62500000000000011 -1.0000000180025095e-35 0.99861112236976635 0.92770034074783336 0.89957937598228466 0.89237451553344738 0.91825759410858165 0.76506900787353527 0.31666667759418493 0.73353722691535961 0.089572194963693633 1.0000000180025095e-35 0.37970277667045599 0.75000000000000011 0.83344778418540966 0.99717512726783764 0.8279307782649995 0.85154971480369579 0.91715687513351452 0.63702240586280834 0.90023696422576915 0.087595909833908095 0.080128207802772536 0.68614074587821972 -1.0000000180025095e-35 0.94884878396987926 0.63295873999595653 0.62397328019142162 0.95850551128387462 0.87500000000000011 0.45795448124408727 0.90385282039642345 0.54186138510704052 0.70000001788139354 0.60922586917877208 0.93127068877220165 0.19139194488525393 0.23303167521953586 0.23669467866420749 0.16025641560554507 0.77010381221771251 0.56666669249534618 0.25480966269969946 0.36499936878681188 0.55122229456901561
decision_type=2 2 2 2 2 2 2 2 2 2 2 2 2 2 2 2 2 2 2 2 2 2 2 2 2 2 2 2 2 2 2 2 2 2 2 2 2 2 2 2 2 2 2 2 2 2 2 2 2 2 2 2 2
left_child=1 3 5 4 10 8 19 20 9 -3 14 12 -12 18 15 16 24 -17 -5 21 -2 34 27 -7 -1 47 32 -18 -21 -20 -31 -32 33 39 35 -4 -23 -6 -28 49 52 -16 -35 51 -15 -46 -47 -26 -19 -11 -9 -42 -34
right_child=7 2 6 13 37 23 -8 50 -10 26 11 -13 -14 44 41 17 22 48 29 28 -22 36 -24 -25 25 -27 38 -29 -30 30 31 -33 40 42 -36 -37 -38 -39 -40 -41 43 -43 -44 -45 45 46 -48 -49 -50 -51 -52 -53 -54
leaf_value=-0.024813496356094075 -0.017099447548013982 0.0089268960843265702 0.014485461566968057 -0.018566713469920039 -0.031011273431348498 0.021047388165764531 -0.030708244289243885 0.0018388582920076594 0.0098534760661378035 -0.022586026115408418 0.0085057783383871936 0.014298691889040817 -0.04191946025505966 0.037690734077470485 0.027232397898258875 -0.029493520417044335 0.0080446491274969271 0.00021012667249172064 -0.0023267034263799512 0.0055038254179769078 0.014244772759137577 0.0053791160312570696 0.004909011597051394 -0.014067301022151556 0.020065939883683596 -0.017003257379016524 -0.0092564270329856396 0.034896419264795871 -0.019915543943128732 0.02661118295117797 -0.013492111569863916 0.016277556882381243 -1.3856947194036872e-05 -0.0052522471714956092 0.032761242781270024 -0.012033592061662903 -0.01572298784217499 0.00071637950424454809 0.0079356178570437579 0.0003988067081012535 -0.00042196156140318186 0.0028327434824290559 0.0073887885780982389 -0.00065149978547268217 0.014688458739364489 -0.011463369125218382 0.0062821855518302603 0.0018730163607899365 0.016139060988780422 -0.00028409483794267318 0.036301752955480056 -0.041303033486564632 -0.0055836348926082569
leaf_weight=2.3490347261540689 1.219690263038504 0.68571392679587972 0.90269102295860093 1.0418816780438627 5.2393948794342569 1.7315737030003213 0.43221157114021558 0.32735570962541061 0.69921039172913779 2.5398093597032312 1.5784826455637802 0.94169462285935868 2.4871792402118444 3.7130632644984871 2.5276558818295594 4.7802799986675373 3.3892384823411685 0.40949410572648037 0.89452252909541119 0.30095747299492437 2.036358940647915 0.29728100821375836 7.1248734248802066 0.5281398226507007 0.87985267594922367 1.0927193289389832 0.50897475448436935 3.9863697942346334 0.13248607306741178 2.061880647437647 1.2127238409593704 1.1070869360119102 0.28263797110411459 0.2756379215279593 6.4500745797995478 0.28069466026499867 0.2449041937943548 0.17692204006016243 0.43283738917671144 0.31420471635647107 0.13233878265601262 0.93618592806160439 0.52754626184469089 0.043214406352489187 0.78487838874571003 0.3008102064486593 0.34297217335551977 1.0616050165845079 1.0836872169747946 0.074634922435507067 25.247362137073651 19.459319426328875 0.32485730946063995
leaf_count=622 50 48 113 85 3440 316 41 28 57 1305 25 124 62 83 135 50 28 10 16 95 32 43 59 37 21 39 47 37 42 43 32 71 110 142 1169 8 21 6 62 28 82 30 32 10 26 8 72 46 103 17 10821 14291 249
internal_value=0.00331735 -0.00641785 -0.0180696 0.00232146 -0.00344018 -0.0292684 0.0162427 0.0322998 -0.0330599 -0.0347903 0.00167733 -0.0153839 -0.0248128 0.0206727 0.00523632 0.00155393 0.00876177 -0.0182947 0.00551084 0.0230668 0.000353326 0.0264393 0.0172134 0.00989556 -0.0124584 0.00163917 -0.0365118 0.0260784 -0.0104421 0.0136724 0.0171471 0.00112576 -0.0377344 -0.0155914 0.029943 0.00417591 -0.00748322 -0.0297026 -0.000537785 -0.0196791 -0.0403684 0.0237191 0.00154149 -0.0410445 0.0335686 0.00865349 -0.00316968 0.0156551 0.013238 -0.0218753 0.0360523 -0.041157 -0.00394923
internal_weight=117.937 89.1064 37.602 51.5045 40.0447 28.5607 9.0413 28.8308 26.3009 25.6017 34.6284 5.00736 4.06566 11.4598 29.621 26.1572 19.8837 6.27346 6.3181 8.60909 3.25605 8.17565 14.5005 2.25971 5.38321 3.03418 24.916 7.37561 0.433444 5.27621 4.38169 2.31981 23.9742 3.73183 7.63346 1.18339 0.542185 5.41632 0.941812 2.92865 20.2424 3.46384 0.803184 19.6349 5.14172 1.42866 0.643782 1.94146 1.49318 2.61444 25.5747 19.5917 0.607495
internal_count=34569 23638 18365 5273 4837 16833 1532 10931 16480 16423 1391 211 87 436 1180 1015 852 163 247 1491 82 1354 124 353 728 106 16375 65 137 162 146 103 16266 1524 1290 121 64 3446 109 1350 14742 165 174 14383 189 106 80 67 113 1322 10849 14373 359
is_linear=0
shrinkage=0.04


Tree=156
num_leaves=47
num_cat=0
split_feature=33 2 20 12 10 20 2 29 1 3 2 12 12 12 6 7 10 33 10 31 29 5 31 8 3 7 3 10 9 8 12 3 12 19 33 31 29 29 1 2 1 19 9 9 22 6
split_gain=20.2028 5.80026 5.84189 6.27343 3.14634 2.99929 2.5183 2.33735 2.32479 2.24905 2.80159 2.58261 1.93486 1.72173 1.59521 1.64775 1.46311 1.3212 1.12838 1.12005 1.08651 1.96064 1.30233 1.06262 0.958807 0.900944 0.739506 0.701894 0.875557 0.606169 0.522878 0.78095 0.518969 0.46284 0.478336 0.458354 0.238329 0.319462 0.224127 0.221938 0.161011 0.119848 0.102456 0.126494 0.0715748 0.0174831
threshold=0.87500000000000011 0.91010102629661571 0.52060455083847057 0.62785097956657421 0.10435571894049646 0.23854447156190875 0.7243877947330476 0.89906084537506115 0.31666667759418493 0.86663055419921886 0.83438816666603099 0.7721180021762849 0.91006034612655651 0.14671076089143756 0.79063245654106151 0.53036245703697216 0.13484849035739901 -1.0000000180025095e-35 0.34166666865348821 0.94286227226257335 0.87304639816284191 0.93419912457466137 0.93793785572052013 0.81872946023941051 0.8279307782649995 0.30622577667236334 0.90834251046180736 0.15075758099555972 0.62988328933715831 0.53001201152801525 0.15793423354625705 0.99245011806488048 0.69633406400680553 0.99074074625968944 0.62500000000000011 0.99850746989250194 0.88958966732025158 0.68731811642646801 0.31666667759418493 0.90521115064620983 0.93750000000000011 0.63373982906341564 0.68356868624687206 0.65733855962753307 0.32500000298023229 0.46155239641666418
decision_type=2 2 2 2 2 2 2 2 2 2 2 2 2 2 2 2 2 2 2 2 2 2 2 2 2 2 2 2 2 2 2 2 2 2 2 2 2 2 2 2 2 2 2 2 2 2
left_child=1 2 4 17 5 6 7 8 13 32 11 -11 14 24 15 -13 -2 -4 19 33 23 26 -23 -8 -1 42 -22 -6 -29 -10 31 -3 -5 34 40 39 37 -17 -35 -7 -19 -30 43 -26 -33 -20
right_child=16 30 3 9 27 35 20 -9 29 10 -12 12 -14 -15 -16 36 -18 18 45 -21 21 22 -24 -25 25 -27 -28 28 41 -31 -32 44 -34 38 -36 -37 -38 -39 -40 -41 -42 -43 -44 -45 -46 -47
leaf_value=-0.025826654449357625 0.0039137492057782393 0.0185975693016373 0.0085250675110635533 -0.0019475551923632635 0.029299824996131447 -0.032254436294531348 -0.036404968886804903 -0.016484560130957608 0.0071083730501147703 0.014035986453331425 0.020620330139560265 -0.002373403822548836 0.008178707151724994 0.028329657422481391 0.0049679506328574423 -0.018708069190620312 0.037462165912976741 -0.037363431965681079 9.7531182110433706e-05 0.0059430426463375962 -0.0019355107387321914 0.00011659111957508621 -0.039342938091840647 -0.00042009568571511077 -0.006577169629225779 -0.013211823641558049 0.024867954392589781 -0.011576480632234888 0.00027207832347529254 0.030410823973207563 0.030348709647579093 -0.01276443739029757 0.028483525931215201 -0.012649177751599284 0.0026117471092023635 0.0039387806764331814 -0.08898154036942986 0.006235212780331352 0.005543197756534478 0.0010352323537160758 -0.00032288477380124683 0.019148146993938013 0.021791809695226757 0.008028408688127691 -6.0711917568375374e-05 0.0074537379413251101
leaf_weight=2.6265358361415627 2.8375600548461106 2.0278693912550789 0.66255129815545188 0.70371880708262136 4.456181370536795 4.9931527058943166 2.8439815198071283 3.4657938545569769 3.7878439053893072 0.88634240836836431 1.6871843966655431 0.70463509857654594 0.46667242632247496 0.53485402837395657 0.30323940236121405 0.15656865178607404 22.001138596795499 21.984599915856979 0.27748339343815942 0.60039052076171984 2.3040934558957815 2.3202164275571708 1.1834051343612371 1.8494033073075113 0.35618216975126438 1.4874732019379733 2.0450373599305749 1.6494580295402554 0.45500926650129292 7.4399769483134151 5.0144241428934038 0.79722768021747492 3.574872137978673 0.76891464518848696 0.19214248994830896 0.1891634315252303 0.4921670004259795 0.3412402137182653 0.67810824152547866 0.094597622752189525 0.077329829800872996 2.0397723633795977 0.80241142958402634 0.30117121338844299 0.86095216358080506 0.39589367737062275
leaf_count=755 56 203 43 57 64 3400 28 45 29 159 464 56 95 4 82 13 9820 15653 8 37 20 58 38 55 65 46 50 47 15 61 1309 89 633 528 19 1 62 70 91 1 4 126 3 1 54 52
internal_value=0.00326484 -0.00557056 -0.00897873 -0.0210084 0.000256553 -0.00473281 0.000130368 0.00853019 0.0145741 0.00622701 -0.0104912 -0.0281302 -0.0434585 -0.00442101 -0.0546322 -0.0636318 0.0341426 -0.0307781 -0.0323244 -0.0337503 -0.0130713 -0.00245776 -0.02053 -0.0256258 -0.0132739 0.00238962 0.0133633 0.0202304 0.00497705 0.0243831 0.0230047 0.00675863 0.0238764 -0.0351331 -0.036574 -0.0289756 -0.0790111 -0.00921419 -0.00497378 -0.031175 -0.0371551 0.0165968 0.0176432 0.000425919 -0.00904608 0.0059494
internal_weight=115.719 90.8802 82.1798 34.9541 47.2257 38.6253 33.3484 20.8022 17.3364 9.31664 5.03805 3.35087 2.46452 6.10863 1.99785 1.69461 24.8387 25.6374 24.9749 24.3015 12.5461 7.85275 3.50362 4.69338 5.57377 2.94724 4.34913 8.60042 4.14424 11.2278 8.70047 3.68605 4.27859 23.7011 22.2541 5.27691 0.989976 0.497809 1.44702 5.08775 22.0619 2.49478 1.45976 0.657353 1.65818 0.673377
internal_count=34569 24693 23038 18126 4912 4660 1258 1009 964 1691 1001 537 378 874 283 201 9876 16435 16392 16332 249 166 96 83 870 115 70 252 188 90 1655 346 690 16295 15676 3402 145 83 619 3401 15657 141 69 66 143 60
is_linear=0
shrinkage=0.04


Tree=157
num_leaves=49
num_cat=0
split_feature=13 20 12 12 20 15 12 33 33 11 19 20 29 30 9 2 29 1 19 36 14 19 3 3 1 24 3 3 3 14 24 4 30 36 20 30 33 9 9 7 29 12 12 36 24 9 36 2
split_gain=19.4537 5.37347 9.40664 3.11835 3.23268 2.3753 2.10665 1.63859 1.43794 1.43468 1.38742 1.37739 1.26795 3.15543 2.07451 1.88785 2.50857 2.05293 1.23771 1.06872 1.14657 1.06142 0.851451 1.03735 0.806269 0.968494 0.7449 0.596713 0.536801 0.466964 0.756878 0.408731 0.356166 0.303105 0.284281 0.263467 0.222325 0.211259 0.514453 0.129625 0.0980505 0.0658986 0.27159 0.0544675 0.0489211 0.0290707 0.0270731 0.0213034
threshold=0.45000000298023229 0.52060455083847057 0.62785097956657421 0.12016079202294351 1.0000000180025095e-35 -1.0000000180025095e-35 0.16701237112283709 0.62500000000000011 -1.0000000180025095e-35 0.71671482920646679 0.89237451553344738 0.99717512726783764 0.99861112236976635 0.89452862739562999 0.94392031431198131 0.76506900787353527 0.89225891232490551 0.31666667759418493 0.79008570313453685 0.36666667461395269 1.0000000180025095e-35 0.78192934393882763 0.8279307782649995 0.85154971480369579 0.080128207802772536 0.050641026347875602 0.90590170025825512 0.91112279891967785 0.39164614677429205 -1.0000000180025095e-35 0.125657893717289 0.92031747102737438 0.28687083721160894 0.30000001192092901 0.96444374322891246 0.70736858248710643 0.87500000000000011 0.4712491780519486 0.46986201405525213 0.41721408069133764 0.88097617030143749 0.28577655553817755 0.35851633548736578 0.56666669249534618 0.083683475852012648 0.13446328043937686 0.56666669249534618 0.91331186890602123
decision_type=2 2 2 2 2 2 2 2 2 2 2 2 2 2 2 2 2 2 2 2 2 2 2 2 2 2 2 2 2 2 2 2 2 2 2 2 2 2 2 2 2 2 2 2 2 2 2 2
left_child=1 3 7 4 12 11 33 8 -3 29 24 19 14 26 15 17 -17 22 -19 20 32 -13 -1 -24 28 -26 -14 -18 -5 30 43 45 34 -2 -4 -22 -6 38 -8 -20 -27 -12 -43 -10 -33 -31 47 -47
right_child=6 2 5 10 36 -7 37 -9 9 -11 41 21 13 -15 -16 16 27 18 39 -21 35 -23 23 -25 25 40 -28 -29 -30 31 -32 44 -34 -35 -36 -37 -38 -39 -40 -41 -42 42 -44 -45 -46 46 -48 -49
leaf_value=-0.024517396374974427 -0.014316910482848673 0.0087091261181652998 0.011768257672190877 -0.0049434382003375136 -0.030309501612824832 -0.029846476981804107 0.017247066809212907 0.010599658811552226 -0.020837507061893048 0.0095565246519472395 0.039912877371279916 -0.029389156057329401 -0.0036511065184427717 0.02026095115659237 0.02835142980070858 -0.032688660406126099 -0.0054676864767162518 -0.0028419909792951358 0.027815629317781643 -0.012491148988032968 -0.018545798635248873 0.01184948663569288 0.016755042630249559 -0.016669104399746816 -0.021798349258524051 -0.00021425864323115982 -0.042041526876762901 0.019958857052075802 0.022453149104092514 -0.00028787267670262183 0.010572897054718387 -0.0055188786105828348 0.033262372206705568 0.0060768054238668637 -0.0091584598148276818 0.0050575250894556271 0.000843555828591677 0.036188633367657423 -0.010307608773338712 0.011044905047208264 0.014047786711270221 -0.0026304125402603997 0.017866941149119919 -0.00028499507734276665 0.0035249531798788865 -0.039925555384320889 -0.0019982673767622297 -0.00065354044385927115
leaf_weight=2.289006733219149 0.9269699531141693 0.67986492987257108 0.68475415767169578 0.76676308206515242 4.8612313946359782 0.45605974248610515 2.0064123137854071 0.75814081449061532 3.2939242034917839 0.51971270167268713 2.4880936469417065 0.46951609663665361 1.5086098685860627 1.5946596148423848 3.5604166281409553 3.7949350308626881 1.6630495367571714 3.8297881484031668 4.5064593181014043 0.26183636253699738 0.17102257744409222 0.70231243432499468 1.8575607698876413 1.0632816705619914 1.6702822679071689 0.61213945550844051 2.017836466897279 1.4984189821407197 2.3778432798571885 0.084452322509604438 0.57793043623678375 0.29810075624845822 7.0661675382871181 0.77427715738303959 0.38497692951932549 0.27763171936385334 0.15752303134649981 23.084382906206883 0.29074968537315715 5.1179495807737112 0.88818297046236694 0.72537464601919088 1.8346932888962326 0.075660858419723698 0.31371329841203988 18.455776777002036 0.29763114650268008 0.037831972818820669
leaf_count=623 43 48 79 22 3347 42 535 75 1487 24 58 42 21 136 194 42 16 31 29 8 44 137 66 39 89 26 54 92 140 57 51 39 1386 23 18 103 4 10317 13 48 51 22 123 17 32 14520 146 10
internal_value=0.00321121 -0.00612066 -0.0176402 0.00226544 -0.00317063 0.0128469 0.0318589 -0.0303069 -0.0321825 -0.0338703 0.0194037 0.0186439 0.00161159 -0.014226 0.00502328 0.000307357 -0.015472 0.00700593 0.014912 0.0238293 0.026894 -0.0110838 -0.0118424 0.00252424 0.00450006 -0.00777322 -0.0317677 0.00851496 0.01578 -0.0354355 -0.0136736 -0.038457 0.0304305 -0.00584028 0.00252185 -0.0100524 -0.0289985 0.03465 0.0104864 0.0216942 0.0101674 0.0324569 0.0127535 -0.0202347 -0.000765641 -0.0394386 -0.0395496 -0.039866
internal_weight=113.634 86.5511 35.867 50.6841 39.3207 10.4743 27.0828 25.3927 24.6346 23.9547 11.3634 10.0182 34.302 5.12111 29.1809 25.6204 6.9564 18.664 13.4542 8.84639 8.58455 1.17183 5.20985 2.92084 6.31521 3.1706 3.52645 3.16147 3.14461 23.435 3.94752 19.4875 8.1359 1.70125 1.06973 0.448654 5.01875 25.3815 2.29716 9.62441 1.50032 5.04816 2.56007 3.36959 0.611814 18.8757 18.7912 18.4936
internal_count=34569 23638 18365 5273 4742 1859 10931 16506 16431 16383 531 1817 1391 211 1180 986 150 836 108 1638 1630 179 728 105 328 166 75 108 162 16359 1555 14804 1483 66 97 147 3351 10865 548 77 77 203 145 1504 71 14733 14676 14530
is_linear=0
shrinkage=0.04


Tree=158
num_leaves=50
num_cat=0
split_feature=33 4 20 12 38 2 12 38 20 31 6 7 31 6 30 2 8 29 8 13 33 12 11 36 33 8 1 3 3 2 38 3 3 1 2 7 24 9 8 22 8 31 22 36 31 8 9 36 22
split_gain=18.6056 5.79405 5.54903 5.14143 3.34489 3.91111 2.74089 2.67152 2.88233 2.30191 1.96389 2.06763 2.2709 1.70802 2.96509 1.70228 1.68774 1.61154 1.43218 1.33173 1.38295 1.318 1.30667 1.05473 1.02099 1.12355 0.95306 0.847301 0.809752 0.71821 0.581491 0.740008 0.49399 0.432271 0.292108 0.244901 0.193022 0.135204 0.120005 0.100942 0.0958092 0.0884607 0.134474 0.0701371 0.0658139 0.0600119 0.0289348 0.0274894 0.0260359
threshold=0.87500000000000011 0.91010102629661571 0.52060455083847057 0.62785097956657421 0.86719223856925975 0.83438816666603099 0.91006034612655651 0.22028702497482303 1.0000000180025095e-35 0.86235597729682933 0.69451248645782482 0.71943116188049328 0.93937537074089061 0.59156423807144176 0.53223589062690746 0.46247655153274542 0.45512083172798162 0.99861112236976635 0.6291005313396455 0.45000000298023229 -1.0000000180025095e-35 0.16701237112283709 0.71671482920646679 0.36666667461395269 1.0000000180025095e-35 0.60120484232902538 0.31666667759418493 0.39164614677429205 0.8279307782649995 0.60495716333389293 0.27338087558746343 0.99245011806488048 0.83475819230079662 0.17424242943525317 0.85867896676063549 0.76673913002014171 0.041841737926006324 0.99438202381134044 0.65166836977005016 0.52500000596046459 0.41444373130798345 0.99157801270484935 0.52500000596046459 0.56666669249534618 0.94286227226257335 0.51668518781661998 0.13446328043937686 0.56666669249534618 0.27500000596046453
decision_type=2 2 2 2 2 2 2 2 2 2 2 2 2 2 2 2 2 2 2 2 2 2 2 2 2 2 2 2 2 2 2 2 2 2 2 2 2 2 2 2 2 2 2 2 2 2 2 2 2
left_child=1 2 7 19 23 6 9 8 10 -6 13 -12 34 14 15 45 27 -14 -18 20 -4 -2 24 -5 44 37 28 -9 -17 -28 31 -3 -30 -34 -13 -20 -27 43 -15 -29 -21 -33 48 -26 46 -1 -22 -48 -43
right_child=21 30 3 4 5 -7 -8 16 -10 -11 11 12 17 38 -16 26 18 -19 35 40 22 -23 -24 -25 25 36 29 39 32 -31 -32 41 33 -35 -36 -37 -38 -39 -40 -41 -42 42 -44 -45 -46 -47 47 -49 -50
leaf_value=-0.021367918747685906 -0.00069923343773434384 0.0180921331723819 0.0084750717538358711 0.02628423547897037 0.0056813816389678241 0.018578060437183949 0.0096556203319786826 -0.0025268336994014855 -0.030448182637969064 -0.078038836412749432 -0.030261695073836515 0.025251216995275532 0.0098026352700300683 0.0063425948135670844 -0.028408819821899994 -0.018612214116984702 -0.021868453808808863 -0.044473430034231376 0.019492089487845667 -0.0026228141125714134 -0.00028326005952066679 0.0361080646112324 0.0089438695032796941 -0.013158567144966946 -0.025046279566547529 -0.003580863277799903 0.029998647399068972 0.035007245720357953 0.020580327083178595 0.0059791548488480244 0.030539598309275485 -0.014679138337587438 0.0086934908214297054 -0.014810404542798257 0.00032991234052158334 -0.0012611083066175993 0.015249166020820444 0.00070434919222319326 0.027687679364531016 0.0054066740813066318 0.010575381511896312 6.2654219556355816e-05 -0.0081641805054349838 -0.00027832458120615226 -0.00017488792761375448 -0.00032969621183744996 -0.039816835068601647 -0.001982534270156155 0.0080626921123949386
leaf_weight=1.4421476307325161 1.4888965510763252 1.8531410372816008 0.66836061142385617 5.2740672670770419 0.33201840135734562 1.3912469083443282 0.55888134893029917 0.87607662205118497 4.4999643198098047 1.0080893798731265 4.439428080338983 2.2676989710889761 0.58276700461283304 1.8901894874870766 3.1588618578389278 1.2755070864222933 1.7562336827395482 0.57040470745414495 1.5154047252144667 0.29998791893012722 0.084444381122024903 21.829221032792702 0.48093973053619166 0.23565676901489485 2.3244385299040009 0.33490089292172331 3.8674927633255702 4.5397510264301673 1.0443783761002126 4.7837955467402935 5.1736359972273931 0.35616838419809926 1.0040533334249628 0.89303974644280959 0.99453472113236774 0.73669504595454771 1.1383559533860532 0.092618649592623004 3.2765737902373075 0.92315390275325615 0.65941936965100467 0.43984689144417644 0.38746023457497358 0.075668774428777286 0.17331667873076995 0.090841775061562546 17.733607694332026 0.29735965561121602 0.44960623234510422
leaf_count=469 36 198 45 879 55 420 129 23 3442 145 50 57 47 12 29 149 63 13 60 32 57 9840 17 4 1344 138 29 128 22 32 1386 31 38 39 44 43 45 3 59 43 61 52 17 17 26 10 14503 146 42
internal_value=0.0031427 -0.00535747 -0.00886314 -0.0209728 0.00452698 -0.0216432 -0.0469489 0.000130535 -0.00505282 -0.0641008 -0.000154674 -0.0147602 0.00414884 0.00602211 -0.000370069 0.00777033 0.0167212 -0.0256809 -0.00285281 -0.0299905 -0.031867 0.0337718 -0.0335905 0.0217376 -0.0351057 -0.0105324 0.0130223 0.0275699 -0.00183097 0.0196903 0.023211 0.00603816 0.00876615 -0.00334095 0.0201247 0.014169 0.0105443 -0.0227731 0.0232273 0.0323718 0.00645736 -0.00912249 -4.05444e-05 -0.0242142 -0.0391323 -0.0201115 -0.0393731 -0.0394883 0.00595215
internal_weight=111.57 88.2522 79.5924 33.1634 8.79996 3.29024 1.89899 46.429 36.0817 1.34011 31.5817 8.85483 4.41541 22.7269 17.5601 14.4013 10.3473 1.15317 4.00833 24.3634 23.404 23.3181 22.7357 5.50972 22.2547 3.96598 12.8683 6.33898 4.21698 8.65129 8.65986 3.48622 2.94147 1.89709 3.26223 2.2521 1.47326 2.49273 5.16676 5.4629 0.959407 1.63308 1.27691 2.40011 18.2887 1.53299 18.1154 18.031 0.889453
internal_count=34569 24693 22967 18066 1632 749 329 4901 4541 200 1099 211 161 888 817 788 360 60 166 16434 16341 9876 16296 883 16279 1547 309 194 248 61 1726 340 99 77 101 103 183 1364 71 171 93 142 111 1361 14732 479 14706 14649 94
is_linear=0
shrinkage=0.04


Tree=159
num_leaves=49
num_cat=0
split_feature=33 6 20 11 6 38 11 6 6 6 10 28 3 38 34 7 12 3 19 10 20 10 10 7 31 1 19 6 31 19 10 1 12 31 38 31 14 10 19 20 24 12 6 7 31 7 11 12
split_gain=17.793 4.87806 6.08819 3.91844 3.14919 2.65976 2.76029 2.0525 1.65734 1.57127 1.49332 1.41715 1.86384 1.35958 1.24138 1.23657 1.22582 1.1955 1.14038 0.955368 0.809568 0.771279 0.739452 0.681307 0.664548 0.892869 0.74305 0.616075 0.455618 1.10737 0.415322 0.398648 0.494187 0.340483 0.292309 0.290985 0.269073 0.252554 0.212603 0.208288 0.203887 0.10987 0.103746 0.103214 0.0931977 0.062396 0.0580998 0.0406659
threshold=0.87500000000000011 0.79063245654106151 0.52060455083847057 0.55747640132904064 0.77693319320678722 0.22028702497482303 1.0000000180025095e-35 0.69451248645782482 0.59156423807144176 0.53318938612937938 0.13484849035739901 0.75000000000000011 0.90590170025825512 0.36785912513732916 0.75000000000000011 0.71943116188049328 0.89500313997268688 0.63476902246475231 0.90550595521926891 0.21240601688623431 0.30940108001232153 0.70710784196853649 0.10912698507308961 0.3470857441425324 0.87013015151023876 0.31666667759418493 0.58411949872970592 0.49780191481113439 0.94086807966232311 0.82952776551246654 0.15075758099555972 0.10555555671453477 0.47033876180648809 0.983963042497635 0.36785912513732916 0.99157801270484935 -1.0000000180025095e-35 0.19139194488525393 0.60922586917877208 1.0000000180025095e-35 0.023904762230813507 0.49013464152812963 0.71828296780586254 0.79067909717559826 0.39893326163291937 0.73723480105400097 0.61772406101226818 0.47033876180648809
decision_type=2 2 2 2 2 2 2 2 2 2 2 2 2 2 2 2 2 2 2 2 2 2 2 2 2 2 2 2 2 2 2 2 2 2 2 2 2 2 2 2 2 2 2 2 2 2 2 2
left_child=1 2 5 19 11 6 7 8 9 17 -2 34 16 20 -15 42 31 -1 22 45 28 -6 44 24 25 26 -19 -25 43 -30 -24 47 -33 -31 -5 -35 -21 -20 -34 -37 -38 -32 -9 -3 -7 -4 -14 -13
right_child=10 13 3 4 21 18 -8 15 -10 -11 -12 12 46 14 -16 -17 -18 23 37 36 -22 -23 30 27 -26 -27 -28 -29 29 33 41 32 38 35 -36 39 40 -39 -40 -41 -42 -43 -44 -45 -46 -47 -48 -49
leaf_value=-0.018845365765356007 0.0032446792560343737 0.00030702970177834692 -0.036546790110277907 -0.00097792803828920913 -0.00050049431218409301 0.0003763872899791544 -0.030112505151948191 -0.0092487680670892431 0.022909660445530708 -0.020226473794626002 0.037178503386405534 -0.0027871216665137362 0.00028076581454382918 0.031935784292262077 -0.011026255054096131 0.0055542719723746933 0.012245039784991682 0.014526565709645271 0.035655499386909428 0.005639718269534735 -0.017179879962411923 -0.056934016150702149 0.019139649513349614 -0.0093530889322005709 -0.0041744678168119777 0.033126321152961782 -0.014841613223479121 0.011265690493799727 -0.024213607829599734 0.019429915409972957 -0.005943285033684291 -6.2172823034695182e-07 -0.0023362731542472593 -0.013717604795658702 0.024953454085789323 0.013158404309785834 0.0010751296441032466 0.0045427980983677972 -0.037542761496149331 -0.0051423408344139689 -0.017384759062776711 0.0051954407784507439 -0.032549535559300971 0.021167764634355563 -0.016933066986575793 -0.00010643391765321415 0.020763093633841413 0.0056443216522365615
leaf_weight=1.2422126800520441 2.7773452105466303 0.41220969194546198 16.334048087883286 0.48407462862087092 0.42388888285495419 0.21477701235562363 4.3244333269540212 2.3524285596795371 5.1203708588145664 3.3767540231347075 19.787446938804351 0.14216250326717306 0.20234794600401063 5.995072637218982 0.41336543625220645 1.9454461731947956 0.72818536590784777 1.5759786879643782 2.7958497605286543 0.76542378356680307 1.0854880918050183 0.3224050821736455 2.2998399750795215 3.5252587099093944 1.1759949158877132 3.0033950842916965 0.94774686126038421 2.6033691242337227 0.62858017161488566 1.2350495606660843 1.4974370209965857 0.63424410572042722 0.60758468881249461 0.31546480767428864 3.1955779686104506 0.80580192292109132 0.8399464944377536 1.0938096763566134 2.2552371348720044 0.42127515375614166 1.4555485211312769 1.0050846899393944 2.4006922664120793 1.7151764375157652 0.93051552574615926 0.17340109450742502 1.662418359192088 0.303825095994398
leaf_count=420 56 22 16084 46 40 9 3438 26 74 29 9820 7 14 1745 126 38 129 54 58 48 102 36 32 55 10 19 206 24 28 80 36 35 30 35 413 112 42 56 131 2 95 49 43 118 91 20 305 81
internal_value=0.00307058 -0.00524642 -0.00927266 -0.0225036 -0.00254422 0.000424296 -0.00498574 -6.45236e-07 0.00589971 -0.000409265 0.0335433 0.00590158 -0.00518068 0.0160683 0.027304 -0.0172322 -0.0176629 0.00571661 0.017287 -0.032614 0.00191529 -0.045545 0.00381047 0.0099913 0.0175133 0.0224136 0.00163061 2.8304e-05 0.00884106 -0.000757797 0.0108126 -0.0255009 -0.0288958 0.0107894 0.0217731 -0.00159141 -0.00692656 0.0307382 -0.0337192 0.00666443 -0.0122728 -0.000582594 -0.0261737 0.0187288 -0.0142041 -0.036294 0.0193728 0.00143529
internal_weight=109.554 86.9892 73.9617 30.5303 10.962 43.4314 33.5941 29.2696 22.5711 17.4507 22.5648 10.2157 6.53601 13.0275 6.40844 6.69857 4.67124 14.074 9.83731 19.5684 6.61905 0.746294 5.94765 12.8317 6.70312 5.52712 2.52373 6.12863 5.53356 3.40617 4.80236 3.94305 3.49707 2.77759 3.67965 1.54254 3.06092 3.88966 2.86282 1.22708 2.2955 2.50252 4.75312 2.12739 1.14529 16.5074 1.86477 0.445988
internal_count=34569 24693 22323 17556 1267 4767 4436 998 891 817 9876 1191 732 2370 1871 107 413 788 331 16289 499 76 217 368 289 279 260 79 397 257 117 284 196 229 459 149 185 114 161 114 137 85 69 140 100 16104 319 88
is_linear=0
shrinkage=0.04


Tree=160
num_leaves=60
num_cat=0
split_feature=13 30 10 19 8 29 2 3 1 13 10 28 7 8 8 7 12 34 19 4 9 3 6 2 2 29 30 31 8 31 8 9 29 3 3 10 31 12 31 8 12 19 29 8 3 34 12 33 12 1 31 7 11 3 3 11 2 12 12
split_gain=15.8676 5.03594 3.2736 2.95071 2.3861 3.39896 1.91645 2.50363 2.37596 1.72362 3.28865 2.96256 2.309 1.53444 1.46695 1.75983 1.36638 1.48902 1.34352 2.13621 1.34348 1.22375 1.2097 1.17129 1.12357 1.00999 1.74584 0.995887 0.972953 0.9296 0.892582 0.772275 0.763984 0.75883 0.664341 0.548921 0.512019 0.412552 0.411696 0.396981 0.379929 0.372443 0.351752 0.339795 0.328635 0.302724 0.289192 0.241003 0.214458 0.211598 0.167633 0.0960547 0.0753781 0.0527186 0.0392346 0.0220831 0.0131563 0.00177526 0.00488608
threshold=0.45000000298023229 0.75505790114402782 0.14039409160614016 0.86425063014030468 0.2237871661782265 0.73812729120254528 0.73401361703872692 0.91112279891967785 0.38750000298023229 -1.0000000180025095e-35 0.12060606107115747 0.75000000000000011 0.6944047510623933 0.79095324873924266 0.64785373210906994 0.30622577667236334 0.28577655553817755 0.75000000000000011 0.64760348200798046 0.74849396944046032 0.43792808055877691 0.8602094054222108 0.2722280621528626 0.51113310456275951 0.81872946023941051 0.99861112236976635 0.89452862739562999 0.87704071402549755 0.68614074587821972 0.80007448792457592 0.41444373130798345 0.25677657127380377 0.9932575821876527 0.90103206038475048 0.93780383467674266 0.23303167521953586 0.89850071072578441 0.022235956974327568 0.8349498212337495 0.62145593762397777 0.4060333669185639 0.76253134012222301 0.81086421012878429 0.56562754511833202 0.8279307782649995 0.37500000000000006 0.54181629419326793 0.87500000000000011 0.16701237112283709 0.44949495792388922 0.89294496178627025 0.65480339527130138 0.36854232847690588 0.6708679497241975 0.93002474308013927 0.3940140306949616 0.24525599926710132 0.30752871930599218 0.23849330097436908
decision_type=2 2 2 2 2 2 2 2 2 2 2 2 2 2 2 2 2 2 2 2 2 2 2 2 2 2 2 2 2 2 2 2 2 2 2 2 2 2 2 2 2 2 2 2 2 2 2 2 2 2 2 2 2 2 2 2 2 2 2
left_child=1 3 28 9 20 33 8 13 38 12 54 22 18 21 15 41 24 -18 30 23 -5 49 31 42 -3 34 -27 -25 52 -16 -1 -12 44 47 -26 45 -31 -28 43 -9 -37 -13 56 -7 53 57 -33 50 -4 -8 -6 -41 -2 -32 -11 -40 -20 58 -22
right_child=2 16 48 4 5 6 7 39 -10 10 11 14 -14 -15 29 -17 17 -19 19 -21 35 -23 -24 27 25 26 37 -29 -30 36 32 46 -34 -35 -36 40 -38 -39 55 51 -42 -43 -44 -45 -46 -47 -48 -49 -50 -51 -52 -53 -54 -55 -56 -57 -58 -59 -60
leaf_value=-0.012736128010537112 -0.0021467356613158566 0.02141987881217966 -8.2377078636603347e-05 -0.011611486495723756 -0.032998821979438903 -0.0088599196821224219 -0.0077552888316335189 -0.0052680368027770222 0.031643805347500206 -0.036149766714624013 0.014327175630165903 -0.010644551170232615 -0.038226952527484738 0.010853393331701783 -0.021571610239697066 -0.048364051361152204 0.031829178097946012 -0.015293862939731721 -0.00010692378720774081 0.01920348527036685 -0.0019186014145092481 -0.044114522174961361 0.027950024994165049 -0.036209192718576449 -0.0082708984749810446 -0.036721122539600873 0.014892459141278482 -0.0012315995196664007 0.01211010967861581 0.017209599757022746 0.0056699395455668943 -0.020780829722383948 -0.0041113241717394755 0.0061902273262213064 0.018664669296617024 -0.013651376086980294 -0.0079530247335543123 -0.0085344943607628537 -0.01866030753160966 0.022606199025022648 0.011291347649219182 0.011529137873681606 0.017478358557609229 0.013279180130757002 0.027239220119415184 0.038649995163423809 0.0012461666673623199 0.00055801411495679789 0.035577890806660038 0.010119474954355874 0.00020339955363868624 0.00031384547388955215 -0.023626131045143172 -0.0030266367450876228 -0.00046814991039880675 -0.0002809733340802601 -0.0076859280714632805 0.0013527266998360381 0.00099720332741319844
leaf_weight=0.75826997519471007 0.83619637857191553 2.0364026974420977 0.12867556232959287 0.65432484279154124 5.4650900260894586 0.53098970267455869 0.56667443254264094 0.38913061219500411 4.7366226757294498 13.118636927451007 0.9661595657234997 1.0032804313523227 1.4008748733904202 0.69172386953141529 0.74171802320051972 2.5736748689669184 5.7631592813413581 0.2608356438577174 0.067409046692771701 1.6769372234120963 0.12828126741806078 2.5038444601232186 2.3754373696865514 3.4085753427352756 1.2242810811148959 1.5626101905945691 1.4118066779337826 2.0097170602530241 1.4709583129733799 2.1700245816609827 0.50907268258742966 1.3353709234506825 1.4714836243074385 0.38807175401598204 1.9994435030966995 0.22847615182399739 0.72519204788841296 0.62825482734478999 1.2194056811858898 1.9499416461912917 0.65527419932186604 0.73825898690847669 0.63112910464406013 0.96658277948154137 3.7930742334574461 2.7087353994720615 0.89760876051150251 0.18569441931322206 21.026441659312695 0.51112401526188478 0.080483090656343736 0.41424573690164823 0.8999506076797843 0.71034273691475391 0.033729678718373957 0.18498529808130104 0.41086939431261271 0.23708680085837841 0.14734434941783547
leaf_count=199 39 81 4 298 3744 280 39 17 240 14393 27 49 26 46 12 61 1432 45 26 31 83 150 87 116 49 47 138 24 29 98 40 93 14 60 225 1 47 20 216 147 119 34 3 71 62 145 28 6 10735 24 11 50 23 35 8 63 191 4 3
internal_value=0.0024247 -0.00589751 0.0298596 -0.0104654 0.000298979 -0.00577381 0.00490936 -0.00905458 0.0173553 -0.0166269 -0.0227641 -0.00740687 -0.00573379 -0.0251939 -0.0215573 -0.0340216 0.0141896 0.0267979 0.000258567 -0.00988042 0.0221617 -0.0339041 0.0127734 -0.0198666 0.00279128 -0.00541063 -0.0171823 -0.0265064 -0.00521344 -0.000837747 0.0117041 -0.00333 0.0167628 -0.027563 0.00857754 0.0296421 0.00974788 0.00639668 -0.00830965 0.0155243 0.000213252 -0.000285896 0.00814204 0.00421999 0.0228574 0.0350566 -0.0143195 -0.0309604 0.0352624 0.000660406 -0.0322249 0.0204 -0.019389 0.00130473 -0.0360475 -0.0177013 -0.0067362 0.000887458 8.96422e-06
internal_weight=108.32 83.9578 24.3622 69.071 25.5441 20.7846 14.6653 7.02668 7.63859 43.5268 26.6791 13.5267 16.8478 4.27337 7.95215 4.31521 14.8868 6.02399 15.4469 8.20464 4.75952 3.58164 5.57458 6.5277 8.8628 6.8264 3.60267 5.41829 3.20711 3.63693 7.24224 3.19914 6.48397 6.11934 3.22372 4.1052 2.89522 2.04006 2.90196 2.75332 0.88375 1.74154 1.10941 1.49757 5.01249 3.22145 2.23298 5.73127 21.1551 1.0778 5.54557 2.36419 1.73615 1.21942 13.1524 1.40439 0.478278 0.512712 0.275626
internal_count=34388 23558 10830 21521 5817 5164 1343 473 870 15704 14937 536 767 259 301 144 2037 1477 741 391 653 213 235 360 560 479 205 140 91 157 350 148 151 3821 274 355 145 158 630 214 120 83 220 351 137 235 121 3761 10739 63 3755 197 62 75 14401 279 217 90 86
is_linear=0
shrinkage=0.04


Tree=161
num_leaves=50
num_cat=0
split_feature=12 23 32 12 3 28 19 9 2 1 9 11 10 9 34 2 1 29 1 19 3 3 29 21 31 10 19 3 29 4 31 12 31 3 5 21 3 33 5 12 10 2 2 31 12 24 29 10 5
split_gain=14.7171 5.50814 3.90532 2.5044 2.43743 4.24313 1.99362 2.90625 1.83107 2.23487 1.81925 1.59721 1.44336 1.41939 1.37934 1.37579 1.3662 1.24496 2.19539 2.35548 2.01599 1.76651 1.59028 0.975654 0.671808 0.608581 0.580904 0.688961 0.5781 0.784099 0.563417 0.471646 0.455903 0.593869 0.424069 0.260382 0.258284 0.228348 0.212616 0.210825 0.173002 0.13973 0.219568 0.120469 0.117461 0.114229 0.0988719 0.0210401 0.0158812
threshold=0.42895354330539709 1.0000000180025095e-35 0.36666667461395269 0.14671076089143756 0.91658571362495433 0.75000000000000011 0.92403846979141246 0.80901724100112926 0.7243877947330476 0.38750000298023229 0.79502627253532421 0.24331474304199222 0.10912698507308961 0.33137255907058721 0.75000000000000011 0.17883795499801639 0.19090909510850909 0.99861112236976635 0.44949495792388922 0.64760348200798046 0.89957937598228466 0.71127048134803783 0.88366732001304638 0.17500000447034839 0.92234361171722423 0.13188406080007556 0.93405798077583324 0.91112279891967785 0.90240257978439342 0.82519841194152843 0.4090802818536759 0.35851633548736578 0.87379801273345958 0.89399582147598278 0.9759001135826112 0.075000001117587103 0.88630625605583202 0.62500000000000011 0.83250823616981517 0.86009308695793163 0.28991597890853887 0.82712644338607799 0.83438816666603099 0.69079047441482555 0.18205127120018008 0.10811688378453256 0.7241005301475526 0.17752101272344592 0.089719939976930632
decision_type=2 2 2 2 2 2 2 2 2 2 2 2 2 2 2 2 2 2 2 2 2 2 2 2 2 2 2 2 2 2 2 2 2 2 2 2 2 2 2 2 2 2 2 2 2 2 2 2 2
left_child=1 6 4 -3 5 13 17 12 9 16 -10 -5 26 -2 -6 30 35 18 19 21 -19 25 23 32 -22 38 -8 44 41 -30 31 -13 33 -21 45 -7 -34 -4 -1 -16 -12 -20 -43 -23 -28 -17 -45 -37 -25
right_child=2 3 37 11 14 8 7 -9 10 -11 40 15 -14 -15 39 34 -18 20 28 22 24 43 -24 48 -26 -27 27 -29 29 -31 -32 -33 36 -35 -36 47 -38 -39 -40 -41 -42 42 -44 46 -46 -47 -48 -49 -50
leaf_value=-0.023492547750507905 -0.0077848626564420162 -0.035460146240013583 0.0081665705358716523 0.02607933667493198 0.031902280756542931 -0.0059481388461969618 0.0073478018387402059 0.031102562761351545 0.0058159079882587643 0.022761528712185664 -0.0091735219991933743 -0.0181066862777771 0.018746510141062926 0.028635006446328409 -0.019943365072733057 -0.029067887748616853 -0.032627364134041707 0.0081803902351414437 0.019294374468944647 -0.034914407750182702 -0.0064496975632552106 0.0014046830292390002 0.010754809284691033 2.8107654646256963e-05 -0.04726696322279185 0.0073155848688177677 -0.027311661759631595 0.004540655414037106 -0.011494928773698747 0.01587626792347167 0.021141705839081228 0.0083805999833211509 0.0021143546881703386 0.004026580152509722 0.0015096153530630089 0.00020839639804181629 -0.015158122997055639 0.036484568552749071 0.0022281237134724992 0.0032438901270677306 -0.060084796197404929 -0.0083335591353066122 0.0095607345280473485 0.0038782187261437485 -0.00035284809195340573 -0.00034742074775788245 0.027055169178074906 0.014004172715813435 0.0060902570715964969
leaf_weight=1.9763027476728963 1.4275529207661755 12.898673648538535 1.6994705559918664 0.68831177818355982 5.9487981717102221 0.77995287440717209 0.61316043470287507 5.0416503344895318 0.68638030486181412 1.9253832257818428 0.84097850532270946 0.56838319735834397 1.3942450978793202 5.4158497985918075 0.13155855913646508 3.2385387858666954 2.1838483870960772 1.6420485011767585 5.5941220658714865 7.1973459688015264 1.5719186663627627 0.8001762544736265 1.4692105246940617 0.56691718974616268 1.6559214750304816 0.78284859121777106 3.2777375262230639 0.88527810014784325 2.7720759620424364 1.1717463056556878 0.88181081664515648 0.7407745246309787 1.5592465482186528 0.22587669640779484 0.58687713759718452 0.2698121443390844 1.4215244549559427 15.917325231712312 0.13402892649173725 0.19487723626662046 0.98558938433416188 0.47160298819653668 0.79281330504454672 1.1127936262637379 0.30754080042242993 0.085822082124650367 2.3859455098281614 0.82237316574901342 0.59409684356069192
leaf_count=954 39 15626 822 10 1657 19 62 394 33 164 16 73 55 529 30 1547 53 33 119 1428 32 37 34 63 43 18 403 15 41 121 18 11 41 3 28 7 22 9249 1 41 91 8 69 70 10 3 48 109 89
internal_value=0.00233639 -0.0089841 0.021368 -0.0259457 0.00886138 -0.000233928 -0.00132075 0.0121477 -0.0178899 -0.00280162 -0.0388375 -0.00449031 -0.0054195 0.0207092 0.0270965 -0.0126874 -0.0181732 -0.00601128 -0.00250352 -0.010094 -0.0221838 0.00716129 -0.0195146 -0.024326 -0.0359239 -0.0129374 -0.0151666 -0.0197334 0.011043 -0.000761709 0.00866118 -0.00582578 -0.0278606 -0.0329447 -0.0241123 0.00499722 -0.00798425 0.0347092 -0.0209676 -0.0133944 -0.0516568 0.017014 0.00145701 0.0208997 -0.0257579 -0.0281411 0.0233409 0.0127122 0.00435669
internal_weight=106.337 67.1074 39.2298 19.6892 21.613 15.3377 47.4182 11.5196 8.49432 5.98137 2.51295 6.79052 6.47796 6.8434 6.27523 6.10221 4.05599 35.8986 31.0287 20.2263 4.86989 7.1921 13.0342 11.565 3.22784 2.89318 5.08372 4.47056 10.8024 3.94382 2.19097 1.30916 10.404 7.42322 3.91124 1.87214 2.98077 17.6168 2.11033 0.326436 1.82657 6.85854 1.26442 4.29892 3.58528 3.32436 3.49874 1.09219 1.16101
internal_count=34388 21529 12859 17316 2788 1060 4213 939 492 352 140 1690 545 568 1728 1680 188 3274 3166 2808 108 1128 1680 1646 75 973 490 428 358 162 102 84 1494 1431 1578 135 63 10071 955 71 107 196 77 155 413 1550 118 116 152
is_linear=0
shrinkage=0.04


Tree=162
num_leaves=46
num_cat=0
split_feature=13 30 20 38 38 1 10 13 29 7 3 1 2 3 19 38 7 29 2 10 22 36 29 30 8 19 3 10 1 10 24 32 29 19 24 8 3 19 36 19 8 3 38 2 19
split_gain=14.5498 4.61035 4.96921 3.31743 3.26294 3.88669 3.13399 1.81395 1.78092 1.74089 2.39106 1.7197 2.64013 1.57897 1.64927 1.30812 1.11002 1.97918 1.0979 1.09354 1.07318 0.956923 2.21684 1.79913 0.915935 0.886149 0.749638 0.726425 0.545141 0.779395 0.639338 0.540363 0.429928 0.399599 0.284132 0.279905 0.22397 0.178124 0.166066 0.157261 0.103601 0.0561052 0.0345247 0.0247686 0.00497725
threshold=0.45000000298023229 0.75505790114402782 0.52060455083847057 0.22028702497482303 0.43274678289890295 0.095454547554254546 0.14039409160614016 1.0000000180025095e-35 0.66000643372535717 0.6944047510623933 0.91112279891967785 0.38750000298023229 0.60495716333389293 0.82524684071540844 0.60188680887222301 0.43274678289890295 0.5750112533569337 0.82452383637428295 0.81872946023941051 0.21583850681781772 0.52500000596046459 0.63333335518836986 0.98155865073204052 0.89452862739562999 0.68614074587821972 0.61602565646171581 0.8279307782649995 0.31698563694953924 0.10555555671453477 0.15075758099555972 0.06138147599995137 0.30952382087707525 0.9483105242252351 0.48912529647350317 0.10102041065692903 0.055946791544556625 0.8818531632423402 0.99074074625968944 0.76666668057441723 0.76253134012222301 0.72065573930740368 0.83475819230079662 0.25480966269969946 0.44920890033245092 0.94665718078613292
decision_type=2 2 2 2 2 2 2 2 2 2 2 2 2 2 2 2 2 2 2 2 2 2 2 2 2 2 2 2 2 2 2 2 2 2 2 2 2 2 2 2 2 2 2 2 2
left_child=1 2 3 9 27 35 24 8 -7 10 11 13 -13 -1 33 18 17 -14 -3 40 28 22 44 -24 43 -21 -16 -4 29 -5 -30 -17 -23 -15 -27 39 41 -25 -22 -6 -10 -28 -8 -2 -20
right_child=6 15 4 20 5 7 42 -9 19 -11 -12 12 16 14 26 31 -18 -19 21 25 38 32 23 37 -26 34 36 -29 30 -31 -32 -33 -34 -35 -36 -37 -38 -39 -40 -41 -42 -43 -44 -45 -46
leaf_value=-0.031850598226282258 -0.0028394392836162915 0.021100030523984917 -0.036875163766692656 0.038613772069876921 -0.0075832524045743154 -0.031307275752171002 0.0014047201276533975 -0.046601013372638021 -0.019153947652177126 -0.036534236840305274 0.023246632557057674 0.025813900536399505 0.0085953095592506603 -0.0018837674215737893 0.0097377120202256865 0.030577313716844256 0.007517481313758078 -0.031429027174780862 0.015760322740561238 -0.0082033174926887092 -0.011014328717959565 -0.0053083545415684441 -0.048342804833286374 0.0097143534418289174 0.011817339965170703 -0.00022614083007632311 -0.0027871507825921317 0.0014562962456549794 -0.012614010812889416 0.0027530217027003823 0.015722349902462997 5.385493790166109e-05 0.020108356327117202 0.020862562179651205 0.025763021212413466 0.0259126496238028 -0.002563424047477606 -0.0058737638402609014 0.0038056576539235169 0.0079810117720045034 -0.0002213774104033654 -0.028750332389189497 0.035235334396688592 -0.022249819758265448 0.00069285015928092337
leaf_weight=5.264982655236973 0.83976176404394498 1.9957631441066022 13.642378346121404 3.4498582339147088 0.3929133573546999 1.9268665760755519 0.28887893189676361 1.607861031545325 1.0409751890110781 1.4624722772277881 2.9960022598970673 3.5265757297165683 2.0758840994676557 1.2266361897927693 0.41486085910582904 4.8260094149736679 3.0260681684594601 3.7977043904247694 1.2495161715196443 1.2004668829031286 0.94113235478289403 0.66507489420473542 1.4934838645858692 0.67535181692801394 1.4523250511847434 0.55164736532606218 0.65075174201047081 0.60876458464190442 0.83321300323586944 1.5793260762002317 1.2133738538250325 0.95228520780801762 1.2663860442116857 2.0300582181080244 2.6635068680625409 2.8432982048834674 1.3355568246915934 0.92080840095877647 0.93269503826741129 0.6417854786850512 0.72751194506417949 2.5208391194464639 19.508082082145847 0.87542546493932605 0.4362392472103237
leaf_count=3600 38 81 16027 66 8 51 29 108 69 25 69 32 26 30 25 1181 44 62 130 54 42 26 69 57 29 12 78 19 77 60 50 298 52 57 270 207 23 87 39 68 15 208 10710 24 56
internal_value=0.00229182 -0.00570276 -0.010139 -0.00075331 -0.0225938 -0.00714492 0.0293897 -0.0200572 -0.00811526 -0.00719148 -0.00390209 -0.00822501 0.00236132 -0.0174002 -0.00439938 0.013755 -0.00919023 -0.0179745 0.00256511 0.00359508 0.0187683 -0.00558188 -0.0142691 -0.0300434 -0.00502424 0.0134936 -0.0172061 -0.0351238 0.0249182 0.0307177 0.00328744 0.0263351 0.012099 0.0138476 0.0221201 0.0213785 -0.0219948 0.00145788 -0.00444787 0.000393409 -0.015275 -0.0263637 0.0349602 -0.0188342 0.0144642
internal_weight=104.571 81.6069 67.126 39.278 27.848 13.5968 22.9645 9.71884 8.11097 30.3284 28.8659 25.8699 12.4262 13.4437 8.1787 14.4809 8.89966 5.87359 8.70262 6.18411 8.9496 6.70686 4.7754 3.08964 3.16751 4.41562 4.92201 14.2511 7.07577 5.02918 2.04659 5.77829 1.93146 3.25669 3.21515 3.878 4.50715 1.59616 1.87383 1.0347 1.76849 3.17159 19.797 1.71519 1.68576
internal_count=34388 23558 21521 4613 16908 862 10830 579 471 4279 4254 4185 164 4021 421 2037 132 88 558 420 334 477 399 213 91 336 334 16046 253 126 127 1479 78 87 282 283 309 144 81 76 84 286 10739 62 186
is_linear=0
shrinkage=0.04


Tree=163
num_leaves=61
num_cat=0
split_feature=13 1 8 14 10 9 3 38 29 2 6 29 10 3 2 2 2 29 31 3 9 8 38 6 7 10 2 9 2 19 19 8 31 2 21 19 31 10 10 19 10 19 20 38 8 10 9 8 7 2 29 22 21 20 1 38 31 5 38 3
split_gain=13.8738 4.34572 3.39536 4.73323 3.07941 2.39059 2.02803 1.81551 1.66677 1.61369 1.81182 1.80771 1.72159 1.6897 1.36214 1.51496 1.32493 1.19059 1.3163 1.19037 1.13273 0.888331 0.882086 0.673603 0.915022 0.660308 0.654282 0.668093 0.652136 1.51814 1.19888 0.803713 0.783874 0.589994 0.550777 0.544461 0.534544 0.381083 0.448736 0.378678 0.365375 0.361347 0.580192 0.622283 0.353189 0.332973 0.312583 0.308493 0.254664 0.22994 0.21207 0.18828 0.15556 0.130895 0.102518 0.0960139 0.0724204 0.0472226 0.0338723 0.0158449
threshold=0.45000000298023229 0.44949495792388922 0.2237871661782265 -1.0000000180025095e-35 0.14039409160614016 0.43792808055877691 0.89399582147598278 0.43274678289890295 0.7241005301475526 0.62715834379196178 0.73133391141891491 0.90469577908515941 0.35504202544689184 0.91658571362495433 0.81872946023941051 0.91010102629661571 0.76506900787353527 0.99861112236976635 0.93937537074089061 0.91658571362495433 0.22401433438062671 0.68614074587821972 0.22028702497482303 0.69015115499496471 0.45959596335887914 0.68585526943206798 0.63859337568283092 0.80901724100112926 0.54110360145568859 0.8532998561859132 0.60922586917877208 0.58919963240623485 0.88214558362960827 0.49295215308666235 0.17500000447034839 0.76253134012222301 0.89850071072578441 0.23303167521953586 0.23669467866420749 0.92206478118896495 0.12060606107115747 0.94804319739341747 0.2098387032747269 0.43274678289890295 0.70064935088157665 0.17752101272344592 0.69631093740463268 0.78830561041831981 0.62781384587287914 0.82712644338607799 0.86368250846862804 0.32500000298023229 0.27500000596046453 0.54186138510704052 0.26136364042758947 0.94663721323013317 0.89485844969749462 0.34094446897506719 0.25480966269969946 0.36499936878681188
decision_type=2 2 2 2 2 2 2 2 2 2 2 2 2 2 2 2 2 2 2 2 2 2 2 2 2 2 2 2 2 2 2 2 2 2 2 2 2 2 2 2 2 2 2 2 2 2 2 2 2 2 2 2 2 2 2 2 2 2 2 2
left_child=1 2 5 7 21 20 25 8 34 46 11 16 14 23 50 17 26 36 -19 47 40 57 -7 24 -13 48 -11 44 33 30 -30 -31 54 51 49 -24 -16 -37 -39 -17 -1 -41 -43 -44 -28 -8 -3 -18 52 -4 -12 -10 55 -9 -32 56 59 -2 -6 -5
right_child=4 9 3 6 58 22 45 53 28 10 12 13 -14 -15 15 39 19 18 -20 -21 -22 -23 35 -25 -26 -27 27 -29 29 31 32 -33 -34 -35 -36 37 -38 38 -40 41 -42 42 43 -45 -46 -47 -48 -49 -50 -51 -52 -53 -54 -55 -56 -57 -58 -59 -60 -61
leaf_value=-0.0069639535681152113 -0.0022568712747136621 0.00042507180764353913 -0.031674906608372501 -0.00059625093472127954 0.0013933471494614084 -0.0087491768707862391 -0.0080316829093501109 0.00026993697428876877 0.0045841179827371212 -0.009355787186081696 0.00032046909571704983 -0.023391296602909475 0.028872314642056477 0.010593337979820219 -0.012005876521908222 0.01884783410377756 -0.02992438979227344 0.0018014239605662263 -0.052662604968079285 0.012884527922502 -0.026316412791898669 0.011625579617778095 -0.00038220408703335635 -0.049804884220681973 0.012077313641755355 0.004617407510365385 -0.012634640038150425 0.026540455091637861 0.0039180407674780501 -0.011265706399564845 -0.0060753958384545982 0.017139883485727134 0.00046794609627425718 0.020827451016838455 0.0041295532589525688 0.035678596532315379 0.012901872371556794 -0.012914180993334346 0.013608882391066284 -0.015652607091780481 0.018184524379140511 0.017793935072076425 -0.01982600345563083 0.010377682809649891 0.010017803965902405 0.014062895652325109 0.029655341970059396 -0.00080498282046272856 0.00070645719561914986 0.0011504248927576815 0.023722892882295274 -0.012685699903817517 -0.00018287840049019012 0.024744539455195551 -0.040022133735005662 -0.00057052450442472084 -0.00028532769736418266 -0.022226045879252154 0.035071585181762642 -0.036414057317869619
leaf_weight=0.37907413381617361 0.80567468213849058 0.6985583032364987 3.6531267671380259 0.025684031541483132 0.28871605917811649 0.49523814814165223 0.44610013434430484 0.31348890706431065 0.53287286509293996 0.52401929657207968 0.5415263451286586 0.77560342045035191 4.0270989935379466 0.69776229764102016 1.4036418570321969 1.2688447480322791 1.73056405998068 0.70393033628352009 0.83166081109084189 0.81430774420732621 2.2532824072986841 1.4429899828974155 0.8170059134135953 1.4368575875414533 0.86460605700267479 0.25177628081291814 0.78955179132753961 2.9782878088881262 2.2886765351868217 0.9161369505454785 0.90379950689384791 3.7693111315602437 1.0246407635859212 2.034848012321163 0.35981591086601827 3.3570940277422778 1.0583328645443542 0.24711675615981199 0.83793464791961014 0.29100041231140528 0.74292516533751041 1.2378092575818302 0.89413875946775057 0.59480834635905921 0.54010251717409119 1.1697378512471912 3.20231775281718 0.91864333895500738 0.13007372955325891 0.10052116215229023 2.1459012487903237 0.60198066156590357 0.11396374535979603 1.8821420087479053 1.8626227361964991 0.036471664905547097 0.21652888366952439 0.90329877426847816 18.835789423552342 17.744897286582272
leaf_count=468 31 22 1896 20 29 493 151 12 44 19 48 15 1238 76 49 118 75 40 25 52 1358 29 48 47 63 16 93 151 43 87 58 68 20 55 57 66 109 3 143 36 16 157 42 93 30 94 135 25 23 1 94 23 52 166 79 2 47 31 10710 15097
internal_value=0.00222447 -0.00559018 -0.0128076 -0.0176929 0.0291111 0.00805523 -0.030729 -0.0034098 -0.00813753 0.00594421 0.00178028 -0.00906036 0.0106554 -0.0273811 0.00114007 -0.00700122 0.00199476 -0.0213893 -0.0380844 -0.0135061 -0.0145835 -0.00500111 0.0218873 -0.0373624 -0.00741878 -0.0342978 0.0140178 0.0190263 -0.000523456 -0.00542585 -0.0170063 0.00972912 -0.0276425 0.0120625 -0.0265351 0.0264414 -7.77794e-05 0.0306811 0.00301624 0.00812516 0.00975684 -0.000683762 0.00550202 -0.00783418 -0.00213048 0.00633309 0.0259294 -0.0240473 -0.0352535 -0.0302433 0.0201896 -0.00558219 -0.0356613 0.0224048 -0.0352402 -0.035943 -0.0360864 -0.0186013 0.0347893 -0.0363713
internal_weight=102.755 80.4788 49.5089 40.3792 22.2765 9.12967 20.1352 20.244 18.0484 30.9699 27.069 12.0703 14.9987 3.77483 10.9716 8.28417 8.29548 3.99757 1.53559 3.46352 3.37528 3.15196 5.75439 3.07707 1.64021 18.5194 4.83196 4.30794 13.9349 10.7652 6.07974 4.68545 3.79106 3.1697 4.11346 5.25915 2.46197 4.44215 1.08505 4.2866 1.122 3.01776 2.72676 1.48895 1.32965 1.61584 3.90088 2.64921 18.2676 3.75365 2.68743 1.13485 18.1375 2.19563 2.76642 18.0236 17.9871 1.70897 19.1245 17.7706
internal_count=34388 23558 20706 18111 10830 2595 15502 2609 2431 2852 2695 646 2049 201 811 669 445 223 65 152 1842 91 753 125 78 15257 293 274 477 355 200 155 157 122 1954 260 158 212 146 446 484 328 292 135 123 245 157 100 15241 1897 142 67 15218 178 137 15166 15164 62 10739 15117
is_linear=0
shrinkage=0.04


Tree=164
num_leaves=54
num_cat=0
split_feature=13 30 20 12 28 38 10 30 3 5 9 30 35 5 38 34 20 22 38 4 20 19 2 19 9 3 3 21 22 10 24 2 19 24 30 22 5 10 19 24 10 4 6 30 20 12 6 36 3 24 30 35 38
split_gain=13.2195 4.19723 4.60909 4.02207 3.12189 3.10702 3.024 1.77034 1.71274 1.68094 1.65995 1.51136 1.52506 2.00397 1.22411 1.46212 1.04804 1.0038 0.925134 0.904814 0.818206 0.606936 0.585883 1.17949 0.471253 0.844865 1.00661 0.984729 0.491475 0.463154 1.00611 0.406943 0.431069 0.397403 0.395425 0.386934 0.380076 0.275506 0.272474 0.340118 0.232623 0.222503 0.382629 0.853558 0.32191 0.205037 0.167477 0.153013 0.141732 0.132966 0.0535708 0.0355243 0.00908481
threshold=0.45000000298023229 0.75505790114402782 0.52060455083847057 0.42895354330539709 0.75000000000000011 0.22028702497482303 0.14039409160614016 0.69175162911415111 0.91658571362495433 0.76506900787353527 0.5604878067970277 0.53223589062690746 1.0000000180025095e-35 0.80982521176338207 0.43274678289890295 0.75000000000000011 0.30940108001232153 0.52500000596046459 0.43274678289890295 0.63224515318870556 0.60885909199714672 0.77459675073623668 0.81872946023941051 0.71902412176132213 0.80901724100112926 0.83336639404296886 0.8818531632423402 0.075000001117587103 0.52500000596046459 0.21240601688623431 0.0055250306613743314 0.59317129850387584 0.6900656819343568 0.077777776867151274 0.73129138350486766 0.52500000596046459 0.84028983116149913 0.23904761672019961 0.87367022037506115 0.01673669554293156 0.23904761672019961 0.82097071409225475 0.89399942755699169 0.89452862739562999 1.0000000180025095e-35 0.16701237112283709 0.37464404106140142 0.76666668057441723 0.93335816264152538 0.15075758099555972 0.17170953005552295 0.45000000298023229 0.56897041201591503
decision_type=2 2 2 2 2 2 2 2 2 2 2 2 2 2 2 2 2 2 2 2 2 2 2 2 2 2 2 2 2 2 2 2 2 2 2 2 2 2 2 2 2 2 2 2 2 2 2 2 2 2 2 2 2
left_child=1 2 5 34 18 10 20 9 -9 21 46 24 13 -13 16 -16 22 29 -5 -14 -2 -6 -3 -24 25 27 31 28 -12 30 -7 35 -33 -32 48 -27 -21 -31 -23 -40 -11 -25 -43 -44 -45 -8 -1 -19 49 51 -20 52 -4
right_child=6 14 3 4 7 17 45 8 -10 40 11 12 19 -15 15 -17 -18 47 50 36 -22 38 23 41 -26 26 -28 -29 -30 37 33 32 -34 -35 -36 -37 -38 -39 39 -41 -42 42 43 44 -46 -47 -48 -49 -50 -51 -52 -53 -54
leaf_value=-0.028478172619146785 0.0087177108147692313 0.022444823747459819 -0.037187363890466611 -0.0070870957713599437 -0.026351085004256248 0.03577668811313129 -0.00011148847295095497 -0.057963592717431109 0.006482759401896623 -0.001846724881340989 0.027137801988822239 -0.016154034131029168 0.0015581131677348051 0.022657960191806596 0.031164378333761591 -0.015525011791053804 -0.018971888446690666 -0.010597246647271009 0.0046510658298116901 -0.0078655539906423398 -0.020518741097177134 0.010609168003872444 -0.025427688738055135 -0.0041225677260185428 0.018662666354481092 -0.010653853707304468 0.012859262704802865 -0.012213118664616298 -0.0024623496200339707 -0.010859532958375818 -0.010398325178175174 0.0015394849255752601 -0.026794793187611934 0.012679144535828687 0.0011243084615406582 0.013253262021913379 -0.034070621049995323 0.0098463723901839294 0.0070719220095568861 -0.01655068911441927 0.021109308077378566 0.021302562952351042 -0.018492346236550022 0.018931310634292164 -0.004639329768975139 0.034959051280324713 0.00020298233346550997 0.0036602794200146379 -0.00010908277845741928 -0.00031910052207791996 0.02889709613771959 -0.00018752660444152841 -0.0002424519603627653
leaf_weight=3.7674944351310873 1.955178003059703 1.7771076862700264 13.7144771045132 0.99217339069582333 2.5517006709706038 4.2421074630692583 0.12341911718249576 1.0177849421743301 0.39203064749017347 0.36263836733996901 2.6012299195281257 2.5701635767472899 1.8414802942424993 2.8363537209806964 5.2562899292679495 0.25437758537009347 1.2730522902566006 0.92373371683061101 1.0351415558252486 2.632698756759055 1.1809816628228871 0.73578537418507028 0.54288187250494946 0.69813169073313464 2.5547047677682704 0.586619039007928 1.4622208948712794 0.67938930366653938 0.64535612444160495 0.45662269415333845 1.0310778365237636 0.66539863415528122 2.4022026450256817 0.66272910591214884 0.261273263255135 0.62998169270576909 3.6451302103232592 0.55317089566960931 0.38819962041452505 0.7625499137211591 1.6821735959965733 1.7111127094831315 0.76315839262679253 1.4190684393979607 0.42240203917026509 18.354667136911303 0.16706654778681684 0.91654927656054497 0.14540686167311001 0.048731683753431621 2.5883631492033601 0.084642612491735103 0.065104879438877883
leaf_count=3450 52 59 15984 31 45 84 4 48 81 5 148 43 30 77 1434 45 123 42 72 53 39 34 10 22 28 71 15 102 51 14 79 19 109 11 39 15 49 65 64 45 172 145 25 172 2 10735 19 39 18 2 198 67 3
internal_value=0.0021658 -0.00546647 -0.00976314 -0.0220101 -0.00431746 -0.000667663 0.0288298 -0.0185086 -0.0446449 -0.00523314 -0.00697675 -0.00249937 -0.0111918 0.00433423 0.0133063 0.0257813 0.00248271 0.0183597 0.018196 -0.020842 -0.00497457 -0.0176289 0.0090561 0.000621417 0.00714285 0.00182735 -0.00715161 0.0136614 0.0217751 0.0243476 0.0278064 -0.0159696 -0.0215517 0.000286664 -0.0354654 0.00133615 -0.0268677 0.000363397 -8.61284e-05 -0.00819036 0.0171634 0.00903612 0.0120818 2.91127e-05 0.0131148 0.0346143 -0.0271263 -0.0042631 -0.0363246 -0.0366966 0.0256761 -0.0369427 -0.0370951
internal_weight=101.033 79.4192 65.3017 26.8282 12.5085 38.4735 21.6142 7.89286 1.40982 6.48305 29.6875 25.7529 13.5258 5.40652 14.1176 5.51067 8.60692 8.78599 4.61568 8.11931 3.13616 4.43824 7.33386 5.55676 12.2271 9.6724 5.74642 3.92598 3.24659 6.94571 5.93591 4.2842 3.0676 1.69381 14.3196 1.2166 6.27783 1.00979 1.88653 1.15075 2.04481 5.01387 4.31574 2.60463 1.84147 18.4781 3.93456 1.84028 14.0584 13.913 3.6235 13.8642 13.7796
internal_count=34388 23558 21521 16908 795 4613 10830 494 129 365 4279 810 252 120 2037 1479 558 334 301 132 91 188 435 376 558 530 229 301 199 253 174 214 128 90 16113 86 102 79 143 109 177 366 344 199 174 10739 3469 81 16074 16056 270 16054 15987
is_linear=0
shrinkage=0.04


Tree=165
num_leaves=78
num_cat=0
split_feature=33 9 19 8 3 11 3 2 9 3 33 8 24 35 19 21 36 36 31 31 31 31 9 9 19 7 19 31 31 7 8 9 10 6 19 24 31 3 31 10 31 31 6 38 38 8 11 8 11 10 22 10 11 3 6 10 19 10 6 38 10 3 6 38 38 31 38 22 10 38 11 32 38 6 9 6 24
split_gain=12.3907 4.19525 3.44565 2.52612 2.36088 2.30398 2.05288 2.05701 2.54248 1.55871 1.55324 1.29377 1.50702 1.29242 1.19845 1.05837 1.03474 1.00067 1.06483 0.983151 1.35963 1.75739 1.3094 1.25423 0.929885 0.923764 1.00323 0.901587 0.820809 0.950469 0.796764 0.769452 0.742679 0.731286 0.721283 0.681851 0.587628 0.584157 0.576572 0.566686 0.486296 0.536313 0.483378 0.471672 0.455863 0.354186 0.337308 0.326209 0.302442 0.285506 0.272946 0.255229 0.243037 0.218736 0.209441 0.205654 0.187287 0.166394 0.140257 0.126856 0.12242 0.118172 0.104111 0.0995629 0.0871826 0.086935 0.0748882 0.135627 0.0748534 0.0696341 0.0579148 0.0576943 0.0322645 0.0243604 0.0143972 0.0109419 0.00118223
threshold=0.87500000000000011 0.43792808055877691 0.86240702867507946 0.7103942632675172 0.60556870698928844 0.42674797773361212 0.93335816264152538 0.77459675073623668 0.6789083480834962 0.8532681167125703 1.0000000180025095e-35 0.57338553667068493 0.013423423748463394 0.25000000745058065 0.55291152000427257 0.22500000149011615 0.83333334326744091 0.2333333417773247 0.8891870677471162 0.83178025484085094 0.93793785572052013 0.94286227226257335 0.94392031431198131 0.91024166345596325 0.69789379835128795 0.30249267816543585 0.7228132188320161 0.91250720620155346 0.69270640611648571 0.59638285636901867 0.59675306081771862 0.89512962102890026 0.11651583760976793 0.57763537764549266 0.89237451553344738 0.22361110895872119 0.91839417815208446 0.99245011806488048 0.86667150259017955 0.68301436305046093 0.82327255606651317 0.87013015151023876 0.54437294602394115 0.11697794869542123 0.19017449766397479 0.46027742326259619 0.47512376308441168 0.67083334922790538 0.66211557388305675 0.12060606107115747 0.82500001788139354 0.22902098298072818 0.24331474304199222 0.83055028319358837 0.57146459817886364 0.31698563694953924 0.96922349929809581 0.7947368621826173 0.76005846261978161 0.66794970631599437 0.12060606107115747 0.40480752289295202 0.37464404106140142 0.43274678289890295 0.22028702497482303 0.42497666180133825 0.10663190856575967 0.27500000596046453 0.23904761672019961 0.56897041201591503 0.56479570269584667 0.30952382087707525 1.0000000180025095e-35 0.26899777352809912 0.61620295047760021 0.47740298509597784 0.074304118752479567
decision_type=2 2 2 2 2 2 2 2 2 2 2 2 2 2 2 2 2 2 2 2 2 2 2 2 2 2 2 2 2 2 2 2 2 2 2 2 2 2 2 2 2 2 2 2 2 2 2 2 2 2 2 2 2 2 2 2 2 2 2 2 2 2 2 2 2 2 2 2 2 2 2 2 2 2 2 2 2
left_child=1 5 3 10 34 50 7 8 30 -9 13 12 44 15 49 36 27 35 -19 28 22 -22 23 42 -23 40 33 31 -5 -30 55 -11 37 45 63 38 47 52 69 46 61 -42 59 -13 -2 -27 -14 57 62 -7 -1 71 -8 74 76 -6 -29 65 -44 -21 -15 -12 -16 -4 72 -3 67 -39 -49 -10 -63 -17 -36 -45 -32 -55 -40
right_child=11 2 4 19 6 14 32 9 17 16 25 43 39 60 48 51 -18 18 -20 20 21 24 -24 -25 -26 26 -28 56 29 -31 53 -33 -34 -35 64 -37 -38 66 54 -41 41 -43 58 73 -46 -47 -48 68 -50 -51 -52 -53 -54 75 -56 -57 -58 -59 -60 -61 -62 70 -64 -65 -66 -67 -68 -69 -70 -71 -72 -73 -74 -75 -76 -77 -78
leaf_value=-0.034816487184359646 -0.0048441447363950178 -0.00048638319418508566 -0.0079343429884635077 0.010118695707781837 -0.027448235764669579 -0.0037972770609579509 0.018719280225607437 0.012751164705983043 -0.0025973124681301992 -0.05087628064711134 0.0033296179653609487 -0.0030860283629010454 0.0020028387687100494 -0.0035025162958238526 -0.022265605171157596 -0.010887118143154646 0.0034930733803394038 0.027412108239596264 -0.0049439829184208632 -0.010857166502725125 -0.036916731795844773 -0.017268468714757412 0.025464288431542473 -0.024542843613812364 0.019900981655932154 0.0014579763872653807 -0.028399938005761821 0.0075333222179707884 -0.0344677897955167 0.0059091843964881822 0.00015925783607142094 -0.00068425500244830787 0.029002298839337661 0.013387421338058215 0.0056462773943594382 0.012628600310733089 0.0036779986165199215 0.0011622996590696241 1.4811302514918164e-06 0.0068676126885351216 0.021797100181259216 -0.0051548664331074025 0.01977797975435068 0.00059889466179837412 0.025078317740689551 -0.019534250902592663 -0.031227495665442976 -0.0068871760286671399 0.0044184844752832185 0.021062214348782388 0.00013302678517996199 0.010987000011973539 -0.0035083894208072703 -0.0071909373028328071 -0.030880518349384226 0.0014029431985778103 -0.0092323335642188961 -0.00041535503204114996 0.00025485355286478253 0.0032539111390651044 0.011766972172204015 -0.013204135287830029 0.00034051407497246339 0.0050587884208291726 0.038943964048553353 -0.039725556633443883 0.00045514780062795026 -0.016758679862466964 0.00439403837322989 0.008965258095712289 0.00060686366330731773 0.0011129842815845292 -0.0019393638254920022 0.03663305654497033 0.013232848354163442 -9.4786884093940929e-05 0.0012002220161761966
leaf_weight=8.8518344831536488 0.34247045055963399 0.061073503049552502 0.36563552520238118 0.57417034351965357 2.7625383989652685 0.22560101654380549 1.3876960775814939 0.82320494012674217 0.16081365931313329 2.1597150613670246 0.23608738055918344 0.15167368948459525 0.22851617529522605 0.20259262702893543 1.4717960471753029 0.57610350160393753 0.88334063463844348 6.3940595409367234 1.3437510558869687 0.73832893068902039 0.80029877228662316 0.17516722879372526 5.6164724651607685 0.94066624453989778 1.6770002959528936 1.6032322771498004 2.267505266412627 0.48240309162065365 1.2832663913723079 0.64300133747747157 0.29449587344424777 0.5063420278020202 4.0132588383276016 1.8603398521081542 0.33372338907793198 0.76348641398362804 0.22556348214857358 0.37562248855829217 0.1058684826712124 0.37704811547882855 2.2227111099637118 0.80703083245316509 2.1574305056128655 0.057261359412222101 2.5608119276585057 1.4042846108204683 0.72309741959907115 0.39759929582942266 0.24740792682860036 1.8674730309285221 0.23472039477201256 0.58522305800579488 0.27495832007844012 0.39476005907636136 0.61278468061937019 0.1141695431433617 0.68210298591293395 0.057077286182902642 0.47518878313712765 0.56451963074505329 0.73299393022898585 0.84611224272521213 0.073799514910206088 0.26777179806958884 3.368516881368123 7.5128632882842794 0.35726513527333748 0.80674785329028964 0.24577589309774339 0.47227403428405523 0.078995905350893736 0.13147222006227821 0.13072150276275352 14.279444454936309 0.51950142823625356 0.072725597943644971 0.095986510044895113
leaf_count=10942 24 21 62 53 1584 250 158 135 160 137 37 1 18 255 646 189 14 206 43 96 67 11 621 33 280 27 111 74 55 40 85 42 1336 31 62 217 16 53 79 258 122 16 152 25 1108 94 118 150 36 77 71 56 44 190 60 19 48 17 34 30 32 386 5 29 228 4265 12 69 25 36 4 9 156 8302 14 36 6
internal_value=0.00226052 -0.00455602 -0.000412214 -0.0084357 0.00912719 -0.0241374 0.00376258 -0.00309853 0.00511309 -0.0209313 -0.0167492 0.0303387 0.00705406 -0.0267669 0.00124266 -0.0307732 -0.0288841 0.0156437 0.0216007 0.00360479 0.00822937 -0.0123769 0.0145146 -0.000796621 0.00938793 -0.00508584 -0.0129744 -0.0357291 -0.014137 -0.0234421 -0.0171838 -0.0444766 0.0199841 -0.000465121 0.0319894 -0.00491465 -0.0351929 0.0026279 -0.0166538 -0.0170646 0.00786812 0.0147302 0.00975852 0.0357193 0.0206012 -0.0110698 -0.0258595 -0.0368882 -0.0161351 0.0172147 -0.0338235 0.000839148 0.0143022 0.00468904 -0.0269316 -0.0256784 -0.00137275 -0.0388998 0.0170752 -0.00545513 0.00742698 -0.00741683 -0.0207153 -0.00156272 0.0368874 -0.039397 -0.0101707 -0.0127373 -0.00162049 0.00520693 -0.0114353 -0.00839078 0.00289262 0.0365326 0.0119443 -0.00635072 0.000131821
internal_weight=100.719 81.999 69.0264 37.7001 31.3262 12.9726 26.8599 19.6443 14.1072 5.53711 22.0546 18.7203 4.23194 10.7283 3.88608 9.79275 4.7139 9.94902 7.73781 15.6455 13.1451 2.65247 10.4926 4.87613 1.85217 11.3263 7.13536 3.83056 2.50044 1.92627 4.15819 2.66606 7.21555 4.86786 4.46637 2.21121 8.49995 3.20229 1.44773 1.32866 4.19094 3.02974 3.93547 14.4884 2.90328 3.00752 0.951614 8.27439 1.793 2.09307 9.08655 1.2928 1.66265 1.28148 0.81464 2.87671 1.16451 7.63101 2.63262 1.30285 0.935587 1.1612 1.5456 0.633407 3.83296 7.57394 1.53964 1.18237 0.643375 0.633088 0.925108 0.707576 0.464445 14.3367 0.813997 0.467486 0.201855
internal_count=34610 24756 12729 7335 5394 12027 4857 3185 2735 450 5863 9854 1526 5035 1014 4748 315 807 249 1472 1324 358 966 345 291 828 263 301 148 95 1928 179 1672 152 537 558 4494 336 341 394 565 138 312 8328 1132 121 136 4478 687 327 11013 254 202 325 145 1603 122 4303 186 126 287 427 651 91 446 4286 134 122 175 196 390 198 218 8327 99 226 85
is_linear=0
shrinkage=0.04


Tree=166
num_leaves=52
num_cat=0
split_feature=13 14 38 8 5 38 10 28 3 38 9 6 11 19 7 5 9 11 9 2 8 9 19 9 9 24 11 7 5 2 8 22 7 6 11 33 9 10 7 38 6 5 10 38 11 38 38 38 2 38 11
split_gain=12.8526 4.61247 4.43162 2.77152 4.68213 2.62817 2.35279 2.29146 2.149 1.81435 1.61909 1.51584 1.45944 1.4184 1.31108 2.83945 1.24993 1.21015 1.12137 1.05877 1.3408 0.890913 0.936583 0.731017 0.864783 0.632243 0.510041 0.493668 0.469368 0.412748 0.46531 0.368568 0.303514 0.721001 0.29848 0.250137 0.231585 0.218534 0.194852 0.10597 0.0926753 0.0852247 0.085112 0.0661501 0.0590057 0.0502722 0.0369111 0.0124934 0.00996625 0.00608388 0.00210487
threshold=0.45000000298023229 -1.0000000180025095e-35 0.21663041412830356 0.24440020322799685 0.93788579106330883 0.31432443857192999 0.15504807978868487 0.75000000000000011 0.93966487050056469 0.82546606659889232 0.51087471842765819 0.2722280621528626 1.0000000180025095e-35 0.90550595521926891 0.71943116188049328 0.87026646733284008 0.80901724100112926 0.68480810523033153 0.90521115064620983 0.72046512365341198 0.46265329420566564 0.61620295047760021 0.86754387617111217 0.24068965017795566 0.61620295047760021 0.17817460745573047 0.36593337357044226 0.56900322437286388 0.75181159377098095 0.99504950642585765 0.66210046410560619 0.27500000596046453 0.89905914664268505 0.92090177536010753 0.73592454195022594 0.87500000000000011 0.22401433438062671 0.11651583760976793 0.643062323331833 0.40795028209686285 0.36427621543407446 0.5604878067970277 0.31698563694953924 0.45795448124408727 0.35829523205757147 0.48293033242225653 0.43274678289890295 0.30575846135616308 0.25176055729389196 0.40795028209686285 0.2817846685647965
decision_type=2 2 2 2 2 2 2 2 2 2 2 2 2 2 2 2 2 2 2 2 2 2 2 2 2 2 2 2 2 2 2 2 2 2 2 2 2 2 2 2 2 2 2 2 2 2 2 2 2 2 2
left_child=1 5 35 13 7 12 10 11 9 17 -2 34 14 23 15 16 19 25 -17 20 28 40 -23 -4 46 26 44 -18 31 30 -16 41 39 -34 48 42 -14 -7 -20 -6 -22 -1 -3 49 50 -35 -25 -12 -5 -13 -9
right_child=6 2 3 4 32 37 -8 8 -10 -11 47 43 36 -15 29 18 27 -19 38 -21 21 22 -24 24 -26 -27 -28 -29 -30 -31 -32 -33 33 45 -36 -37 -38 -39 -40 -41 -42 -43 -44 -45 -46 -47 -48 -49 -50 -51 -52
leaf_value=-0.0051978708171089797 -0.024429396398192301 -0.034941430258598589 0.016671987641287075 -0.0003561639103378317 0.00027093769437310644 0.00014230276610010612 0.03465636068031621 -4.8672686064331875e-05 0.011857647367360788 -0.066828672696810323 0.003077086498087577 -0.0016170317928678062 0.0016006343545123562 0.032432648724453242 -0.0028702313414841812 0.0016162461787448204 0.028116409529228701 0.0068483684621107963 -0.0097793181090851562 -0.017151688272312379 -0.013603269291805494 0.0014648140826783263 0.028361892034004459 -0.023555722047388632 0.011876546145079141 0.0053492632313107214 -0.033852391862746141 0.0028203780428646247 0.0058934960388262051 -0.0035488845381192935 0.023894423005594443 -0.024901688681104574 -0.020142391130591925 0.00020163130685532643 0.0040570491013308249 0.00057525082851917191 -0.025733566472758752 0.025932345765699121 -0.040555516526729112 0.025624440236900137 0.00090108403043840204 0.0065411898225817399 -0.0003736261131599429 0.020706957098796643 0.0039749563820087588 0.014978159614443171 -0.0022149033211719973 0.018860586799053076 -0.022037899868735944 0.0017662919999325338 -0.0060817333090879971
leaf_weight=0.28284848853946432 1.1394912297837465 11.570962822821452 0.82110612012911888 0.0557004668517046 0.27035216940566842 0.43927821575198223 17.267413256689906 0.41014152561547035 0.86997388349846083 1.5402541690273199 1.0798033629544082 0.11407224222784895 0.21174718625843469 2.4520778096630238 0.69664492458104987 1.6344309006817628 2.6221660152077666 1.2997726069297639 1.8606710904277863 3.2971454199869177 0.79628587362821945 3.7833209172822535 3.7442816104739904 1.4364665574394173 0.67948688764590759 0.30280556553043414 5.5512024499766994 2.406175366602838 0.75302902422845353 0.73434495320543636 4.5159799999091774 1.8406152813695369 0.12003916804678727 0.11787695717066504 0.2223772071301936 0.1577826542779811 2.4442092903191224 6.1556038507260382 2.0844636396504939 2.8564123373944312 0.38533414667472243 0.57385407958645374 0.033537037670613112 1.9691215022467075 0.26166698400629684 0.9723426157142967 0.68350821384228755 1.210912191076204 1.6386347389488944 0.18802263413090259 0.50953756121452898
leaf_count=166 42 16017 26 30 30 26 10811 10 103 57 23 75 64 85 5 25 26 40 30 33 138 48 30 131 26 21 738 37 7 99 306 366 30 7 7 5 1893 1144 38 483 20 9 1 124 25 278 28 38 702 7 100
internal_value=0.00217433 -0.00532073 -0.0152842 -0.00505986 -0.0124279 0.00381382 0.0290836 -0.0227336 -0.031488 -0.0365938 -0.000557418 0.00173545 -0.000883911 0.0158792 0.00186847 -0.00217337 0.00495706 -0.0214437 -0.0241066 -0.00101399 0.00462482 0.0126027 0.0175032 -0.00114306 -0.010948 -0.0272074 -0.0297186 0.0196268 -0.0127895 0.0167016 0.0201009 -0.0188044 0.0194136 4.2112e-05 -0.0175975 -0.0340995 -0.023205 0.0243338 -0.0328865 0.0241135 -0.0098606 0.000899974 -0.0347472 0.0191271 -0.00156404 0.0135093 -0.0208634 0.0158815 -0.021726 0.000313559 -0.00540267
internal_weight=99.0653 78.3677 37.1052 25.343 19.2703 41.2624 20.6976 14.9333 10.7454 9.87538 3.43021 4.18793 34.6675 6.07265 32.0116 26.0646 20.4851 8.33513 5.57957 15.4567 12.1596 8.70922 7.5276 3.62057 2.79946 7.03535 6.73255 5.02834 3.45035 5.94697 5.21262 2.69732 4.33702 1.21026 1.91671 11.7623 2.65596 6.59488 3.94513 3.12676 1.18162 0.856703 11.6045 2.27122 1.18135 1.09022 2.11997 2.29072 1.69434 0.302095 0.919679
internal_count=34610 23696 19186 3163 2867 4510 10914 2039 1094 991 103 945 3340 296 1383 973 880 934 93 817 784 236 78 211 185 894 873 63 548 410 311 541 828 315 739 16023 1957 1170 68 513 158 175 16018 206 135 285 159 61 732 82 110
is_linear=0
shrinkage=0.04


Tree=167
num_leaves=65
num_cat=0
split_feature=33 19 1 2 8 12 1 30 34 19 31 8 1 12 21 8 14 3 8 1 19 20 8 8 19 22 3 31 20 34 38 31 8 38 10 12 22 6 3 11 31 19 2 38 2 8 20 31 19 6 2 6 30 3 32 10 38 5 35 20 30 6 6 8
split_gain=11.3824 3.87154 3.13448 3.32625 4.85357 2.16054 2.73407 2.48979 2.03429 2.3853 1.81029 1.76061 1.59555 1.54209 1.39793 2.92765 1.39485 1.32709 1.30118 1.61516 1.09066 0.978809 0.934177 1.10202 0.866984 0.965316 0.835011 1.05392 0.762271 0.682413 0.611682 0.585409 0.547503 0.467193 0.39717 0.37338 0.34138 0.327999 0.297733 0.257353 0.256202 0.251538 0.229655 0.211149 0.197542 0.187544 0.193561 0.150383 0.138968 0.124748 0.108423 0.0943527 0.0907439 0.133512 0.0715649 0.061909 0.0600173 0.0513856 0.0413645 0.0365806 0.0324352 0.0276636 0.0233785 0.0170347
threshold=0.87500000000000011 0.92403846979141246 0.34848485887050634 0.60922586917877208 0.67083334922790538 0.14671076089143756 0.080128207802772536 0.25837136805057531 0.75000000000000011 0.89699381589889537 0.86864736676216137 0.84327486157417308 0.44949495792388922 0.50902664661407482 0.22500000149011615 0.78086888790130626 -1.0000000180025095e-35 0.82001832127571117 0.57338553667068493 0.11805555596947671 0.82952776551246654 0.75564038753509533 0.46265329420566564 0.72871574759483349 0.57275134325027477 0.37500000000000006 0.87715959548950206 0.88406160473823558 0.40085470676422125 0.37500000000000006 0.874058097600937 0.86864736676216137 0.99382716417312633 0.11697794869542123 0.56696429848670971 0.16701237112283709 0.47499999403953558 0.50138315558433544 0.93780383467674266 1.0000000180025095e-35 0.87013015151023876 0.36425061523914343 0.31139971315860754 0.50805342197418224 0.62020397186279308 0.094130676239728941 0.2098387032747269 0.88214558362960827 0.89871793985366832 0.52627530694007885 0.76028168201446544 0.42452061176300054 0.55632126331329357 0.88890907168388378 0.45000000298023229 0.1702898591756821 0.33504070341587072 0.73499399423599254 0.25000000745058065 0.28629976511001592 0.24498726427555087 0.48326984047889715 0.73525437712669384 0.71535181999206554
decision_type=2 2 2 2 2 2 2 2 2 2 2 2 2 2 2 2 2 2 2 2 2 2 2 2 2 2 2 2 2 2 2 2 2 2 2 2 2 2 2 2 2 2 2 2 2 2 2 2 2 2 2 2 2 2 2 2 2 2 2 2 2 2 2 2
left_child=1 2 5 63 17 11 7 13 9 12 41 26 20 28 15 16 22 -5 19 35 47 -21 56 44 25 -14 31 52 -7 -11 -10 -1 48 -20 38 -2 61 -26 45 -38 -33 -8 55 -30 57 -18 -47 -6 -31 59 -46 -12 53 -28 58 -15 -3 -24 62 -43 -35 -17 -48 -4
right_child=18 14 3 4 8 6 10 -9 30 29 51 -13 24 42 -16 36 34 -19 33 21 -22 -23 23 -25 37 -27 27 -29 43 32 -32 40 -34 60 -36 -37 39 -39 -40 -41 -42 49 -44 -45 50 46 54 -49 -50 -51 -52 -53 -54 -55 -56 -57 -58 -59 -60 -61 -62 -63 -64 -65
leaf_value=-0.034457362301278834 -0.0042678261607126252 -0.019105196574164367 0.031009870836574631 0.0075281111554393919 -0.032080517078904192 0.0029576635045654217 -0.0001063292268454576 0.03361224566278443 -0.04072804770689633 0.0064117009464297629 -0.0012486464436738713 0.013559062295310445 0.013770406150805228 0.00029341553086132863 0.029965295111739638 0.00037021279594319566 0.00079504214315450847 -0.041968590027196842 -0.003101269909084662 -0.031760500907189335 0.010717404269197348 0.00927424820122341 -0.0055244753222571056 -0.011985851598459505 -0.0020452273448772823 -0.02139659412508824 0.016268372704456822 -0.025956412311424325 -0.027754831164664207 -0.0079147096344256394 0.0035159503362483971 0.010186221552793796 -0.040412126378900508 0.00059473036509742052 0.0040882187574845024 0.024766113376597947 0.010263047708974215 0.026329957235204194 0.0023950548229572065 -0.0092502153057602548 -0.010032883820971211 -0.00053053159865140687 -0.0019210763701659553 0.0012572519130009928 0.024421869717868385 -8.1909572599026534e-05 -0.033385403768438765 -0.00051873173997835 0.0074622048847303194 -0.0046574704966615152 0.0036582313011775704 0.0134533999210523 -0.00014459335120010493 -0.0010496469092451039 -0.00011578153426662326 0.020800958267888598 -0.00027854064313642549 0.0039407431679971388 -0.0003840524552662615 -0.039275863377449871 0.036384102485512007 0.024366985394634621 -0.00041858349258309691 0.0038639449813378281
leaf_weight=13.901516055106189 0.23394391825422944 1.103564424789514 3.2729160616290787 0.40850512339966627 0.55307088920380865 1.5662666882271858 0.18732955778250371 2.3852490842109546 0.39329893479589451 0.32523720007156942 0.286482786061242 0.7724552127183405 1.3204497550614167 0.3083530301228169 2.8882324246806084 0.12460129550890897 0.10221346578328194 4.2084068657131866 0.1516728401184072 0.7916494912933556 1.0208835552330127 0.56195255357306451 0.29342702188296232 1.4624876156449316 0.29204871557885681 0.65509320609271515 0.95363305206410565 0.70258993888273824 2.8548624900868167 0.25019870547112144 0.22368546586949378 0.35656012478284616 0.68405883281957358 0.046782669029197588 0.22972662665415544 2.4838640856323764 0.57209610193967797 9.5392000466235896 0.16633704921696324 0.63676488085184246 0.61027520312927663 0.096319929696619844 0.50620594096835692 0.11891572782769788 2.6419479748001327 0.27066371950786594 2.9740616572671583 0.42902702197898179 0.42813672183547169 0.77200008882209648 1.3152083512977695 0.83288064855150878 0.82393907470395777 0.41823975008446723 0.19060447963420291 1.5795043299440292 0.13763058395124961 0.21144276496488601 0.055868840252514818 3.2917039747699164 13.372471093665807 6.4700954186264426 0.051812420657370128 0.62403049389831711
leaf_count=14962 13 255 169 34 54 39 21 150 20 28 41 34 104 6 309 19 12 353 1 51 44 335 96 47 7 10 83 77 967 5 70 18 72 19 66 1127 53 1199 35 22 158 6 23 8 57 12 2268 39 82 29 59 70 39 31 15 167 19 4 44 558 8308 1541 11 35
internal_value=0.00210609 -0.0044351 -0.00980841 0.000977902 -0.00583722 -0.0175364 -0.00516739 0.00776151 0.00512036 0.00944247 -0.0244138 -0.0261771 0.0154135 -0.00529459 0.00941565 0.00423134 -0.00845913 -0.0362703 0.029843 0.00637942 -0.011028 -0.0180352 0.0024568 0.00965072 0.0208036 -0.00154607 -0.0289337 -0.00513287 -0.0173929 -0.0229648 -0.0319672 -0.0325569 -0.0306956 0.0354183 -0.0236038 0.021105 0.0210944 0.0250976 -0.0263719 4.17711e-05 -0.000100936 -0.0340355 0.0149704 -0.0259798 0.0183786 -0.0284338 -0.0297332 -0.0273864 -0.000193054 -0.0356142 0.0206757 0.0101511 0.00890249 0.0123686 -0.0316084 0.019072 -0.0175481 -0.000276988 -0.0326445 -0.0387288 0.0362786 0.0240638 -0.0330681 0.0291221
internal_weight=97.4947 79.8523 57.9535 24.6282 20.7313 33.3253 14.7861 9.31936 16.1144 15.4974 5.46672 18.5392 13.8098 6.93411 21.8988 19.0106 11.207 4.61691 17.6423 4.07141 2.00298 1.3536 7.16571 5.92451 11.8068 1.97554 17.7668 2.8984 4.54004 1.68763 0.616984 14.8684 1.36239 13.5709 4.04129 2.71781 7.80356 9.83125 3.81156 1.20886 0.966835 4.34735 2.39406 2.97378 4.46203 3.64522 3.54301 0.982098 0.678335 4.16002 3.95716 1.11936 2.19581 1.37187 3.27235 1.88786 1.2412 0.50487 3.08174 3.38802 13.4193 6.5947 3.02587 3.89695
internal_count=34610 24756 19812 2325 2121 17487 2085 1360 1734 1644 725 15402 1457 1210 4944 4635 3000 387 9854 1526 137 386 537 263 1320 114 15368 230 1014 187 90 15138 159 8328 2463 1140 1635 1206 2397 75 176 614 196 975 216 2362 2350 93 87 593 116 111 153 114 2338 173 274 100 2323 564 8327 1560 2279 204
is_linear=0
shrinkage=0.04


Tree=168
num_leaves=51
num_cat=0
split_feature=13 20 12 13 38 20 10 9 28 10 19 31 9 10 30 9 36 8 7 2 30 30 30 2 19 7 19 23 22 32 30 11 3 20 11 38 19 5 31 24 30 6 6 24 20 20 11 11 38 38
split_gain=11.8036 4.09424 5.33563 3.78031 2.35837 2.44539 2.26138 1.92595 2.15241 1.77624 1.65437 1.5566 1.52205 1.38176 1.23416 1.68 1.18179 1.14668 1.02241 1.30461 1.08898 0.995691 0.800718 1.92245 1.73041 1.96219 0.751884 0.684779 0.626536 0.561263 0.540127 0.531054 0.446972 1.04451 0.389408 0.345027 0.307047 0.296463 0.228549 0.199688 0.188349 0.162416 0.269963 0.143403 0.1353 0.132424 0.0564326 0.0405627 0.0105548 0.00629698
threshold=0.45000000298023229 0.53144779801368724 0.42895354330539709 1.0000000180025095e-35 0.22028702497482303 1.0000000180025095e-35 0.15504807978868487 0.93419912457466137 0.75000000000000011 0.65942031145095836 0.90550595521926891 0.94286227226257335 0.51087471842765819 0.74456521868705761 0.85815533995628368 0.90521115064620983 0.2333333417773247 0.46265329420566564 0.71943116188049328 0.82952776551246654 0.70175439119339 0.37687824666500097 0.69175162911415111 0.72046512365341198 0.86754387617111217 0.30622577667236334 0.61602565646171581 1.0000000180025095e-35 0.27500000596046453 0.30952382087707525 0.83752319216728222 0.56479570269584667 0.82131657004356395 0.88757023215293895 0.47512376308441168 0.54865220189094555 0.76568627357482921 0.75181159377098095 0.82611790299415599 0.13961988687515262 0.78044357895851146 0.350877195596695 0.26526586711406713 0.033712122589349754 0.71068483591079723 0.98984745144844066 0.66211557388305675 0.51530769467353832 0.30575846135616308 0.56897041201591503
decision_type=2 2 2 2 2 2 2 2 2 2 2 2 2 2 2 2 2 2 2 2 2 2 2 2 2 2 2 2 2 2 2 2 2 2 2 2 2 2 2 2 2 2 2 2 2 2 2 2 2 2
left_child=1 4 29 7 5 14 12 8 34 16 26 32 -2 -11 15 17 21 28 20 -20 -17 -10 23 24 25 41 -6 36 38 31 40 39 45 -34 -4 -29 -28 -30 -1 49 -21 42 -19 -7 -31 47 -35 -5 -14 -3
right_child=6 2 3 11 10 43 -8 -9 9 13 -12 -13 48 -15 -16 18 -18 22 19 30 -22 -23 -24 -25 -26 -27 27 35 37 44 -32 -33 33 46 -36 -37 -38 -39 -40 -41 -42 -43 -44 -45 -46 -47 -48 -49 -50 -51
leaf_value=-0.005982033048350416 -0.023842479898535569 -0.036818164979632813 -0.0037102489860524625 -0.0019142432323392181 0.017498352407319014 -0.028019836823804899 0.034317217693524568 0.028789002967397347 -0.011487050911362753 -0.048400060227176057 0.035319992938866632 0.0091751999765857656 0.0029390032078960415 0.0068024402687787309 0.023399077699821653 -0.0021055864560526913 -0.02115931301243823 0.011451575306320119 0.020232496805494559 -0.0068045779504047419 -0.038947189818306881 0.021941135932688517 0.025931685391814452 -0.014697414120122921 0.026290997809243596 -0.020232381860959086 -0.0048363140086739058 -0.022580864360683513 -0.024943942790316163 0.0072990748123722381 -0.029183614639547155 -2.222602369760385e-05 -0.063131310647157171 -0.0053531398531018104 0.023423083656623569 0.0018698006018274286 0.016084103218417987 -7.4056393738086471e-05 0.013496129952174547 -4.3202532805854223e-05 0.010033901502257725 0.022739547898120351 -0.008822606738759434 -8.2408084680096554e-05 -0.0075414145423279037 -0.011598724476163736 0.0045248047604096757 0.006602895026158964 0.018359499177625992 -0.00023393159462945906
leaf_weight=0.32189963618294404 1.1199343390762835 12.487584524380503 0.3836812844965628 0.1851822871249168 2.0237234323285502 3.9350430776830754 16.180912441923283 3.8260410336079067 0.90128104313043911 1.2560771325370295 3.6102141026640311 0.52337038062978525 1.0590320313349368 0.4011190430028363 2.2079072331544003 2.3297228286974123 1.0021749718580393 0.50707416597288302 1.5067804311402144 0.53233903879299738 2.1122374623082578 2.6881370223127306 2.2378038088791063 4.3193670308683059 5.5171913095982745 3.0642438805662096 0.78803642350248981 1.6341350153670648 1.8661305536516013 0.41268908121856007 0.4784286874346434 0.65485035255551416 0.8355691072065381 0.33259284682571888 3.0806216977071017 0.73438754770904768 1.0694307769881559 0.97097622416913498 0.80876553908456117 0.3366415314376362 0.56665242393501103 1.496276647550985 0.58770416094921529 0.18515640089754004 0.42288234963780269 0.43106788606382906 0.24982652394101024 0.35121587535832077 1.166333765722811 0.061779145151377501
leaf_count=166 42 15913 11 5 80 3594 10811 1058 40 46 193 186 23 99 252 30 20 57 47 15 44 187 47 51 97 56 35 87 367 35 30 59 99 19 250 15 74 8 10 5 54 12 40 10 47 7 72 64 38 3
internal_value=0.00202967 -0.00517226 -0.0160687 -8.26028e-07 0.00245859 -0.0024634 0.0286048 0.00945892 -0.000811285 -0.0140302 0.0183599 -0.0326152 -0.000667945 -0.0370645 0.00174092 -0.000904612 0.00104721 0.0047657 -0.0155357 0.00163801 -0.0252776 0.0121547 0.00917087 0.00452227 0.0129943 -0.00245071 0.00336673 -0.00591444 -0.0116152 -0.0326097 -0.0165413 -0.0343837 -0.0424708 -0.0511837 0.0196356 -0.0165268 0.00829395 -0.0193287 0.00681893 -0.0359877 0.0017459 0.0176786 0.00117851 -0.0267826 -1.74664e-05 -0.00569651 -0.000330218 0.00329586 0.0154746 -0.0367273
internal_weight=95.7622 76.236 30.8244 16.448 45.4116 35.5517 19.5262 13.5391 9.71309 6.24879 9.85993 2.90882 3.3453 1.6572 31.4315 29.2236 4.59159 21.6974 7.52616 3.0842 4.44196 3.58942 17.7297 15.4919 11.1725 5.6553 6.24971 4.22599 3.96777 14.3764 1.57742 13.5409 2.38545 1.41799 3.4643 2.36852 1.85747 2.83711 1.13067 12.886 1.09899 2.59105 1.09478 4.1202 0.835571 0.967466 0.582419 0.536398 2.22537 12.5494
internal_count=34610 23696 18225 2163 5471 4987 10914 1711 653 392 484 452 103 145 1383 1131 247 911 220 146 74 227 360 313 262 165 291 211 551 16062 99 15980 266 190 261 102 109 375 176 15921 69 109 97 3604 82 76 91 69 61 15916
is_linear=0
shrinkage=0.04


Tree=169
num_leaves=74
num_cat=0
split_feature=33 19 1 2 8 12 1 6 29 34 19 8 1 12 29 21 8 14 8 1 3 7 4 8 8 9 3 3 9 34 4 12 38 22 38 36 10 6 29 38 12 19 22 19 11 11 2 9 2 8 9 4 4 22 3 29 2 2 2 9 29 2 10 19 29 22 4 6 7 35 3 19 8
split_gain=10.4669 3.56608 2.80678 3.19268 4.44478 2.00519 2.55403 2.33701 2.01788 1.95081 2.27156 1.68379 1.53714 1.43073 1.37005 1.30703 2.81478 1.34444 1.30356 1.54566 1.28293 1.14057 1.11999 0.893637 1.02871 0.824596 0.806909 0.807035 0.693028 0.670402 0.680543 0.612248 0.587134 0.536121 0.462478 0.434475 0.391598 0.384148 0.378254 0.354046 0.352531 0.322173 0.320282 0.297159 0.271187 0.246589 0.230427 0.228932 0.221641 0.217203 0.214451 0.234439 0.205076 0.202979 0.166144 0.165604 0.147611 0.145597 0.124528 0.114146 0.108664 0.0917676 0.0895117 0.0821483 0.0670597 0.0494821 0.041986 0.0383035 0.0237545 0.0187301 0.0124511 0.00790289 0.00588759
threshold=0.87500000000000011 0.92403846979141246 0.34848485887050634 0.60922586917877208 0.67083334922790538 0.14671076089143756 0.080128207802772536 0.25837136805057531 0.74608466029167186 0.75000000000000011 0.89699381589889537 0.84327486157417308 0.44949495792388922 0.50902664661407482 0.99861112236976635 0.12500000372529033 0.78086888790130626 -1.0000000180025095e-35 0.57338553667068493 0.11805555596947671 0.82001832127571117 0.82701954245567333 0.68457102775573742 0.46265329420566564 0.72871574759483349 0.23606811463832858 0.87715959548950206 0.88890907168388378 0.69504830241203319 0.37500000000000006 0.75716626644134533 0.80936360359191906 0.874058097600937 0.82500001788139354 0.11697794869542123 0.5000000149011613 0.56696429848670971 0.50138315558433544 0.88366732001304638 0.50805342197418224 0.16701237112283709 0.36425061523914343 0.47499999403953558 0.99074074625968944 0.47512376308441168 1.0000000180025095e-35 0.77836257219314586 0.77871939539909374 0.31139971315860754 0.99382716417312633 0.68703359365463268 0.61143791675567638 0.65806129574775707 0.57500001788139354 0.93780383467674266 0.48032534122467047 0.82952776551246654 0.76028168201446544 0.69804355502128612 0.88067796826362621 0.68731811642646801 0.19433516263961795 0.16333333402872088 0.89871793985366832 0.81086421012878429 0.57500001788139354 0.52240803837776195 0.21785195171833041 0.66670167446136486 0.15000000223517421 0.89399582147598278 0.68496242165565502 0.71535181999206554
decision_type=2 2 2 2 2 2 2 2 2 2 2 2 2 2 2 2 2 2 2 2 2 2 2 2 2 2 2 2 2 2 2 2 2 2 2 2 2 2 2 2 2 2 2 2 2 2 2 2 2 2 2 2 2 2 2 2 2 2 2 2 2 2 2 2 2 2 2 2 2 2 2 2 2
left_child=1 2 5 72 20 11 7 13 41 10 12 26 22 25 37 16 17 23 19 40 -5 35 -6 -3 50 61 33 58 -10 -12 -31 44 -11 56 -20 46 43 -14 -24 53 -2 -8 60 54 -21 -44 -16 -29 62 63 51 -25 -35 -27 68 -43 -1 -52 59 -28 -18 -7 -15 -32 65 70 -39 -36 69 -19 -45 -22 -4
right_child=18 15 3 4 9 6 8 -9 28 32 29 -13 14 48 21 -17 42 36 34 31 71 -23 38 24 -26 39 27 47 -30 30 49 -33 -34 52 67 -37 -38 66 -40 -41 -42 55 45 64 -46 -47 -48 -49 -50 -51 57 -53 -54 -55 -56 -57 -58 -59 -60 -61 -62 -63 -64 -65 -66 -67 -68 -69 -70 -71 -72 -73 -74
leaf_value=-0.034119553244942875 -0.0041361844305929539 -0.017796145553536907 0.030371373780747751 0.007485369817548531 0.013190042112092982 0.012688156647199737 0.00037019627768953103 0.032955268891495283 -0.013850909510894132 -0.040102471197106325 0.0064418879779720344 0.013335814108829201 -0.0018037341041432743 0.00030537118179445679 0.009188153887614979 0.028613895891010221 0.00034219192108765416 -0.035197983589955288 -0.0031160836923442704 0.00026388337534809822 -0.0045592115454939353 0.017947824050332656 -0.03298399170411425 -0.0092999635025524472 -0.011702575092635377 -0.028286623923042695 -0.0078162997558755849 0.0010013660919384511 0.016393386741597536 0.0042892649533089093 -0.0076544742385828346 0.006993630709284787 0.0033835077533206177 -0.0091340778924414202 0.00059037952183819899 -0.025621198331230454 0.0039144334937843538 0.001155293749893409 -2.6393764700318041e-05 0.0034785337793576151 0.024219081809372982 -0.00045025867434876502 0.010085617147929977 -0.0099034920424412986 -0.032134375027769731 -0.0090629459672853449 -0.0089670906286670304 -0.026219935255896255 -0.0019591580546484745 -0.043703122046936403 0.025389314491837411 0.010060142432491382 0.009281286279720578 -0.00014244992509984889 0.00016184225967103377 -0.041886617826790574 4.884912127023522e-05 0.0031902194843562311 0.013938965446575356 0.0053459259517177424 0.024299548646387219 -0.0015407540215234968 0.020608867639904212 0.0043241690316891349 0.0033863943453459186 0.001149006642652362 0.030782427396368429 0.036123722938493114 -0.00028479643146256845 -0.00016859040200580509 -0.00013512338174171936 -0.04296152727624486 0.0038836083188196853
leaf_weight=13.23980645980919 0.22766585368663417 1.1690651616081629 3.1771731176995703 0.40469222306274133 0.73834800621261365 0.42402493831468557 0.16891677590319831 2.308151834004093 0.5342879343661483 0.40086230856832195 0.32543173822341476 0.7598174522863691 0.29056682868394812 0.26966998353600535 0.88491188932675935 2.9947882334818123 0.14300550858024408 2.0883173703914548 0.15165740251541038 0.28195787128061034 0.47398852708283801 1.5491580060916019 0.71771611040458061 0.54442039638524864 1.4662304709199814 3.1410100626526409 0.38064839015714758 0.26650450809393067 1.5070601208135483 0.28974402777385044 0.23944198735989608 0.38437896873801947 0.21867873787414283 0.41794822469819415 0.038592924131079509 0.80598242324776936 0.22139542130753387 0.28696968825533975 0.52739858051063493 0.20933624904137094 2.3528394574532285 0.24458742298884351 0.56077100266702451 0.56647290266118921 0.66372490685898811 0.62674549000803381 0.4889209846733138 0.68968347139889374 0.50184827565681178 0.59584240580443293 2.1974287296179686 0.39822929358342662 0.37743970518931746 0.34543358028167848 0.075831804540939518 2.928074075083714 0.059212904423476043 1.2674270180868914 0.80840146128321055 0.72558363166172057 6.2049765859846957 0.29596529831178486 1.5583446207456289 0.24997808982152492 0.35320275649428368 0.19621647137682885 7.1822401971439831 12.532041607424615 0.082843566953670122 0.13993443240178738 0.034544656053185463 3.6156469844281673 0.62077192653669033
leaf_count=15036 13 260 169 34 45 31 14 151 120 20 28 34 7 5 54 395 25 1500 1 21 84 269 46 110 47 902 88 69 116 37 2 286 70 97 14 12 63 29 46 11 1127 13 53 554 79 22 38 30 23 57 43 14 4 14 12 462 1 48 37 6 1534 55 168 63 71 19 911 8313 19 146 9 269 35
internal_value=0.00194904 -0.00434512 -0.00958518 0.000716655 -0.00601781 -0.0170477 -0.00501185 0.00768742 -0.023676 0.00458858 0.00893444 -0.0255915 0.0149134 -0.00514265 0.0203169 0.00910491 0.00389373 -0.00874462 0.0293454 0.00571312 -0.0354267 2.3707e-05 -0.0110207 0.00201094 0.00907758 -0.0169284 -0.028389 -0.00496493 0.00528879 -0.0225171 -0.0301758 -0.0180249 -0.0316183 -0.0320966 0.0351045 -0.0150411 -0.0241055 0.0285586 -0.0256401 -0.0234014 0.0205684 -0.0379801 0.0206728 -0.0269413 -0.0271598 4.01413e-05 0.000552956 -0.0214898 0.0145282 -0.03765 0.017614 0.000181587 -1.87589e-05 -0.0260683 -0.0325231 -0.040073 -0.0338161 0.020947 0.00855967 -0.000292249 0.0236112 0.00866771 0.0186276 -0.00219368 -0.00276824 -0.00678603 0.0301626 0.0360132 -0.0338908 -0.0344144 -0.00932351 -0.0411406 0.0285576
internal_weight=94.2109 77.5781 56.2462 24.0845 20.2865 32.1618 14.4367 9.05378 5.38293 15.7922 15.1727 17.725 13.4722 6.74563 11.4888 21.3318 18.3371 10.8016 16.6329 3.91057 4.49433 3.72897 1.98346 7.0428 5.87374 4.41577 16.9652 2.87082 2.04135 1.70044 1.37501 1.33006 0.619541 14.0944 12.7223 2.17982 3.75876 7.75978 1.24511 3.69578 2.58051 3.34158 7.5355 3.53736 0.945683 1.18752 1.37383 0.956188 2.32986 1.08526 4.40751 0.94265 0.795388 3.48644 2.38693 3.17266 13.299 3.46486 1.91463 1.10623 6.34798 0.71999 1.82801 0.48942 1.15044 0.797234 7.46921 12.5706 2.3111 2.22825 0.601018 4.08964 3.79795
internal_count=34610 24756 19812 2325 2121 17487 2085 1360 725 1734 1644 15402 1457 1209 1320 4944 4549 2915 9854 1526 387 373 137 522 262 1013 15368 230 236 187 159 386 90 15138 8328 104 2393 947 92 927 1140 489 1634 2330 100 75 92 99 196 122 215 124 101 916 1677 475 15037 91 131 94 1559 86 173 65 653 582 940 8327 1665 1646 563 353 204
is_linear=0
shrinkage=0.04


Tree=170
num_leaves=58
num_cat=0
split_feature=13 14 38 20 31 12 29 3 12 29 30 4 20 2 22 4 38 28 29 30 29 7 31 6 12 29 35 22 29 5 7 28 5 31 31 13 21 6 38 8 31 22 12 24 8 8 3 8 20 12 24 2 12 38 22 5 3
split_gain=9.56837 4.62294 3.90488 3.24977 2.5671 2.24561 2.22781 3.18106 1.81717 1.7902 1.50247 1.68795 1.21368 1.19703 1.46029 1.19366 1.1831 1.10194 0.848702 1.92633 1.65829 0.827531 1.68968 0.798593 0.733384 0.724698 0.660034 0.63462 0.540173 0.50674 0.48605 0.374277 0.430429 0.551588 0.392202 0.361403 0.284996 0.241249 0.231691 0.230942 0.228488 0.222023 0.219291 0.194096 0.186816 0.173949 0.159741 0.111454 0.131215 0.0782282 0.0703733 0.0566436 0.046637 0.0308695 0.0239923 0.0160797 0.00640348
threshold=0.45000000298023229 -1.0000000180025095e-35 0.21663041412830356 0.61781227588653576 0.94286227226257335 0.42895354330539709 0.88958966732025158 0.88400581479072582 0.16701237112283709 0.74608466029167186 0.69175162911415111 0.91331186890602123 0.52060455083847057 0.62316370010375988 0.27500000596046453 0.69804355502128612 0.60138812661170971 0.75000000000000011 0.99861112236976635 0.89711761474609386 0.91825759410858165 0.55182233452796947 0.91035637259483349 0.51965817809104931 0.56715172529220592 0.7241005301475526 0.25000000745058065 0.52500000596046459 1.0000000180025095e-35 0.76506900787353527 0.83757179975509655 1.0000000180025095e-35 0.90366768836975109 0.40319362282752996 0.39400610327720648 0.13392857462167743 0.52500000596046459 0.58512848615646373 0.48293033242225653 0.45222154259681707 0.89117494225502025 0.27500000596046453 0.30752871930599218 0.12183055281639101 0.70064935088157665 0.74352160096168529 0.88630625605583202 0.72065573930740368 0.33793300390243536 0.65665337443351757 0.11803405731916429 0.22684391587972644 0.5259326994419099 0.2294254079461098 0.27500000596046453 0.76506900787353527 0.82908758521080028
decision_type=2 2 2 2 2 2 2 2 2 2 2 2 2 2 2 2 2 2 2 2 2 2 2 2 2 2 2 2 2 2 2 2 2 2 2 2 2 2 2 2 2 2 2 2 2 2 2 2 2 2 2 2 2 2 2 2 2
left_child=1 5 30 27 6 12 9 -8 44 26 -9 24 13 17 15 -15 43 39 20 -20 21 23 46 -16 -12 28 29 31 -19 36 49 34 33 -33 -4 -29 40 -30 -14 51 53 -27 -6 -11 -2 -24 -23 48 -35 -3 -13 -1 -28 -5 -41 -17 -56
right_child=8 2 3 4 42 -7 7 10 -10 16 11 50 38 14 18 55 -18 25 19 -21 -22 22 45 -25 -26 41 52 35 37 -31 -32 32 -34 47 -36 -37 -38 -39 -40 54 -42 -43 -44 -45 -46 -47 -48 -49 -50 -51 -52 -53 -54 -55 56 -57 -58
leaf_value=-6.2811768851832303e-05 -0.013253869541008063 -0.034365338849875589 0.00031144016019734753 -0.00041360540444652932 -0.0026972245850423425 0.030314398238697148 0.0098659641531193328 -0.00056638637388870309 0.032275909627754291 -0.016308375192998423 -0.003438281651533045 -0.00605439181996571 -0.022373094457271127 -0.0040229687863170098 -0.0090079592129034877 0.0033265736157581821 0.024128768653124251 0.015434158586826766 -0.037065146675418263 0.013013191505988455 0.023186982680783747 -0.0085996606444498185 -0.0019735143748794764 0.015926224075663197 -0.089661242637686822 0.0063961228668714407 -0.0014895498776750576 -0.013682264410632153 -0.016704936976759871 0.0046219413193156521 0.00050814639159081046 0.013274377575608157 0.01838723699956674 -9.8596182300730192e-05 0.030749218605563407 0.0088054146376123684 -0.00012243701825180342 0.0047168350549049547 0.00066430539065728627 0.0067567446131153574 0.00076987758792492064 0.031635820132351958 0.021138996659094873 0.0036916261459924633 0.0034006602460070774 0.016605081187366776 -0.031687197577339205 0.00043123257480494706 -0.018215828526899604 -0.00031914117072823358 0.0051454292272630963 -0.015280263588523142 0.0077265402743177053 -0.032387443121061045 -0.0023398323138433129 0.025439262539565008 0.00082358980233169555
leaf_weight=0.19330235454253653 0.76338690402917808 9.3934636836638621 0.76285767601803156 0.13408448360860203 0.16777905519120295 4.0544097967213011 0.79859013244276811 0.53091585659422014 17.002838462009095 0.96582913200836651 0.29477561893872906 0.21481530368328083 1.8846988570876413 3.3208908411907059 2.5805058786645549 0.70815964229404915 2.1889861288946122 0.51941240899031971 1.9564881543628865 0.82462621200829733 1.9143213669303794 2.4598230770789087 0.43319131061434735 2.4521134898532182 1.0469103945652021 1.7603674824931657 0.29048893519211549 1.1266219861572606 1.086805159691721 0.29063051700359199 0.51926206517964679 0.88662499230122227 1.1114327388349918 0.77699931588722426 2.600241098087281 0.50451296300161619 0.43734605720965181 0.24657409265637387 0.56187806301750232 0.40536657866323356 0.11392798181623209 4.3022909822757356 1.7503244477557016 0.2294033020734787 0.77167685097083449 1.1292419766541568 2.7229199376888573 0.65471536136465136 1.0908758671139365 0.031533483415842833 0.2812406939920038 0.97015561274020001 0.52671396941877902 3.8581754953484051 0.14523154211929068 3.7333479928784072 0.14260400552302599
leaf_count=49 49 15847 19 154 9 1109 106 29 10832 304 11 1 1526 50 47 7 162 11 40 86 113 19 4 27 90 38 95 60 284 43 43 30 85 18 129 36 50 3 11 29 14 64 426 5 13 94 43 31 147 1 84 618 36 970 64 172 4
internal_value=0.00415929 -0.00240145 -0.0130988 -0.0034823 -0.0150947 0.00656953 -0.0218641 -0.0447932 0.0286954 -0.00840095 -0.0606033 -0.0705532 0.00277927 0.00506262 1.89824e-06 0.0129214 0.0113399 0.0158221 -0.00659387 -0.0221056 -0.00142741 -0.00779264 -0.0157105 0.00364742 -0.0824337 0.02167 -0.0203994 0.0132772 0.000114656 -0.0250718 -0.0323291 0.0175063 0.0060852 -0.00196393 0.0258495 -0.00501514 -0.0280381 -0.0115247 -0.0182725 -0.00697906 -0.0304764 0.0271595 0.0180271 -0.0116658 -0.00662529 0.0118125 -0.0252939 -0.010829 -0.0139021 -0.0341481 -0.000698547 -0.0135045 0.00464056 -0.0318476 0.00471566 0.0238158 -0.0002276
internal_weight=92.6267 74.0888 33.5801 23.6358 14.1209 40.5087 12.2028 3.16725 18.5379 9.03559 2.36866 1.83774 36.4543 34.0077 24.2356 7.7624 3.38422 9.77211 16.4732 2.78111 13.6921 11.7778 6.74518 5.03262 1.34169 7.91545 5.65137 9.51488 1.85279 4.83416 9.94426 7.88375 4.52065 3.40922 3.3631 1.63113 4.54353 1.33338 2.44658 1.85666 4.10619 6.06266 1.9181 1.19523 1.53506 1.56243 5.18274 2.52259 1.86788 9.425 0.496056 1.16346 0.817203 3.99226 0.693202 4.44151 0.287836
internal_count=34441 23547 19035 3144 2589 4512 2154 321 10894 1833 215 186 3403 1866 702 229 471 1164 473 126 347 234 160 74 101 400 1362 555 298 1231 15891 459 311 226 148 96 1188 287 1537 764 1138 102 435 309 62 98 62 196 165 15848 85 667 131 1124 97 179 68
is_linear=0
shrinkage=0.04


Tree=171
num_leaves=57
num_cat=0
split_feature=13 14 12 20 31 10 29 2 28 29 12 11 35 4 2 22 29 5 25 5 10 8 10 8 19 2 36 22 5 10 31 31 19 10 10 13 11 12 9 10 31 36 11 13 10 19 5 10 29 5 19 8 36 29 29 31
split_gain=9.11422 4.39123 3.59785 3.10696 2.48122 2.45864 2.03574 2.43739 1.96851 1.84008 1.77192 1.52932 1.23788 1.08732 0.996001 2.0415 1.48332 1.42796 1.00067 1.05836 0.892251 0.860515 0.832743 0.789113 0.754398 0.691288 0.648312 0.615752 0.515036 0.46452 0.455732 0.377486 0.36502 0.677701 0.543762 0.359145 0.224835 0.215801 0.208657 0.199333 0.197085 0.183587 0.142564 0.137954 0.0948318 0.0815376 0.0689674 0.0611321 0.052193 0.28546 0.0479439 0.0399511 0.0331293 1.26149 0.422413 0.00438843
threshold=0.45000000298023229 -1.0000000180025095e-35 0.12016079202294351 0.61781227588653576 0.94286227226257335 0.11651583760976793 0.88958966732025158 0.7243877947330476 0.75000000000000011 0.74608466029167186 0.16701237112283709 0.19399641454219821 0.25000000745058065 0.91331186890602123 0.62316370010375988 0.27500000596046453 0.7241005301475526 0.76506900787353527 1.0000000180025095e-35 0.87026646733284008 0.29705883562564855 0.72871574759483349 0.28991597890853887 0.56294015049934398 0.41421362757682806 0.99504950642585765 0.56666669249534618 0.52500000596046459 0.76506900787353527 0.68585526943206798 0.9462377429008485 0.87379801273345958 0.89323708415031444 0.21240601688623431 0.12060606107115747 0.13392857462167743 0.38243331015110021 0.30752871930599218 0.70064935088157665 0.13484849035739901 0.99850746989250194 0.2333333417773247 0.65419578552246105 0.21111111342906955 0.31698563694953924 0.91366460919380199 0.89512962102890026 0.21583850681781772 0.62060904502868663 0.84028983116149913 0.94665718078613292 0.74352160096168529 0.5000000149011613 0.90478479862213146 0.82818663120269786 0.85071325302124035
decision_type=2 2 2 2 2 2 2 2 2 2 2 2 2 2 2 2 2 2 2 2 2 2 2 2 2 2 2 2 2 2 2 2 2 2 2 2 2 2 2 2 2 2 2 2 2 2 2 2 2 2 2 2 2 2 2 2
left_child=1 5 30 27 6 11 9 -8 -9 24 41 12 14 22 16 17 38 -16 19 23 42 -21 -10 -17 44 -20 -25 32 29 31 -3 45 34 -34 43 -29 -35 -6 51 -12 -13 -2 46 -4 -5 -26 -11 -15 -36 -50 -47 -1 54 -54 -23 -19
right_child=10 2 3 4 37 -7 7 8 13 20 39 40 -14 47 15 18 -18 55 25 21 -22 52 -24 26 28 -27 -28 35 -30 -31 -32 -33 33 36 48 -37 -38 -39 -40 -41 -42 -43 -44 -45 -46 50 -48 -49 49 -51 -52 -53 53 -55 -56 -57
leaf_value=-0.015767668975729652 -0.013200370103101195 -0.034010862656652444 -0.014201259007721671 -0.0030441532966886428 -0.0026966109564019853 0.027458836365622425 0.0091282704742890412 0.0058339601473025816 -0.0074667172525085595 -0.014724038702233688 0.0076462203398666552 -0.024385836383677483 -0.022631586118519377 -0.0061090128746447382 -0.0036580539768092625 -0.013427122669109445 0.025506285149230513 0.0042008994536182152 0.021655673596385192 0.0010332680065331089 0.023290188834670524 -0.019242394402804612 -0.083712604495380219 -0.0038437033315117243 -0.034941377551898578 -0.010047856370127537 0.018657053015283746 -0.013759104510910428 0.0047901571294437662 0.0038764908035973955 1.074920300701554e-06 0.001860908930634903 0.031029618572796357 -0.012887313771647337 0.01576551129164263 0.0087294691509358334 0.0067926860661674795 0.020919520061800891 0.0036983962881156057 0.033790399637385692 0.0012424829034486816 0.0033158851011113981 0.0038099985340492599 0.0024421973090654721 0.01043849083495421 0.0019321069255275928 0.00022063335593197148 0.0042779455067734574 -0.008664059066823597 0.011590754066724362 -0.0073000902183574324 -0.00012954696337595398 0.00062028715152576271 -0.047865594542816726 0.0054144691849881844 0.030843439229116691
leaf_weight=1.0462987707578637 0.74019379471428937 8.721409964084156 0.82349906800664185 0.18127433612244015 0.16735672089271147 5.8411109622684299 0.62327273891423773 0.36993852164596353 0.62146355077857185 0.83349198620999254 1.7526796751190001 2.1764196021249513 0.9765032950672311 0.21824146341532458 2.6642084547784206 2.8577929027378577 6.1636894678231329 0.6530057182535528 1.7794439757708453 1.7119772229343642 2.0020377539331093 0.68598763551563047 1.1614363258704541 2.8766159284859896 3.7332208314037416 0.44200489111244667 2.5207454701885581 1.1430558170541187 0.29374720674240951 0.22302667750045646 0.54439567413646806 0.24846708818222385 2.7518914343381771 0.26390914246439923 2.0171824627323081 0.50301407481310878 0.37030829663854092 1.714409807580523 0.56584855902474362 14.73957483388949 0.21607465855777253 0.78533151536248624 0.20385980932041992 0.34693565068300813 0.56245885929092765 0.30478833086090151 0.22629637032514438 0.23859188368078321 0.6400549284298902 0.68187465588562191 0.39448132817051373 0.10730561614036549 0.99462143890559707 1.317644478054717 0.95822562300600111 3.6669046967290342
leaf_count=594 34 15171 252 149 9 1176 64 59 22 326 27 1906 57 2 28 32 104 9 121 17 153 11 102 41 1338 60 28 89 43 27 45 36 103 6 43 39 60 426 11 10805 3 28 7 13 16 103 12 74 26 55 165 2 38 49 54 171
internal_value=0.00406203 -0.00233076 -0.0128393 -0.00382607 -0.0150552 0.00642702 -0.0215606 -0.043423 -0.0554289 -0.00868727 0.0283677 0.00179732 0.00453469 -0.0647819 0.00648009 0.00180246 0.0175016 0.0178513 -0.00596831 -0.0101376 0.0118373 -0.0213395 -0.0728715 -0.000144 -0.0203487 0.0130089 0.00807491 0.0126019 -0.0250371 -0.0278832 -0.0320999 -0.0303504 0.0167972 0.0249475 0.00565427 -0.00521667 -0.00329983 0.0178009 -0.00897097 0.0319902 -0.021891 -0.00654853 -0.00832792 -0.0097992 0.0062931 -0.0325624 -0.0124307 -0.00132119 0.0128501 0.00179849 -0.00383919 -0.0146388 -0.0291649 -0.0342495 -0.0086377 0.0290925
internal_weight=91.3696 73.3518 33.1294 23.8636 14.3219 40.2224 12.4401 3.23294 2.60967 9.20715 18.0178 34.3813 31.9888 2.23973 31.0123 23.1292 7.88314 6.98412 16.1451 13.9236 3.26569 5.66846 1.7829 8.25515 5.94146 2.22145 5.39736 9.54173 5.19773 4.90398 9.26581 4.68096 7.89566 3.38611 4.50955 1.64607 0.634217 1.88177 1.71945 16.4923 2.39249 1.52553 1.26365 1.17043 0.743733 4.43249 1.05979 0.456833 3.33911 1.32193 0.69927 1.1536 3.95648 2.31227 1.64421 4.31991
internal_count=34441 23547 19035 3819 3133 4512 2698 323 259 2375 10894 3336 1427 200 1370 659 711 208 451 270 498 169 124 101 1877 181 69 686 1712 1669 15216 1642 558 169 389 128 66 435 607 10832 1909 62 345 265 165 1606 338 76 124 81 268 596 152 87 65 180
is_linear=0
shrinkage=0.04


Tree=172
num_leaves=60
num_cat=0
split_feature=13 14 31 8 10 10 11 4 35 35 2 7 1 1 20 9 10 9 36 2 1 29 19 9 19 11 2 11 5 36 21 10 5 19 19 10 1 19 10 20 10 6 6 1 10 10 31 6 31 10 7 20 6 8 31 14 9 11 6
split_gain=8.7365 4.13371 3.42555 3.16619 2.35901 1.60767 1.45841 1.20162 1.1918 1.03473 2.40089 1.01493 1.65786 1.2128 1.01082 1.28509 1.01619 0.986054 2.52579 1.42352 1.066 1.14955 1.28235 0.953803 0.757304 0.701943 0.651118 0.632532 0.627777 0.522602 0.504525 0.361744 0.361403 0.388702 0.358365 0.33508 0.301264 0.283076 0.270729 0.350502 0.683239 0.665478 0.568764 0.269957 0.216683 0.202657 0.199482 0.194214 0.193715 0.159148 0.14011 0.0714836 0.0650758 0.0573043 0.0374602 0.0337758 0.0295512 0.0274949 0.0098456
threshold=0.45000000298023229 -1.0000000180025095e-35 0.94286227226257335 0.24068965017795566 0.11651583760976793 0.15504807978868487 0.19399641454219821 0.91010102629661571 0.25000000745058065 0.15000000223517421 0.55625879764556896 0.35685387253761297 0.31666667759418493 0.68333333730697643 0.37850958108901983 0.59720873832702648 0.30217391252517706 0.75716626644134533 0.36666667461395269 0.63453349471092235 0.41428571939468389 0.81394484639167797 0.86159002780914318 0.65733855962753307 0.97182539105415355 0.96677702665328991 0.99504950642585765 0.36854232847690588 0.8155706822872163 0.96666666865348827 0.17500000447034839 0.14039409160614016 0.89009663462638866 0.93844696879386913 0.96225070953369152 0.15075758099555972 0.81666666269302379 0.36425061523914343 0.76696833968162548 0.73706510663032543 0.23303167521953586 0.58512848615646373 0.46572023630142217 0.44949495792388922 0.19139194488525393 0.04446640424430371 0.39400610327720648 0.58512848615646373 0.99850746989250194 0.13484849035739901 0.55182233452796947 0.64208856225013744 0.71828296780586254 0.68614074587821972 0.41521231830120092 1.0000000180025095e-35 0.61620295047760021 0.56479570269584667 0.52627530694007885
decision_type=2 2 2 2 2 2 2 2 2 2 2 2 2 2 2 2 2 2 2 2 2 2 2 2 2 2 2 2 2 2 2 2 2 2 2 2 2 2 2 2 2 2 2 2 2 2 2 2 2 2 2 2 2 2 2 2 2 2 2
left_child=1 4 3 14 6 27 8 9 11 24 43 12 23 17 35 16 57 -13 47 -20 -21 -22 -23 -1 25 29 -15 53 -24 30 36 -12 -30 -34 -28 46 37 -5 39 40 52 42 -41 54 -26 -4 -3 -19 -8 -9 -47 -42 -39 -2 -11 -7 -17 -16 -56
right_child=5 2 45 7 -6 55 48 49 -10 10 31 13 -14 26 15 56 -18 18 19 20 21 22 28 -25 44 -27 34 -29 32 -31 -32 -33 33 -35 -36 -37 -38 38 -40 41 51 -43 -44 -45 -46 50 -48 -49 -50 -51 -52 -53 -54 -55 58 -57 -58 -59 -60
leaf_value=-0.018781930656241567 0.00099620756197906272 -0.0002985773972579607 -0.00029274478403763262 0.00070520937872396326 0.026930905998652659 0.010586318511035342 -0.024130451652656395 -0.0039950534956613697 -0.022345926567057299 -0.00019740765896087767 -0.0047150944803180644 -0.018164773064930664 0.032664733264151841 0.026133807644612941 -0.028296959653773036 0.0002259328877356114 0.010709423138833841 0.0033751142781733938 0.01781921832357335 0.0057685786213037124 0.0073226441644843408 -0.036352801566749186 -0.016325923910685835 0.012125447579878008 -0.0088876313142342896 0.0049291792925867401 -0.017149012530701047 -0.011471381517167662 0.018042508174458866 0.0022619196454734172 0.002618088165910205 0.022447132654220079 -0.015667166668758507 0.00911515027818037 0.0079729932019856117 -0.00014743972607609321 0.0012179966141691201 -0.028600251507452979 0.00083729389421709221 -0.028446739886858755 -0.0033523627710548153 -0.065585722333596788 0.0028020155472348314 0.002390615811506876 0.009660399538855861 -0.00010565294626651955 0.028228433728814516 0.02875072130799906 0.001238582146976153 0.012545099673820921 0.024364439666534347 0.0067415808742588568 -0.0024096157161026927 0.016938712519933345 -0.027961998820887547 0.035509725232465539 0.01618292841343422 -0.001823522630918035 -0.00041540372364548035
leaf_weight=1.4015830499120121 0.92021550145000508 0.20285997778410392 0.44505127903539632 0.12634405714925279 5.7487817230285136 1.9570382901001693 2.1283269947161894 0.37869072461034992 0.96947274694684793 0.055889071431010851 0.26611023957957547 3.3217920740135076 3.5910683469846845 2.7276187257375564 2.2689118660928225 0.46582979275262903 0.59308998263441015 1.1711988662136743 1.6145766992121924 2.9313459447585037 1.3582100598141531 3.9187246300280094 1.2291613686829808 2.0186981288716197 0.48981552768964209 0.269170051673428 0.20629312377423037 1.530570867937058 0.97874785028398015 0.29584671795601103 0.21977581694955084 1.854282340587815 0.50524240965023637 0.4708488998003304 0.43984595593065023 0.83615723229013372 0.10711023653857488 4.217402205918912 0.092865618178621712 3.7926427032216452 0.62470633001066722 2.421925330942031 0.68789052698411968 0.14613165688933794 0.51866705436259508 0.16489571915008161 1.5308568889740852 2.9844036910217255 0.21600284799933422 0.75354165758471936 2.6323356102220714 0.64244278054684401 0.63147606293205161 0.95665379601996392 3.1859745517140259 12.150954955490306 1.2920000324666032 0.45052649604622264 0.023174164991360047
leaf_count=637 39 71 47 42 1176 1172 1906 17 57 48 369 60 23 181 2070 22 36 11 18 41 22 65 10 24 568 26 19 41 18 41 43 101 25 41 77 25 15 4422 9 5029 36 349 349 5 43 12 140 98 3 183 494 29 47 30 4224 9612 100 7 16
internal_value=0.00392388 -0.00232483 -0.0126 -0.0170575 0.00618871 0.0280737 0.00165662 -0.0244233 0.00433119 -0.026603 -0.00825629 0.0062509 0.0181385 0.00180879 0.00429914 -0.00584323 -0.0182068 -0.0022161 0.00199513 -0.00686926 -0.0122657 -0.0187095 -0.0244766 -0.00197361 -0.0318389 -0.0340097 0.0197298 0.0017493 -0.00259918 -0.0353148 -0.0364209 0.0178509 0.00904632 -0.0044091 -0.0053251 0.0195805 -0.0374116 -0.0379775 -0.0385444 -0.0390497 -0.0214446 -0.0477989 -0.023813 -0.0253867 -2.15857e-05 0.0200363 0.0254517 0.0244866 -0.0216228 0.00707263 0.0227741 0.00190406 -0.026872 0.0134416 -0.0274397 0.0335283 0.0144839 -0.0265738 -0.027832
internal_weight=90.1318 72.6163 32.6844 29.4421 39.9319 17.5154 34.1832 21.8019 31.8388 20.6696 5.53156 30.8694 7.01135 23.858 7.64023 5.07036 3.31253 20.4843 17.1625 13.0069 11.3923 8.46094 7.10273 3.42028 15.1381 14.1296 3.37376 3.40744 3.184 13.8604 13.5646 2.12039 1.95484 0.976091 0.646139 2.56987 13.3448 13.2377 13.1114 13.0185 6.11603 6.90246 4.48053 3.41117 1.00848 3.24228 1.73372 4.1556 2.34433 1.13223 2.79723 1.26715 4.84888 1.87687 3.26504 14.108 1.75783 2.71944 3.20915
internal_count=34441 23547 19035 18482 4512 10894 3336 16011 1427 15811 4763 1370 684 686 2471 2235 2113 409 349 240 222 181 159 661 11048 10437 277 110 94 10411 10370 470 84 66 96 236 10327 10312 10270 10261 4534 5727 5378 4293 611 553 211 109 1909 200 506 65 4469 69 4288 10784 122 2077 4240
is_linear=0
shrinkage=0.04


Tree=173
num_leaves=65
num_cat=0
split_feature=33 23 10 20 11 20 9 10 7 6 3 5 4 4 7 6 9 5 1 7 7 2 7 7 3 1 32 19 4 20 9 3 20 35 10 4 20 9 20 1 3 20 10 2 36 36 6 6 6 4 2 36 9 20 19 3 20 20 0 36 32 35 36 36
split_gain=7.4645 3.63394 3.22724 2.08116 1.83426 1.69671 1.25407 1.09595 1.02865 3.15699 1.77353 2.07778 1.80676 1.87363 0.98832 1.6237 0.968977 2.03263 1.50149 1.13018 1.13132 1.38388 1.30857 1.17385 0.797356 0.735241 0.732326 0.548205 0.524243 0.480582 0.376261 0.348117 0.341375 0.370853 0.325392 0.304443 0.291573 0.262799 0.23817 0.222163 0.186862 0.185275 0.162669 0.15894 0.155398 0.353331 0.137677 0.132812 0.124049 0.122518 0.103435 0.086883 0.0824296 0.0578381 0.0554812 0.0500099 0.0445739 0.0227748 0.0212994 0.0207388 0.020042 0.00717934 0.00278361 0.361313
threshold=0.87500000000000011 1.0000000180025095e-35 0.04446640424430371 0.99717512726783764 0.74203693866729747 0.37199692428112036 0.93643954396247875 0.13484849035739901 0.71943116188049328 0.69015115499496471 0.88400581479072582 0.84028983116149913 0.88273492455482494 0.72176682949066173 0.8853934407234193 0.90545043349266063 0.38507877290248876 0.5030120611190797 0.31666667759418493 0.39653845131397253 0.47113773226737982 0.64747309684753429 0.55611544847488414 0.5750112533569337 0.88630625605583202 0.087121214717626586 0.36666667461395269 0.89871793985366832 0.4246212244033814 0.98139494657516491 0.22401433438062671 0.96366026997566234 0.93364781141281139 0.25000000745058065 0.1490740776062012 0.065044946968555464 0.2098387032747269 0.65733855962753307 0.96444374322891246 0.38750000298023229 0.93335816264152538 0.96787095069885265 0.16333333402872088 0.072948999702930464 0.36666667461395269 0.43333333730697637 0.67432656884193432 0.6287311613559724 0.54437294602394115 0.4654348641633988 0.59317129850387584 0.70000001788139354 0.78319624066352855 0.47446762025356298 0.36425061523914343 0.61306276917457592 0.25728431344032293 0.58370205760002147 1.0000000180025095e-35 0.10000000521540643 0.30952382087707525 0.25000000745058065 0.5000000149011613 0.63333335518836986
decision_type=2 2 2 2 2 2 2 2 2 2 2 2 2 2 2 2 2 2 2 2 2 2 2 2 2 2 2 2 2 2 2 2 2 2 2 2 2 2 2 2 2 2 2 2 2 2 2 2 2 2 2 2 2 2 2 2 2 2 2 2 2 2 2 2
left_child=1 8 36 4 5 27 32 -2 9 16 39 -12 13 -13 62 31 34 28 24 49 21 -21 48 -24 25 50 60 30 29 43 -4 -16 33 35 -1 -7 58 61 -6 -11 51 -40 -8 -18 -17 -46 47 -25 -22 -20 -19 54 -26 -30 -37 -27 -32 -55 -3 -35 -9 -34 -10 -64
right_child=7 2 3 -5 38 6 42 26 14 10 11 12 -14 -15 15 44 17 18 19 20 22 -23 23 46 52 55 -28 -29 53 -31 56 -33 37 59 -36 40 -38 -39 41 -41 -42 -43 -44 -45 45 -47 -48 -49 -50 -51 -52 -53 -54 57 -56 -57 -58 -59 -60 -61 -62 -63 63 -65
leaf_value=-0.019093140254558948 0.0021636718154130073 -0.0026375511096235595 0.012334647763637399 -0.033976640994361297 0.026421180098343072 0.0019670424554994381 -0.0026499379715518661 0.0031117571417124297 0.026975717003473922 -0.0032534453833824991 0.0081973103749733399 -0.00056911651705672485 0.0076451400712687755 -0.062415853264103247 0.0015134679110701522 0.016809063468229201 0.0005716264939108534 -0.0026538140108859055 0.0020425764358666608 0.0085191990663122091 0.0017636837671958453 -0.027211275988729786 -0.020283178912775101 -0.0001983657167919432 -0.00033144437069155533 -0.0003922840978406747 0.035239181541628618 0.024657863950794636 -0.0053187161920214502 -0.0020579287907443924 -9.1638719586803507e-05 -0.038176822170797417 -0.010637130704491557 -0.0017042378700045059 0.002741358231464733 -0.00046864121855360214 -0.033437115714241621 0.0094597007582013903 -0.0082425746862262398 0.015056377662852973 0.00028078955641358934 0.0090043351434269808 0.016024124572024949 0.035802136257064889 -0.013128692101997533 0.010642189679901184 2.8338866322302421e-05 0.018122522450439424 0.026837288128175735 0.024903157219414634 0.011712020738922913 -0.00025648508889688707 0.012788798739920455 0.0063971595788255209 -0.028932163038590426 -0.024678270775988831 -0.013212955193101386 -0.00040228576827093277 0.0035808465211842723 0.0041157788169167561 -0.0025906641686530936 -0.00014375984749719027 -0.0032760574521403852 0.01796359976143631
leaf_weight=1.4452838575525668 2.5942513975314787 0.15940243419027122 0.36776847991860195 1.4167491621919897 2.8612363480497147 0.27264525796635819 0.23903545562643547 0.18048734520561716 3.930836439249104 0.78950313490349688 1.1094469195231793 1.0401066885096959 0.50898496119771142 2.325525653664954 0.13412796391639892 1.510686209658161 0.10803853708785283 0.25174562379834498 0.84198081976501526 1.9827635883120809 0.70549463108181809 2.2798299533315003 2.0140969349886291 0.43839430657681111 0.57936649268958695 0.32822003337787453 11.394357489538379 1.6900716248201204 0.2939117380301467 0.2990565855288877 0.60302008886355885 0.26178535562939942 0.571445384819526 0.11906150841969054 0.98191593785304565 0.057232106628361978 7.6790818457375281 0.69879679515725002 0.35629510250873853 0.96655627305153757 0.19595036137616251 0.49962890637107193 1.1097463862970469 4.3645069909107406 0.33604179695248593 0.60778518149163574 1.033329978934489 1.3448135684011502 2.9228880355367437 4.2826462871744297 0.45105848804814741 0.13677932246355329 0.6345689213485457 0.39245016343193129 5.3478560432558879 3.8404566759418231 0.70836721349041909 0.22812410007463768 0.17502434551715851 0.47165906423470005 0.79589824459981173 0.058216351084411144 1.4036868030671033 1.198459288687445
leaf_count=1354 59 61 3 138 331 33 28 40 1028 12 59 57 108 79 38 648 26 71 28 54 32 60 52 19 51 38 9479 37 144 51 22 49 341 102 55 36 14145 71 14 107 17 55 131 735 44 81 57 108 142 143 35 18 24 43 2179 597 97 239 1 116 236 44 64 75
internal_value=0.0038458 -0.0015207 -0.0132386 -0.00280558 0.00241534 -0.00514094 -0.0136561 0.0282114 0.00492451 0.00174543 -0.020434 -0.0305289 -0.04132 -0.0495131 0.0158272 -0.00254438 0.00717761 0.00932584 0.00340042 0.00919962 0.00183344 -0.0122779 0.00992423 -0.00359718 -0.0117902 -0.0182075 0.0327094 0.0148696 0.0280592 0.0322006 -0.00128268 -0.0325481 -0.0195149 -0.0225993 -0.0120424 -0.025084 -0.0320873 -1.9732e-05 0.0225891 0.00833808 -0.026817 0.00039984 0.0121938 0.0348692 0.0123332 2.0728e-05 0.0107487 0.0148306 0.0241203 0.0226188 0.007176 -0.0279569 0.00894707 6.9973e-05 -0.0285871 -0.0236531 -0.0105385 0.00441323 -2.70323e-05 0.00152947 2.12537e-05 -0.0102069 0.0230815 0.00901493
internal_weight=88.9285 73.9635 25.7951 17.7816 16.3648 12.6477 9.27842 14.965 48.1685 38.7851 6.74012 4.98406 3.87462 3.36563 9.38341 2.85043 32.0449 29.6177 23.9317 17.8462 12.7216 4.26259 8.45902 4.83063 6.08542 4.87148 12.3707 3.36923 5.68609 4.7716 1.67916 0.395913 7.92964 6.60118 2.4272 6.01046 8.01351 1.32846 3.71716 1.75606 5.73782 0.855924 1.34878 4.47255 2.45451 0.943827 2.81654 1.78321 3.62838 5.12463 0.702804 5.54187 1.21394 0.914486 5.40509 4.16868 1.31139 0.620574 0.334427 0.590721 0.976386 0.629662 6.53298 2.60215
internal_count=34441 24627 18020 3813 3675 3275 3116 9814 6607 4580 422 303 244 136 2027 860 4158 2749 1511 695 524 114 410 236 816 741 9755 159 1238 812 122 87 2957 2501 1409 2283 14207 456 400 119 2250 69 159 761 773 125 184 127 174 171 106 2233 75 426 2215 635 119 282 62 218 276 385 1167 139
is_linear=0
shrinkage=0.04


Tree=174
num_leaves=78
num_cat=0
split_feature=13 14 31 8 11 5 31 9 8 8 24 1 5 9 30 1 36 1 36 11 22 3 11 6 36 11 5 7 31 22 22 1 11 36 9 3 11 9 22 19 24 24 36 8 24 3 9 19 30 30 24 24 31 6 1 30 24 24 8 25 3 3 31 9 9 24 11 24 3 11 8 19 7 9 6 3 22
split_gain=7.98658 3.75983 3.19696 2.98529 1.25411 1.074 1.19842 0.885012 1.51098 0.880781 1.08238 0.836203 1.45891 1.31095 1.6566 2.23738 1.24986 2.49479 0.853955 0.74624 0.739193 0.688037 0.595035 0.588672 0.888981 0.574267 0.571343 0.926659 0.43095 0.415729 0.404949 0.366401 0.321867 0.314904 0.307501 0.306037 0.293548 0.270373 0.255284 0.252605 0.266044 0.229616 0.21305 0.208927 0.207692 0.198154 0.177141 0.174144 0.170756 0.302005 1.50552 1.14167 0.404101 0.61805 0.406568 0.275431 0.177981 0.151439 0.117255 0.0857755 0.0797023 0.0557867 0.0349325 0.0288055 0.088402 0.0217018 0.0202978 0.0179389 0.0156482 0.0137467 0.0120011 0.0102992 0.00764801 0.00589209 0.00486291 0.00321228 0.00127349
threshold=0.45000000298023229 -1.0000000180025095e-35 0.94286227226257335 0.24068965017795566 0.5449785888195039 0.93788579106330883 0.91250720620155346 0.62988328933715831 0.21352583914995196 0.67083334922790538 0.59586465358734142 0.68333333730697643 0.87026646733284008 0.80901724100112926 0.43862789869308477 0.31666667759418493 0.5000000149011613 0.44949495792388922 0.36666667461395269 0.71671482920646679 0.42499999701976782 0.98677420616149913 0.96677702665328991 0.59156423807144176 0.63333335518836986 0.5449785888195039 0.99504950642585765 0.69911226630210888 0.98583742976188671 0.075000001117587103 0.97499999403953563 0.16025641560554507 0.39902913570404058 0.43333333730697637 0.59317129850387584 0.94117024540901195 0.47512376308441168 0.38507877290248876 0.17500000447034839 0.97182539105415355 0.10811688378453256 0.067424245178699507 0.10000000521540643 0.6291005313396455 0.029659277759492401 0.53335472941398632 0.17817460745573047 0.45049019157886511 0.79074048995971691 0.69175162911415111 0.17225275188684466 0.22886905074119571 0.83951234817504894 0.53318938612937938 0.17424242943525317 0.37687824666500097 0.083683475852012648 0.1490740776062012 0.64785373210906994 1.0000000180025095e-35 0.89399582147598278 0.733220934867859 0.41521231830120092 0.58380147814750682 0.30471627414226538 0.077777776867151274 0.33254344761371618 0.083683475852012648 0.47976991534233099 0.27172479033470159 0.050641026347875602 0.82182541489601146 0.60705992579460155 0.13446328043937686 0.61675208806991588 0.91877043247222911 0.17500000447034839
decision_type=2 2 2 2 2 2 2 2 2 2 2 2 2 2 2 2 2 2 2 2 2 2 2 2 2 2 2 2 2 2 2 2 2 2 2 2 2 2 2 2 2 2 2 2 2 2 2 2 2 2 2 2 2 2 2 2 2 2 2 2 2 2 2 2 2 2 2 2 2 2 2 2 2 2 2 2 2
left_child=1 4 3 7 11 22 41 8 32 10 25 12 13 14 15 18 17 -14 36 29 31 -13 30 24 -16 42 27 -18 -23 -8 35 37 34 68 -3 39 70 73 46 48 -41 -7 76 -19 -4 -22 -34 -11 49 51 65 52 53 57 55 -54 75 60 -33 -49 62 -12 -5 64 -44 -51 -66 74 -10 -65 -1 -15 -46 -20 -55 -56 -2
right_child=9 2 44 5 -6 6 19 -9 33 47 61 21 16 71 23 -17 26 43 20 -21 45 28 -24 -25 -26 -27 -28 -29 -30 -31 -32 58 38 -35 -36 -37 -38 -39 -40 40 -42 -43 63 -45 72 -47 -48 59 -50 50 -52 -53 54 67 56 -57 -58 -59 -60 -61 -62 -63 -64 69 66 -67 -68 -69 -70 -71 -72 -73 -74 -75 -76 -77 -78
leaf_value=-0.00020338407847525483 -9.390428141581631e-05 -0.025107058474114187 2.5438529889118589e-05 -0.00016920645925685589 0.026059786618775293 -0.0032273770944004233 -0.040438902043423507 0.020939632165250056 0.0011768303564581586 7.9250994483068285e-05 -0.00032689959206109515 0.025631721508240862 -0.024014987356797492 0.0076002307104008427 -0.02681375013807864 0.029679829503950501 -0.020451172220380304 0.00030118872297829543 -2.6116946165906985e-05 0.0069384239414452525 0.0036107942322471322 -0.018734348009013038 0.0055908546790475223 0.0025665238566559569 0.0032722405376459096 0.024833152733813986 -0.03656125230995097 0.012292564469229435 0.0082664146845249174 0.00040452455406248612 0.0031031934263713646 -0.0088052265611892975 0.0042372620535567132 0.027755864222549057 0.0021131841101403432 0.0019666027718657133 0.0036779810007262575 0.025374608289357049 0.0094521797447802824 -0.012080365456724576 0.0081391710041461805 0.019801355396533542 0.0066323087368923153 0.022824364947537933 0.0003736238661901146 -0.015825871281816669 -0.013738490665038206 0.035245784750914257 0.00013293432825626239 -0.005713898796126572 -0.068804325911333827 0.010550743883645977 -0.0077064434286224165 -0.0022518572317795239 -0.021252505371869929 0.012788056808739548 -0.00031063460804728207 0.0001808736603453703 0.005046923687703703 0.00249430875662016 -0.00026741066337196114 -0.023918658344619727 -0.033867095723372515 8.9707585253195299e-05 -1.9084140453369962e-05 0.00022057645547118624 -0.0064948392035474502 0.0048347703332947065 -0.0039012740384850083 0.01017614702969174 -0.022493912165686077 0.024761429269742785 0.023275253738465156 -0.0033330682593022938 0.00030032270922532176 -0.00033431485750127588 -0.010539953409739651
leaf_weight=0.063973120530142036 0.36455426155589821 2.1613129880861446 0.53627409890759681 0.075845038954882038 2.9801218553911886 0.19638508162461166 0.22945474018342782 1.8520290253509299 0.23247855232330017 0.28073681402020056 0.037355341599322744 2.6908378814114253 2.0450509260408563 2.2778825246496117 3.6169219889561637 3.8220924139604904 1.2561787490267309 0.66155863145832006 0.046049766591750418 0.38524793542455882 0.33919496554881312 0.20093246654141683 0.30044033727608521 2.3333665221580304 1.6138722886098547 2.5728959072148427 1.594808126799762 1.1943737966939805 0.6206747522810474 0.31381213694112375 0.25170299265300755 0.46050696866586793 0.26199853245634563 0.73671708640176803 0.378354231128469 0.19563022063812141 0.24032299563987169 1.686254729516804 0.72905526144313615 0.78041438758373149 0.42443706188350916 1.5154408478410912 0.4291877205250787 2.8517940823221579 0.14532693952787701 0.99420521123101935 0.91843481725663878 10.465529028326269 0.13064878399018098 0.53535981138702371 0.76909504272043694 0.59550146013498384 0.44300102579291045 0.17547911679139439 1.6004867014125923 0.85213764410582371 1.1438285899348555 0.063684316817671838 0.3208958882605657 0.50011546351015645 0.045920165313874217 0.032376640127040446 9.2762660802400188 0.27280178747605521 0.27500777924433351 0.5317761292681098 0.54799160710535944 0.24247491359710693 0.2237962772778701 0.58586687676142901 2.0050396692822687 3.1869690604507923 2.4675391440978274 0.20108308386988938 0.089493136329110712 0.043374694127123692 0.24986156821250916
leaf_count=49 83 1480 54 76 968 134 38 109 148 59 34 208 43 36 140 68 20 12 4 86 72 26 23 46 26 1967 34 62 108 43 18 62 32 61 33 39 24 161 83 634 31 227 18 152 18 316 178 8425 13 64 28 47 397 104 1127 133 36 4 9 63 8 29 12645 8 23 15 59 8 347 125 1582 62 481 222 14 19 1
internal_value=0.0037759 -0.00219019 -0.0121339 -0.0164986 0.00596833 -0.0237654 -5.96371e-06 0.00437493 -0.00403957 0.027502 0.0097416 0.00329625 0.000866947 0.00629432 0.000377039 0.0103972 -0.0111447 0.00149111 -0.00439112 -0.0210451 0.0061379 0.0185185 -0.0269211 -0.0123777 -0.0184819 0.0153111 -0.0245813 -0.00546016 -0.00525144 -0.0325997 -0.0279467 0.0158405 -0.0148368 0.0212953 -0.021252 -0.0286948 -0.0185288 0.0217746 -0.000132687 -0.0292695 -0.00365719 0.0161108 0.000227778 0.0195773 0.0196937 -0.0108145 -0.00877549 0.0336817 -0.0305616 -0.030919 -0.0502736 -0.0239232 -0.026393 -0.0309111 -0.00966346 0.00466156 -0.016091 -0.032996 -0.00255652 0.0343858 -0.0334263 -0.0219023 -0.0336721 0.00639357 2.1971e-05 -0.00390925 -0.00479859 0.00254816 -0.00132038 0.00906047 -0.0221689 0.020998 0.0227911 -0.00211547 -0.0007074 -0.0210618 -0.00948433
internal_weight=87.7699 71.1556 31.8507 28.7015 39.305 21.2073 2.64034 7.49418 5.64215 16.6143 5.3679 36.3248 32.8124 23.2086 17.7438 10.1796 9.60376 5.5584 6.35753 0.928515 4.04819 3.51245 18.567 7.56416 5.23079 5.29817 4.04536 2.45055 0.821607 0.543267 18.2666 2.71479 4.44916 1.19299 2.53967 18.0149 2.30934 1.93339 1.90949 17.8192 1.20485 1.71183 2.72527 3.51335 3.14914 1.3334 1.18043 11.2464 16.6144 16.4837 1.83623 14.6475 14.052 9.96916 4.08283 1.29514 2.78769 9.46172 0.781403 10.9656 9.39803 0.069732 9.35211 2.11086 1.25219 1.06714 0.822999 0.507447 0.456275 0.858669 2.06901 5.46485 2.61287 0.247133 0.264972 1.64386 0.614416
internal_count=34441 23547 19035 18482 4512 16011 528 2471 2362 10894 2347 3544 3202 2879 2781 2569 323 207 2501 167 846 342 15483 212 166 2284 116 82 134 81 15460 458 1806 556 1513 15442 1655 387 293 15403 665 361 317 164 553 388 210 8547 14738 14725 107 14618 14571 12859 1712 530 1182 12733 71 8488 12729 63 12721 233 100 79 82 126 495 133 1631 98 499 226 118 1146 84
is_linear=0
shrinkage=0.04


Tree=175
num_leaves=70
num_cat=0
split_feature=32 4 20 38 29 10 2 36 8 19 2 35 19 10 2 9 31 22 2 9 2 19 29 10 9 19 1 30 1 1 10 2 38 3 22 30 19 31 20 10 4 31 9 5 24 30 2 7 38 19 10 2 19 29 35 39 22 10 10 8 8 8 8 30 22 8 22 22 24
split_gain=7.24279 4.30302 3.25052 3.22077 3.80033 3.59339 3.57006 2.12216 1.94635 2.01534 1.43399 1.39682 2.02098 1.31569 1.23199 1.01205 0.962954 0.90379 0.89678 1.05397 0.876114 0.870924 0.892374 0.811914 0.736633 0.730032 0.712246 0.682239 0.621987 0.874156 0.605483 0.593733 0.569525 0.468723 0.695792 0.397901 0.352392 0.331515 0.271693 0.246337 0.240073 0.223041 0.320963 0.213322 0.191136 0.182357 0.167074 0.166997 0.163671 0.153499 0.14706 0.140894 0.139873 0.136528 0.134624 0.112066 0.323829 0.0942298 0.0927015 0.0718068 0.147928 1.50274 0.104744 0.0676031 0.0636305 0.0493539 0.0474291 0.0243119 0.00325473
threshold=0.53571429848670971 0.91010102629661571 0.58847248554229747 0.43274678289890295 0.88958966732025158 0.55277779698371898 0.83438816666603099 0.16666667163372043 0.92718276381492626 0.90121948719024669 0.70859703421592724 1.0000000180025095e-35 0.64760348200798046 0.14039409160614016 0.77459675073623668 0.80901724100112926 0.94882377982139599 0.77500000596046459 0.45748709142208105 0.23606811463832858 0.89825496077537548 0.82426470518112194 0.88958966732025158 0.29705883562564855 0.4403389841318131 0.79008570313453685 0.72077924013137828 0.32110548019409185 0.16025641560554507 0.34848485887050634 0.23303167521953586 0.70051544904708873 0.388277217745781 0.82001832127571117 0.67499998211860668 0.2762733399868012 0.81909090280532848 0.9589957892894746 0.88478556275367748 0.17752101272344592 0.08191221579909326 0.69640901684761058 0.88067796826362621 0.71535181999206554 0.125657893717289 0.58875668048858654 0.51316702365875255 0.29440100491046911 0.36785912513732916 0.84045451879501354 0.23669467866420749 0.53694942593574535 0.86240702867507946 0.88761022686958324 0.45000000298023229 1.0000000180025095e-35 0.52500000596046459 0.12060606107115747 0.23904761672019961 0.042109929025173194 0.2237871661782265 0.59675306081771862 0.33534136414527899 0.68209040164947521 0.42499999701976782 0.72871574759483349 0.82500001788139354 0.22500000149011615 0.013423423748463394
decision_type=2 2 2 2 2 2 2 2 2 2 2 2 2 2 2 2 2 2 2 2 2 2 2 2 2 2 2 2 2 2 2 2 2 2 2 2 2 2 2 2 2 2 2 2 2 2 2 2 2 2 2 2 2 2 2 2 2 2 2 2 2 2 2 2 2 2 2 2 2
left_child=1 2 8 23 7 20 10 27 9 11 47 21 18 -2 17 -16 -10 24 19 57 39 25 32 44 -11 43 33 35 64 41 59 -27 40 36 -35 58 45 -18 -22 -6 -23 42 -30 48 54 -14 -43 -7 -1 -38 -32 -29 -9 -53 -4 56 -3 -13 -5 -26 -61 62 -62 -17 -20 -42 -21 -51 -54
right_child=13 55 3 4 5 6 -8 52 16 14 -12 12 26 -15 15 63 37 -19 28 66 38 22 -24 -25 30 31 -28 51 29 -31 50 -33 -34 34 -36 -37 49 -39 -40 -41 65 46 -44 -45 -46 -47 -48 -49 -50 67 -52 53 68 -55 -56 -57 -58 -59 -60 60 61 -63 -64 -65 -66 -67 -68 -69 -70
leaf_value=-0.014694277153982999 -0.0036498183430469684 0.013500764828590004 -0.035836767038964122 -0.0018461254449143906 -0.0035263876888457645 -0.011387185496782033 0.010095171132108803 -0.021251478509714251 0.027963073578555681 -0.0088867446422190213 -0.08946939777776762 -0.001476589345782866 -0.019043882672177607 0.034684800517884209 -0.02536054833035728 5.0764535618810051e-05 -0.016537580741916757 -0.01219970899304065 0.023195199791625393 -0.026224093731312209 0.0032286488261458923 0.0020779258731287056 0.013147151722483336 0.004838597939584746 0.0003621234490273477 0.030663878704456582 0.0062009502319717051 0.00021412166245314118 -0.010129105084223152 0.013714471015753096 -0.01236117703426819 -0.0035587236332759965 0.0061628183966652272 -0.040473619036272626 -0.0015825500628971309 -0.013939029323371875 0.011651278400754679 0.0071805320910233407 -0.024119740678359047 0.019543263337655343 -0.027393161627677569 -0.00025575568414231673 0.011792120200146833 0.0067207377601194926 0.0005048739208703577 0.0026137846298144962 -0.023059018124365917 0.0057090275811021527 0.003474710554018553 0.00072362661726544048 0.0043359570714290828 0.028280510523701553 0.0016678352409190431 0.0003951624097907055 -0.00010195695816012511 0.028462797390029049 -0.0077179274304031969 0.014811787698861063 0.012741616913505392 0.034832151916929288 0.0019365205957853043 0.025057666254794705 -0.012000623155315226 0.012699719448043935 0.00034912798456613833 -0.00030680922304916205 -0.00028082392303305855 -0.0063241380776610989 -0.00054698398931444234
leaf_weight=0.89670992054743848 1.2206577418837685 2.2911555016180496 9.4003935558721388 0.17437953429179998 0.21276278269942794 0.26626478671096243 0.58680108271073539 1.3175166652072219 4.0937614920549086 0.51953484528348504 0.77653468446806073 0.11767160290037493 1.2356765350850731 10.058180638588963 1.3103902526199811 0.47366818517912157 0.45247072691563506 0.60518394736573178 1.3132755952537989 2.0985316135920589 0.19579977309331287 0.13285174965858582 0.95751004526391614 0.42738501087296832 0.35892323584994024 2.0097909625328616 0.34929470589850176 0.39278306165942911 0.69623949649394512 1.9470584170776417 0.27254956890828985 0.49672635039314617 0.53736236889380951 4.6212563000735827 1.0609840147662906 0.59035036817658693 0.58147041677148059 0.40144032030366361 0.25040929450187832 1.7855831851484252 1.9684519574511798 0.42302391707198683 0.50535093247890472 0.64909127861028526 0.074322319589556041 0.18122477864380915 1.083496594452299 0.30911663779988885 0.24362068419577554 0.13852401534677483 0.24384875840041786 5.0833546117064543 0.12820455292239774 0.20463534491136659 0.11176114191766906 4.7371766789583489 0.35311545990407456 0.54198209138121456 0.78585531003773212 2.2987588712712732 0.34820621128892559 4.4646058526122943 1.7000929651840122 0.74252443539444357 0.28378016655915406 0.24159944336861361 0.073294488713145145 0.35281820618547499 0.27201682998565957
leaf_count=569 26 353 14672 20 11 5 271 90 195 507 138 168 1024 8973 18 21 21 38 122 1275 63 1 24 52 13 159 27 43 111 44 4 15 32 299 25 20 111 50 32 255 371 38 2 23 3 11 90 60 26 63 68 847 42 25 66 1763 7 10 179 71 57 103 325 46 57 8 23 250 57
internal_value=0.00258707 -0.00210438 -0.00546827 -0.0170413 -0.0031191 -0.0286544 -0.0552011 0.0115208 0.000984344 -0.00224666 -0.0748295 -0.0086733 -0.0146549 0.0304315 0.00964093 -0.0107242 0.0213884 0.0153036 -0.000657678 -0.0152938 0.00484641 0.00432731 -0.00775738 -0.0325838 0.0184984 0.0146902 -0.0270467 0.0206748 0.00739807 -0.00108651 0.0211783 0.0243937 -0.0173376 -0.0294623 -0.0352452 -0.00110695 -0.00749133 -0.00670713 -0.0175157 0.0159012 -0.0236379 -0.0133301 -6.0317e-05 -0.00319096 -0.0348677 -0.0156259 -0.0191817 -0.0041174 -0.010246 0.00534794 -0.00564276 0.0259087 -0.0180046 0.0272662 -0.0353791 0.0241057 0.00835974 0.0117924 0.00963006 0.023538 0.0241776 0.0143476 -0.0091361 0.00944942 0.0212968 -0.0260788 -0.025555 -0.00424111 -0.000233826
internal_weight=86.0311 74.7523 67.3709 23.3462 13.3324 4.38327 1.93872 8.9491 44.0246 39.077 1.35192 25.7387 17.605 11.2788 13.3383 2.52658 4.94767 10.8117 9.0837 2.83148 2.44456 8.13371 3.83778 10.0139 10.2065 4.29594 8.52125 7.23136 6.25223 4.65517 9.68699 2.50652 2.88027 8.17195 5.68224 1.55059 2.48971 0.853911 0.446209 1.99835 2.3429 2.70811 1.20159 1.78942 9.58648 1.4169 1.50652 0.575381 1.14033 1.07281 0.516398 5.68077 1.71774 5.28799 9.51215 7.38145 2.64427 0.659654 0.960235 9.17059 8.81166 6.51291 2.0483 1.21619 1.59706 2.21005 2.17183 0.491342 0.400221
internal_count=34588 25589 23466 16951 2158 835 474 1323 6515 6249 203 4978 3750 8999 1271 85 266 1186 1940 1476 361 1228 436 14793 1148 792 1810 1134 464 285 641 174 412 1783 324 219 1459 71 95 266 380 241 113 618 14741 1035 128 65 595 424 72 915 189 872 14738 2123 360 178 199 569 556 485 382 67 179 379 1298 313 99
is_linear=0
shrinkage=0.04


Tree=176
num_leaves=67
num_cat=0
split_feature=32 4 29 23 12 31 2 8 25 31 11 29 10 19 19 35 19 19 5 36 31 19 4 10 8 10 4 12 29 4 29 29 12 31 5 19 19 19 3 10 8 31 4 3 19 19 2 4 23 22 12 2 31 4 4 3 31 31 24 19 19 8 3 36 31 3
split_gain=6.95358 4.11958 2.90622 3.80617 2.92574 1.83959 2.05605 2.35387 1.79207 1.84021 1.53159 1.3697 1.29437 1.26456 1.5012 1.02885 1.20825 0.973223 0.948552 1.1841 1.56227 0.715737 0.692674 0.621615 0.537683 0.582433 0.382326 0.375824 0.36668 0.356243 0.339719 0.593844 0.830288 0.406013 0.280317 0.204438 0.201428 0.200793 0.187522 0.184254 0.174277 0.515453 0.171978 0.168274 0.157307 0.260711 0.14934 0.144344 0.11775 0.314787 0.0971904 0.0960345 0.0933059 0.0931726 0.0674616 0.0616269 0.0736663 0.0549249 0.0520915 0.0498243 0.0409261 0.0349684 0.0233884 0.0193511 0.0113752 0.00965977
threshold=0.53571429848670971 0.91010102629661571 0.98581168055534374 1.0000000180025095e-35 0.33165454864501959 0.91619548201560985 0.76506900787353527 0.92718276381492626 1.0000000180025095e-35 0.88562902808189403 0.19399641454219821 0.91825759410858165 0.14039409160614016 0.7923850715160371 0.65058138966560375 0.15000000223517421 0.91945946216583263 0.45049019157886511 0.90595519542694103 0.43333333730697637 0.82611790299415599 0.97100839018821727 0.42163743078708654 0.29705883562564855 0.77459675073623668 0.21240601688623431 0.76689496636390697 0.14671076089143756 0.90240257978439342 0.08856209367513658 0.89589646458625805 0.88958966732025158 0.77598571777343761 0.84919497370719921 0.87026646733284008 0.32173123955726629 0.97182539105415355 0.80178570747375499 0.88890907168388378 0.25462962687015539 0.69631093740463268 0.82893744111061107 0.70222854614257824 0.8279307782649995 0.96609193086624157 0.82683658599853527 0.23294574022293094 0.52240803837776195 1.0000000180025095e-35 0.52500000596046459 0.5801178812980653 0.72046512365341198 0.87704071402549755 0.65806129574775707 0.72176682949066173 0.67433232069015514 0.69640901684761058 0.47408908605575567 0.13961988687515262 0.81909090280532848 0.92546296119689953 0.54110360145568859 0.4003956019878388 1.0000000180025095e-35 0.85391354560852062 0.40480752289295202
decision_type=2 2 2 2 2 2 2 2 2 2 2 2 2 2 2 2 2 2 2 2 2 2 2 2 2 2 2 2 2 2 2 2 2 2 2 2 2 2 2 2 2 2 2 2 2 2 2 2 2 2 2 2 2 2 2 2 2 2 2 2 2 2 2 2 2 2
left_child=1 2 3 5 10 6 13 11 9 35 27 26 -2 14 17 16 30 39 19 20 23 58 46 29 25 38 53 -5 43 -15 31 32 33 59 -13 -4 -23 -31 65 47 41 -22 62 55 45 -43 -19 57 -3 -50 -35 -21 -37 -8 -11 -24 -57 -1 -12 -6 -47 63 -39 -48 -27 -16
right_child=12 48 8 4 15 -7 7 -9 -10 54 21 34 -14 18 24 -17 -18 22 -20 51 40 36 28 -25 -26 64 -28 -29 -30 37 -32 -33 -34 50 -36 52 -38 42 -40 -41 -42 44 -44 -45 -46 60 61 -49 49 -51 -52 -53 -54 -55 -56 56 -58 -59 -60 -61 -62 -63 -64 -65 -66 -67
leaf_value=-0.00021649994163238037 -0.0035843128326205247 0.028166562389400653 -0.0099711442480511399 -0.0065798782941838743 -0.026089522184645355 0.026027680714624402 0.0026618893886381115 0.017810202295296059 0.0097497131617280235 -0.0061315001965177498 -0.036082096445918983 -0.0074783731689422404 0.034519416596623505 0.0041638948244646697 -0.00048580057581461506 0.017384780389254482 0.012650283551322358 0.0043975904120489981 -0.016704507172503654 0.025839485111528483 0.020067999725064362 0.0093452506997591476 0.0077249258862475811 0.0088590125481806409 0.0058361502768713019 0.0058808324041244777 -0.042736392331913349 0.020151517342551006 -0.0018314524526222456 0.001210625217727014 0.0023548966426841364 -0.036958935894776411 0.013782037130217464 -0.0052889809008478637 0.01267989144728094 0.011353545584810713 -0.0087600372975235423 -0.00024469715649226835 0.00034506710969435186 0.0035480839918064304 0.022143621803365505 0.005875023486506239 0.00047722015268984247 0.027053251781249021 0.00534432501450264 -0.015295823371521123 -0.00018457551934514374 0.00048264441291680444 0.013229774471390239 -0.0076619145562111029 0.0062644553343631391 0.0026455924296597618 -0.0018960674569661123 -0.0096646078167189099 -0.057472221812029094 -0.0071855830658348885 0.0037805577661604939 -0.020164713768362718 -0.00050618656734470512 -0.0028103769800369559 -0.00013521056685279168 -0.00010614228063324409 -0.028444465536646663 -0.013041265966872082 7.5601615464422275e-05 -0.029680901763908078
leaf_weight=0.14668542737490664 1.2211615799460549 4.6138001123908898 0.39411335415206794 0.34633127530105667 1.2309906086011309 3.979454673593863 0.44141010317252882 1.243404841632582 0.70983013598015521 0.49329949019011143 9.138676122500323 0.5995299012865869 9.7162137558916566 0.23624958301662147 0.16870923680835392 2.2964553227066062 2.1075154920108616 0.3633769877196753 0.37350228033028443 7.1146271750621954 0.74399907884071614 0.43959392225951965 0.63882655842462532 0.49434759560972441 0.46875690855085839 0.30867923295591015 2.811051529541146 0.34455561079084873 0.69563403172651295 0.15661690785782445 0.8188762375502846 0.68357914406806219 0.84964967099949706 0.62811428066925123 0.73141142714302987 0.61790152080357053 0.4797423628915567 0.16801660129567686 0.13691893080249418 0.20925088902004052 2.0202412062790245 0.46637942799134258 0.1357036773697472 2.9268291844928171 0.76269691216293711 1.2841724706522653 0.059100454178405926 0.42269797390326846 2.2756288332166155 0.35318091046065081 0.86017204960808158 0.82607737387297664 0.38914952980121598 0.71686394495191053 2.0753337531350553 0.3531386916001793 0.38632363948272541 1.2096311773348132 0.01985763572156507 0.73831745801726345 0.48087654006667424 0.10186046187300235 2.2311819350579754 0.8383841902250424 0.17016961693298072 3.2530494024977088
leaf_count=67 26 1763 18 97 56 767 51 200 46 34 16366 24 8973 24 58 117 106 84 20 385 11 19 120 242 35 55 104 2 19 31 49 6 48 44 51 62 646 33 5 66 103 32 5 203 46 128 40 8 353 7 29 24 25 35 240 39 35 251 1 35 54 22 738 456 30 719
internal_value=0.00249493 -0.00210238 -0.00540819 -0.00269154 -0.0159625 0.00439776 0.0010848 -0.0169581 -0.0316185 -0.040154 -0.0291288 -0.0276184 0.0301786 0.00565457 -0.00354823 -9.3049e-07 -0.00719157 0.00627319 0.0122713 0.0143447 0.00327736 -0.0330175 0.0134933 -0.0143545 -0.0191065 -0.023215 -0.0366236 0.0104303 0.0193395 -0.0204479 -0.0158283 -0.019073 -0.00700472 -0.0151962 0.00347726 -0.000146014 -1.06268e-05 -0.0238734 -0.0276646 -0.0120981 0.0148288 0.00529376 -0.0259011 0.0227663 -0.00347322 -0.00801323 -0.00610771 -0.0154557 0.0237512 0.00811855 0.000390644 0.0243759 0.00724056 -0.00557335 -0.0537544 0.0036861 -0.00183706 -0.0188355 -0.0359392 -0.0227221 -0.0133858 -0.0111449 -0.0276508 -0.0123666 0.0046117 -0.0291126
internal_weight=84.7179 73.7805 66.5379 61.8583 20.9824 40.8758 36.8964 6.54367 4.67963 3.9698 10.7688 5.30027 10.9374 30.3527 12.858 10.2137 7.91721 8.35174 17.4947 17.1212 9.18048 10.0779 6.36347 3.42212 4.50628 4.03753 3.96933 0.690887 5.00075 2.92777 5.8097 4.99082 4.30724 3.45759 1.33094 1.40116 0.919336 2.69152 3.55868 1.98827 5.75837 3.73812 2.5349 4.30512 2.99413 2.23143 1.36272 1.77901 7.24261 2.62881 1.48829 7.9407 1.00705 1.15827 2.56863 1.37829 0.739462 1.35632 9.15853 1.96931 1.76505 0.999345 2.3992 0.897485 0.478849 3.42176
internal_count=34588 25589 23466 23041 17621 5420 4653 465 425 379 17131 265 8999 4188 2312 490 373 1410 1876 1856 1447 17032 1018 1073 902 867 190 99 416 831 267 218 212 164 75 105 665 807 782 392 374 271 776 397 260 214 602 326 2123 360 73 409 87 86 274 194 74 318 16367 91 182 518 771 496 85 777
is_linear=0
shrinkage=0.04


Tree=177
num_leaves=55
num_cat=0
split_feature=13 14 38 20 10 31 28 35 10 25 22 38 30 31 12 22 4 19 2 4 4 28 34 31 31 35 9 4 31 12 9 12 38 20 12 12 30 10 3 33 14 38 12 19 19 38 9 19 38 20 31 3 10 19
split_gain=7.32707 3.31246 3.5073 2.37456 1.91926 1.86911 2.14262 1.65814 1.62451 1.55116 1.01439 0.962488 1.51105 1.28946 0.894247 0.784537 0.760574 0.994243 0.750443 0.728957 1.61227 1.33293 1.62404 0.854764 0.989049 0.708856 0.699007 0.653697 0.647714 0.624507 0.61804 0.600405 0.564217 0.494307 0.483811 0.440879 0.349009 0.253217 0.250548 0.192307 0.164905 0.941285 0.206176 0.15683 0.154364 0.0975474 0.0964217 0.0959419 0.0822434 0.0730236 0.0481157 0.0162838 0.00476584 0.0016724
threshold=0.45000000298023229 -1.0000000180025095e-35 0.21663041412830356 0.37850958108901983 0.14039409160614016 0.94286227226257335 1.0000000180025095e-35 0.15000000223517421 0.11651583760976793 1.0000000180025095e-35 0.57500001788139354 0.92857253551483165 0.69175162911415111 0.83951234817504894 0.80679044127464306 0.52500000596046459 0.79805827140808117 0.79516318440437328 0.55625879764556896 0.42163743078708654 0.64660635590553295 0.75000000000000011 0.37500000000000006 0.68428781628608715 0.83334758877754223 1.0000000180025095e-35 0.74601566791534435 0.81754159927368175 0.87704071402549755 0.62785097956657421 0.51087471842765819 0.54181629419326793 0.70775893330574047 0.58370205760002147 0.38279198110103613 0.12629250437021258 0.75070455670356762 0.13188406080007556 0.89176484942436229 0.87500000000000011 1.0000000180025095e-35 0.95129960775375377 0.91177859902381908 0.94665718078613292 0.43669871985912329 0.28033281862735754 0.86425063014030468 0.99074074625968944 0.31432443857192999 0.2098387032747269 0.85071325302124035 0.7747386395931245 0.21583850681781772 0.90661337971687328
decision_type=2 2 2 2 2 2 2 2 2 2 2 2 2 2 2 2 2 2 2 2 2 2 2 2 2 2 2 2 2 2 2 2 2 2 2 2 2 2 2 2 2 2 2 2 2 2 2 2 2 2 2 2 2 2
left_child=1 8 39 15 30 6 31 11 9 10 19 12 13 35 29 34 17 28 -9 -1 23 -22 -23 46 -25 27 38 -24 -12 -14 -2 33 47 53 -4 -8 -27 -7 -26 49 41 45 -43 -19 -10 -6 -21 50 -46 -3 -15 -35 -33 -5
right_child=4 2 3 5 40 37 7 18 44 -11 16 -13 14 32 -16 -17 -18 43 -20 20 21 22 25 24 26 36 -28 -29 -30 -31 -32 52 -34 51 -36 -37 -38 -39 -40 -41 -42 42 -44 -45 48 -47 -48 -49 -50 -51 -52 -53 -54 -55
leaf_value=-0.024051260343717996 -0.014764158585236194 -0.0027884013239794477 0.032389117563633489 0.00019947832236912413 -0.00037909928417303665 -0.0031698886280836017 0.0034672009327982095 -0.013193374049932547 -0.00029804256806651363 0.023131001552323744 -0.018200323279554533 0.0070708036625888463 -0.023092050255118086 -0.00010882537312576541 -0.075053256774070085 -0.0054388488320607506 -0.0087361466807228793 0.027231861601065721 0.01756584634792388 -0.015043375438688444 0.015966927148312035 0.0091065612929686034 -0.014422516888038131 0.027608591133869296 -0.018507105863855407 -0.036205483014005384 0.011771465525911151 0.011993921560597615 0.011335084695028792 0.0086370577548166277 0.010139229543855542 0.00086388786478715685 0.016720161311932741 -0.017399048490174297 0.00070305007861339421 -0.031543157712543825 -0.0065427799570023509 0.021061623836236366 0.0038546133493649049 0.00015011857635060835 0.034845632257261089 -0.023671998007601384 0.0024039367687625759 0.0043260617936928935 0.00020482383643209001 0.02087940210390387 0.0014989450588117205 0.0023555051850799483 0.024041889813229342 -0.034305782586572679 -0.012637507988659234 -0.00026786969043397882 0.019627757255996407 0.0092880376637508727
leaf_weight=1.9863172626064685 1.2795732967788347 0.54314298479584966 2.3250730038853393 0.53769797674613229 0.085934878094119038 0.23192120576277275 0.18408224629820003 0.82095556086278643 0.23140995111316343 2.773060015635564 1.1210477608838099 0.39820423419587392 0.98388898919802181 0.25641882428317364 0.70624132931698103 0.94013653061119828 1.8216577928978948 2.9599575195170473 1.3120186089654451 0.92398669593967742 1.0169695834629209 2.1455759491655018 2.2034185674274362 2.9269955073541496 1.3678230147634169 4.0077697262167931 2.1206040109391324 0.98376775393262494 0.6988086812198161 0.48555460316129029 2.0266102524474263 0.34923734795302142 1.0764999168459324 0.9814061220095025 1.1266820856835691 3.1838495243282523 1.7035535373724995 1.7423362084664402 0.26352371310349543 0.14205453917384225 10.423426558554638 0.037063903640955576 0.15228923130780458 1.4320416568079961 0.26278210728196416 1.7177538934629408 0.11291718762367964 0.23326411971356709 4.9388780804583803 7.9208642686426174 1.2787589428771751 0.058855996845522895 1.50270969804842 0.53891095158178359
leaf_count=1532 43 72 48 58 3 10 2 282 17 274 136 68 54 67 55 51 48 73 127 424 35 58 60 203 187 73 50 100 12 113 49 8 57 552 52 593 48 486 3 6 9662 32 137 25 30 1006 2 18 1125 15926 225 12 181 18
internal_value=0.0024352 -0.00338165 -0.0130472 -0.00345794 0.025765 -0.0104177 -0.0154862 -0.0238426 0.00436938 0.000539397 -0.00251252 -0.0306063 -0.0334632 -0.0159661 -0.0559647 0.0187624 0.00852092 0.014609 0.00455817 -0.00696052 -0.00357159 -0.0121983 -0.0166384 0.00948344 0.0148311 -0.0235201 2.98413e-05 -0.0046446 -0.00607929 -0.0129227 -0.00071858 0.00735807 0.00323216 -0.00544821 0.025593 -0.0285845 -0.0306781 0.0173707 -0.0139253 -0.0325044 0.0322818 0.00910285 -0.0178864 0.0229555 0.0219468 0.019426 -0.0124508 -0.0082571 0.0231451 -0.0332052 -0.0109914 -0.0168758 0.0185096 0.00819175
internal_weight=83.5863 67.8636 29.8608 21.2547 15.7227 16.8628 14.8886 10.9197 38.0029 32.5698 29.7967 8.78676 8.38856 6.21287 2.17568 4.39189 8.03351 6.21186 2.13297 21.7632 19.7769 12.0611 11.0441 7.71585 6.67895 8.89851 3.75195 3.18719 1.81986 1.46944 3.30618 3.96882 2.84494 2.11687 3.45176 3.36793 5.71132 1.97426 1.63135 8.60606 12.4165 1.99304 0.189353 4.392 5.43307 1.80369 1.0369 1.76844 5.20166 8.46401 1.53518 1.04026 1.85195 1.07661
internal_count=34588 23656 19141 3137 10932 2986 2490 1661 4515 3343 3069 1252 1184 962 222 151 294 246 409 2775 1243 374 339 869 443 281 240 160 148 167 92 829 367 640 100 595 121 496 190 16004 10840 1178 169 98 1172 1009 426 310 1155 15998 292 564 189 76
is_linear=0
shrinkage=0.04


Tree=178
num_leaves=66
num_cat=0
split_feature=13 30 20 11 30 12 19 2 8 8 28 8 19 36 1 19 21 12 31 22 3 12 1 2 22 31 36 2 21 3 28 9 32 7 7 7 19 19 31 22 7 2 11 31 11 22 22 7 35 7 12 12 12 31 22 9 1 31 2 22 12 31 2 9 30
split_gain=7.01535 3.61103 3.26075 3.25717 3.01377 3.28811 1.76594 1.72971 1.31453 1.77669 1.90499 0.888965 0.946044 1.29172 1.48864 1.02353 1.15488 0.852859 0.840231 0.73437 0.794823 0.725278 0.709117 2.2439 0.665739 0.659721 0.635709 0.77743 0.590316 0.506096 0.470053 0.563619 0.314181 0.295524 0.370064 0.535789 0.294473 2.31509 0.2837 0.274558 0.253249 0.245471 0.17576 0.155176 0.154797 0.153504 0.150044 0.14611 0.12111 0.107252 0.0885622 0.0775091 0.0762226 0.0733699 0.0706714 0.231525 0.0558406 0.0460189 0.0456083 0.0408923 0.0377498 0.0222359 0.0217529 0.00796113 0.00588183
threshold=0.53571429848670971 0.79074048995971691 0.58847248554229747 0.55747640132904064 0.69175162911415111 0.80679044127464306 0.71583852171897899 0.83438816666603099 0.2237871661782265 0.56294015049934398 0.75000000000000011 0.94804319739341747 0.90399384498596203 0.76666668057441723 0.58571431040763866 0.5266714096069337 1.0000000180025095e-35 0.16701237112283709 0.69640901684761058 0.82500001788139354 0.85154971480369579 0.12016079202294351 0.38750000298023229 0.64747309684753429 0.47499999403953558 0.91839417815208446 0.16666667163372043 0.64326766133308422 0.27500000596046453 0.91658571362495433 0.75000000000000011 0.67041200399398815 -1.0000000180025095e-35 0.47113773226737982 0.55611544847488414 0.64819246530532848 0.83503401279449474 0.82182541489601146 0.82327255606651317 0.42499999701976782 0.77840536832809459 0.10367219150066377 0.69147339463233959 0.88214558362960827 0.56479570269584667 0.52500000596046459 0.57500001788139354 0.71436011791229259 0.45000000298023229 0.47113773226737982 0.84090253710746776 0.42895354330539709 0.28577655553817755 0.69270640611648571 0.17500000447034839 0.47690120339393621 0.93750000000000011 0.92572277784347545 0.22684391587972644 0.52500000596046459 0.59492492675781261 0.84919497370719921 0.74239632487297069 0.13446328043937686 0.75909262895584118
decision_type=2 2 2 2 2 2 2 2 2 2 2 2 2 2 2 2 2 2 2 2 2 2 2 2 2 2 2 2 2 2 2 2 2 2 2 2 2 2 2 2 2 2 2 2 2 2 2 2 2 2 2 2 2 2 2 2 2 2 2 2 2 2 2 2 2
left_child=1 2 8 29 26 44 -7 -8 21 19 38 12 13 14 15 49 43 -2 53 22 -21 -1 28 -24 -23 -13 27 30 32 47 60 -32 -10 39 -35 -36 37 40 59 -14 -3 -26 -28 61 -6 -38 -47 48 50 -12 56 -29 -31 -18 -19 -56 57 63 -34 -11 -5 -17 -60 -4 -65
right_child=17 36 3 4 5 6 7 -9 9 10 11 25 33 -15 -16 16 18 54 -20 20 -22 24 23 -25 41 -27 42 51 -30 52 31 -33 58 34 35 -37 45 -39 -40 -41 -42 -43 -44 -45 -46 46 -48 -49 -50 -51 -52 -53 -54 -55 55 -57 -58 -59 62 -61 -62 -63 -64 64 -66
leaf_value=-0.0094397527613572976 -0.0053182912323511897 -0.0017925718783985635 -0.00024586762896958695 0.00011779964683888333 -0.002914070628845189 0.0053449095889109323 -0.081126295567536352 0.0035222455458174214 0.0027201003478841091 0.0048183953921482761 -0.0031524654463476521 0.022907804420296048 -0.01276224137541174 0.01232945569256229 0.010345800105125669 -0.00015208387618294162 -0.0046859299128154614 0.034419340013882659 -0.045986286970822181 0.02038382526745473 -0.012449236502247709 0.027597589894217487 0.023208371474525848 -0.023427026889093875 -0.0098489695014076437 -0.0063734474256978433 -0.014156948760524158 0.00044041501356851441 0.0065112775766538169 -0.0054023779633016909 -0.019497951888411583 0.0089302915593424126 -0.00025983586644377462 0.0197693635132189 -0.012528460337598833 0.013278459082188717 0.024686030751206629 -0.032682428256787119 0.030207481574161418 0.0066428283124748558 0.023198821125934674 0.0084886148184902151 0.0041555015364877785 0.0046383571582847413 0.015632879597996825 -0.0067940314821308316 0.0086878843461812641 -6.1069583576865943e-05 -0.00011226199981116866 0.010353628683571581 -0.000338402417101086 0.027998420274512645 0.0060146183708131695 0.0065326383111801592 -0.0055412258850265506 0.013860703779852643 -0.00052927973555917055 -0.00054833343927796353 -0.026204063995435213 -0.0032833143258328215 0.014484809789761134 -0.010935235469137623 -0.00024294033875117135 -0.034807330932853854 -0.00050375840857477632
leaf_weight=0.53496462019393121 0.51383509393781324 0.33310348488157515 0.052277039620085897 0.27579657768364818 0.16649495903402589 0.31011007935740031 0.59836839768104255 0.23554293182678521 0.22850872552953205 0.40382628497900741 0.3882537858735321 2.078795461216941 0.93051575875142478 1.5218170822481614 1.3539734668447634 0.33485536690568585 0.24875122765661251 9.10318188020028 3.298720890074037 0.98496992289437801 0.74348911840934306 3.648158404888818 1.6769811869598918 1.7880539875186512 0.81241006648633607 0.84964830440003414 0.61059666107757937 0.21810340764932368 0.37086698791244987 0.31097203714307475 1.2125867897411806 0.60418255749391403 0.083742001908833852 1.7650864540482873 1.2635516773443671 0.79113367327954609 5.8209984511486255 0.40835446771234263 2.8101866132055875 0.7122708823881112 2.4563961926032789 0.70932937171892263 0.23789821355603635 1.1618984868691766 0.99807125062216073 0.32772097946144629 0.55261319153942168 0.079210708034225585 0.10680360411061052 0.532185263116844 0.035988310119137945 3.0751242496771738 0.36870093597099185 0.30407783389091492 0.42962274479213991 0.85147088253870606 0.022638075402938607 0.022333825356327774 7.5815476496936753 0.38352009080699645 0.90915638097794726 0.50590955419465899 0.095284223410999291 10.32166070307721 0.02456229267409149
leaf_count=702 18 38 62 43 3 65 79 92 37 70 59 58 61 33 44 47 63 8813 157 100 11 159 32 62 41 52 38 8 31 88 79 113 52 32 39 48 1873 84 70 23 464 31 83 25 201 18 71 20 66 11 4 396 72 6 33 541 4 7 4131 22 170 25 14 14590 4
internal_value=0.00236566 -0.00237126 -0.00608788 -0.0183961 -0.000311578 -0.0300306 -0.0560543 -0.0688964 0.000553439 -0.00248538 0.00451625 -0.00136427 -0.00560323 -0.0125217 -0.0186321 -0.0255598 -0.030796 0.0301649 -0.0405523 -0.0131327 0.00634736 0.0161856 -0.0165308 -0.000264077 0.0207155 0.0144817 0.0126211 0.0168686 -0.0220072 -0.0315131 0.000173182 -0.00959763 -0.0243773 0.0063767 0.0114044 -0.000465249 0.0183664 0.00455197 0.0260731 -0.00443184 0.0200777 -0.000502477 -0.00857742 -0.00224197 0.0118516 0.0226842 0.00143605 -0.0333941 -0.0337909 0.00510363 -0.0341786 0.0268653 -1.76149e-05 0.000198923 0.0325485 0.00715233 -0.0344032 -0.034545 -0.0257238 0.000764339 0.0128402 -0.00927712 -0.0259946 -0.0346673 -0.0347593
internal_weight=82.4918 71.5937 61.6945 20.7972 9.45203 2.30859 1.14402 0.833911 40.8973 35.1924 21.639 18.0414 15.113 9.65044 8.12863 6.77465 5.85421 10.8981 3.85155 13.5534 1.72846 5.70486 11.825 3.46504 5.1699 2.92844 7.14344 6.29495 8.35995 11.3451 3.00172 1.81677 7.98908 5.46256 3.81977 2.05469 9.89919 3.19785 3.59753 1.64279 2.7895 1.52174 0.848495 2.00266 1.16457 6.70133 0.880334 10.6655 10.5863 0.920439 10.4795 3.29323 0.679673 0.552829 10.3843 1.28109 10.4435 10.4208 7.76057 0.787346 1.18495 0.840765 7.67683 10.3985 10.3462
internal_count=34588 25183 22635 16287 1370 440 236 171 6348 5415 945 783 673 470 437 393 323 9405 226 4470 111 933 4359 94 231 110 930 809 4265 14917 405 192 4234 203 119 87 2548 586 162 84 502 72 121 97 204 1962 89 14757 14737 70 14671 404 160 69 9387 574 14667 14663 4197 92 213 72 4145 14656 14594
is_linear=0
shrinkage=0.04


Tree=179
num_leaves=48
num_cat=0
split_feature=13 4 20 11 4 24 31 29 10 38 20 28 7 7 31 19 19 9 19 13 29 2 11 10 19 19 4 9 2 31 20 11 30 4 30 7 12 7 28 22 23 22 2 2 24 31 12
split_gain=6.71331 3.54144 3.1798 2.89829 4.49511 3.4167 1.94606 1.7277 1.27245 1.15324 1.61116 1.02202 0.908147 1.34944 1.22608 1.10229 0.887996 0.974674 0.826718 0.747751 0.724248 0.642938 0.639012 0.628078 0.570502 0.529647 0.977389 0.599671 0.520406 0.499835 0.471109 0.464655 0.39579 0.597335 0.356075 0.314157 0.208897 0.164685 0.160901 0.142229 0.11475 0.285335 0.096632 0.0891174 0.0496614 0.0319948 0.00539404
threshold=0.53571429848670971 0.91010102629661571 0.58847248554229747 0.55747640132904064 0.80874970555305492 0.26568628847599035 0.94286227226257335 0.88958966732025158 0.14039409160614016 0.22028702497482303 0.2098387032747269 1.0000000180025095e-35 0.55611544847488414 0.71943116188049328 0.93937537074089061 0.79516318440437328 0.82426470518112194 0.75716626644134533 0.96490147709846508 0.30952382087707525 0.83738514780998241 0.087595909833908095 0.68480810523033153 0.21240601688623431 0.48912529647350317 0.65058138966560375 0.42163743078708654 0.80901724100112926 0.72850123047828685 0.82327255606651317 0.23854447156190875 0.48056980967521673 0.37064875662326818 0.56773442029953014 0.3571800589561463 0.30622577667236334 0.42895354330539709 0.83757179975509655 1.0000000180025095e-35 0.57500001788139354 1.0000000180025095e-35 0.52500000596046459 0.64747309684753429 0.72850123047828685 0.125657893717289 0.88019788265228283 0.45139981806278234
decision_type=2 2 2 2 2 2 2 2 2 2 2 2 2 2 2 2 2 2 2 2 2 2 2 2 2 2 2 2 2 2 2 2 2 2 2 2 2 2 2 2 2 2 2 2 2 2 2
left_child=1 2 9 23 22 -6 7 -7 -2 10 12 21 15 20 -15 25 -17 34 19 30 -14 -11 29 44 -21 26 -1 -27 46 38 -13 45 33 -24 -18 -28 -31 -12 -5 -23 -3 -42 -38 -22 -4 -32 -25
right_child=8 40 3 4 5 6 -8 -9 -10 11 37 18 13 14 -16 16 17 -19 -20 24 43 39 32 28 -26 27 35 -29 -30 36 31 -33 -34 -35 -36 -37 42 -39 -40 -41 41 -43 -44 -45 -46 -47 -48
leaf_value=-0.017741037609823786 -0.0035584439098337146 0.027003769439680095 -0.034163319574707272 0.0013258792714087191 0.01305906867386857 0.0034970741569811089 0.005615708883487427 -0.082367622928341919 0.03433857050129601 -0.0041721008840338416 -0.026393746767623818 0.0062141080716107775 0.0013524410329271194 0.022161900228251596 -0.014291153729461929 0.031288408348983554 -0.01703847352316747 0.017967889578654032 0.019244073106039396 -0.010391312799377304 -0.028683659277841604 0.030775645751254539 0.015114411024266342 -0.00069407280552626852 0.018590813407076162 -0.023812125359080769 0.020588899079228676 0.0075585212838418193 0.010896757142084147 -0.0041145280005983505 -0.027188095503877529 0.0038034350878420153 0.027198404056991202 -0.013164279300702368 0.0013343557538432272 0.00012708174640895016 0.00022601280188467313 0.001023597979929521 -0.017995227088798582 0.0020296606764297355 0.012460797815520813 -0.0074044854587348701 0.01707164008960118 -0.0094944337634091241 -0.00050779420490562914 -0.0020758684459129297 -0.016275919974968502
leaf_weight=1.0292453196598312 1.2159436158835877 4.1359662737231693 9.2689888270397205 0.40597187625826181 0.8254511283594187 0.22593675804091595 0.3187137983040883 0.90010020398767665 9.3665689705521782 0.59904653445118849 2.9409442294563628 0.4257707730866972 2.4640051452442986 2.5098657573107626 0.94379174220375706 1.9586203255457793 1.1287593895103762 3.5355054209940135 1.0986644761869682 0.4113613455556332 2.3755538910627365 3.2188133920135447 0.97117850719951071 0.40868050541030176 1.286222366557922 1.8136879105586561 1.5367201947374272 0.39161490648984898 0.71280340710654844 0.40622978124883946 2.1491959185514142 0.46895501733524714 3.1045078766182996 0.76037813344737515 3.5963461932260543 1.9841930167749522 0.37855725019471709 0.10268830764107395 0.78864779893774539 0.62824768433347333 2.2065366997849201 0.35033747879788268 1.1136792324250562 3.3692984017543495 0.020428520161659303 0.47654507402330626 0.95021995878778398
leaf_count=218 26 1584 14753 64 142 112 156 190 9379 26 4611 8 36 99 62 54 261 41 61 5 24 184 193 33 121 216 63 4 144 26 166 60 682 18 56 25 28 3 46 23 353 7 77 55 3 25 65
internal_value=0.00233744 -0.00229844 -0.0053795 -0.0173423 -0.00105653 -0.037948 -0.0597019 -0.071831 0.0299111 0.00103645 -0.00282427 0.0115178 0.00058746 -0.00739254 0.0102761 0.00633577 0.0139151 0.00539856 1.44514e-05 -0.00718634 -0.0155213 0.0234042 0.0136653 -0.0299803 0.00917481 -0.00531768 0.00264008 -0.0167175 -0.00462646 -0.000399253 -0.0158962 -0.0205532 0.0209557 0.00174692 -0.00577416 0.0125811 0.00951404 -0.0249469 -0.0134291 0.028178 0.0225068 0.00746283 0.0142388 -0.0219196 -0.0340222 -0.0253467 -0.0149489
internal_weight=81.2795 70.697 64.0041 21.5605 10.1994 2.2702 1.44475 1.12604 10.5825 42.4437 31.6808 10.7628 28.6372 11.6625 3.45366 16.9747 10.2192 8.26061 6.31671 5.21805 8.20886 4.44611 7.92915 11.3611 1.69758 6.75546 4.55016 2.2053 2.0717 3.09309 3.52047 3.0947 4.83606 1.73156 4.72511 3.52091 1.89847 3.04363 1.19462 3.84706 6.69284 2.55687 1.49224 5.74485 9.28942 2.62574 1.3589
internal_count=34588 25183 23239 16732 1734 600 458 302 9405 6507 5828 679 1214 276 161 938 412 358 446 385 115 233 1134 14998 126 526 306 220 242 241 259 251 893 211 317 88 131 4614 110 207 1944 360 105 79 14756 191 98
is_linear=0
shrinkage=0.04


Tree=180
num_leaves=56
num_cat=0
split_feature=33 14 38 28 31 10 20 29 30 9 29 1 1 38 35 31 9 22 2 1 9 2 1 30 7 6 9 19 20 2 10 7 2 31 11 10 38 19 21 31 1 19 13 31 11 7 36 2 10 20 11 21 11 2 2
split_gain=8.57073 2.05594 3.54693 3.00433 3.23498 2.11373 1.72322 1.40073 2.20137 1.6666 1.37776 2.25237 1.91077 1.17586 1.09372 0.994417 0.981463 0.883818 0.804927 0.72482 1.48773 0.994 0.849553 0.582035 0.79042 0.962447 0.542769 0.499821 0.487561 0.471237 0.437854 0.423079 0.538796 0.422217 0.389647 0.363406 0.345764 0.332237 0.30763 0.255102 0.228761 0.221493 0.207086 0.181061 0.172392 0.153148 0.129126 0.571286 0.0878319 0.0842855 0.082505 0.0348928 0.030333 0.0173103 0.00637182
threshold=0.87500000000000011 -1.0000000180025095e-35 0.21663041412830356 1.0000000180025095e-35 0.94286227226257335 0.11651583760976793 0.72193583846092235 0.99861112236976635 0.89452862739562999 0.94392031431198131 0.88958966732025158 0.58571431040763866 0.44949495792388922 0.32311579585075384 1.0000000180025095e-35 0.92397296428680431 0.43792808055877691 0.12500000372529033 0.6820855736732484 0.64583334326744091 0.80901724100112926 0.71494102478027355 0.23611111193895343 0.75070455670356762 0.55611544847488414 0.57763537764549266 0.24440020322799685 0.95180022716522228 0.34729531407356268 0.91010102629661571 0.26201373338699346 0.3470857441425324 0.49295215308666235 0.82893744111061107 0.36854232847690588 0.68585526943206798 0.31432443857192999 0.58876052498817455 0.57500001788139354 0.68275979161262523 0.31666667759418493 0.36425061523914343 0.45000000298023229 0.40319362282752996 0.45738498866558081 0.50013899803161632 0.36666667461395269 0.69804355502128612 0.31009615957736975 0.2098387032747269 0.61772406101226818 1.0000000180025095e-35 0.57229965925216686 0.58499062061309826 0.083920188248157515
decision_type=2 2 2 2 2 2 2 2 2 2 2 2 2 2 2 2 2 2 2 2 2 2 2 2 2 2 2 2 2 2 2 2 2 2 2 2 2 2 2 2 2 2 2 2 2 2 2 2 2 2 2 2 2 2 2
left_child=1 5 48 16 6 7 17 9 15 14 12 50 18 34 19 -9 26 -5 35 20 21 22 -1 24 25 27 -4 31 -19 -13 43 32 -16 39 -2 41 -7 -35 54 53 -29 -8 -43 -30 -14 -6 47 -24 49 -3 -12 -38 -20 -34 -18
right_child=13 2 3 4 45 36 10 8 -10 -11 11 29 44 -15 23 -17 38 28 52 -21 -22 -23 46 -25 -26 -27 -28 40 30 -31 -32 -33 33 37 -36 -37 51 -39 -40 -41 -42 42 -44 -45 -46 -47 -48 -49 -50 -51 -52 -53 -54 -55 -56
leaf_value=-0.013769849983921624 0.01049465162281306 -0.0023121679189700398 0.010633558286515021 0.017087913258800432 -0.0011078245591342017 -0.0031121156229228677 -3.8862208000382819e-06 -0.0053833470309843931 0.014556308157781188 0.023910418701549703 -0.0032115646517996083 -0.066613561463966187 -0.0021821868953624084 0.03490631083111348 -0.017056255900137342 -0.046990200659001655 0.0019806459213768117 0.0043684250416668128 -0.00051887927989915103 -0.013524538615994966 0.027742889462326521 -0.018101903382728785 -0.012310200671070883 0.01111367328817856 -0.025698159836332394 0.017396148261881728 -0.016027499902959798 -0.0054133417619177818 -0.00013708086272749004 -0.0027668805653365889 0.0054560580704152975 -0.023953876030964241 -0.0050071428836697095 0.0066278588616915371 -0.012095730955196796 0.0022059899296268471 0.0082890505815621379 -0.015636407996164677 -0.00017514570092237622 0.020052653478476606 0.014797793329891873 -0.036785107325095663 -0.00031986606755105029 -0.025839729143000204 0.018230221296841737 0.022807881640679477 0.017761244916763674 0.015591022220951331 -0.00021242909669639415 -0.033931011674746027 0.0085113096283066913 0.02930104442810445 0.0077679848625260154 0.00062791749315273357 0.028999442467605274
leaf_weight=0.93262160060112886 1.1234115781262506 0.50821323442505928 0.85468674398726108 1.3593927317706427 0.12137772620189879 0.29121662338729848 0.15633039191015941 2.0202986344229426 1.1992122777737675 3.0091674681752911 0.37484588922234285 1.7090237488155255 0.22578079300001253 10.302016168890985 1.1816566532652304 1.5351756014861164 0.37436062702909101 1.5285582293290647 0.1688591485726646 1.2015191549435247 3.0145417776657268 2.0430608244496398 0.82512081108870894 0.61611958360299546 3.3512290337821478 1.1510270828730425 1.049199443135876 0.29213427437935013 0.30832591839134771 0.37122147140325967 0.30696895078290243 2.2673906571581028 0.26242539074155535 0.64855358624481574 0.70164005772676308 0.15846893691923458 2.1264449267182499 0.75905559491366148 0.4863012977875768 1.1897577781928701 0.61767624359345064 2.7949045645946176 0.21331439143978048 1.8352313131617846 1.4696253198781049 2.424134508240968 3.3092420506873168 0.71958469710079953 0.037763180444016942 7.3757524763350375 0.45562020229408517 2.7999424390727654 0.41627489659003913 0.13376817622338422 3.7864083098538686
leaf_count=603 36 74 50 181 9 37 23 43 137 203 28 207 29 9726 1333 32 10 49 68 30 115 36 58 24 50 16 472 111 16 82 66 121 110 29 76 69 615 81 35 94 6 723 33 235 284 825 39 7 3 15909 64 510 56 16 549
internal_value=0.00126868 -0.00438924 -0.0117889 -0.003002 -0.0120333 0.00187043 -0.0197162 -0.0022225 -0.0193313 0.00151271 -0.0295087 -0.0474231 -0.011876 0.0302829 -0.00238391 -0.0322363 0.0173822 -0.000768146 -0.0248298 0.00576616 0.00947383 -0.000682746 0.00765722 -0.0101746 -0.0125744 -0.00412255 -0.00402088 -0.0101013 -0.0102492 -0.0613763 -0.0181074 -0.0139548 -0.00327733 0.00560543 1.01928e-05 -0.0307315 0.0223198 -0.0065032 0.025342 0.0149532 0.00801559 -0.0331491 -0.0348654 -0.023056 0.0149927 0.0210549 0.0144067 0.00152334 -0.0325017 -0.0327982 0.00345694 0.0245863 0.00560686 -0.00287385 0.0280079
internal_weight=80.496 68.3689 30.8709 22.9492 16.3983 37.4979 13.8527 32.2803 4.75469 27.5257 8.51427 2.91071 5.60356 12.1271 24.5165 3.55547 6.55096 5.33848 3.90815 12.0457 10.8442 7.82963 5.78657 12.4708 11.8547 8.50345 1.90389 7.35242 3.97908 2.08025 2.45053 6.44261 4.17522 2.99356 1.82505 3.32302 5.2176 1.40761 4.64707 1.58595 0.909811 3.16455 3.00822 2.14356 1.69541 2.54551 4.85395 1.54471 7.92173 7.88397 0.830466 4.92639 0.585134 0.396194 4.16077
internal_count=34443 24605 20149 4163 3047 4456 2213 3294 212 3082 1666 381 1285 9838 2879 75 1116 547 972 888 858 743 707 1991 1967 1917 522 1901 366 289 317 1784 1663 330 112 848 1162 110 594 220 117 779 756 251 313 834 104 65 15986 15983 92 1125 124 126 559
is_linear=0
shrinkage=0.04


Tree=181
num_leaves=54
num_cat=0
split_feature=14 14 38 34 3 38 10 38 36 29 30 9 10 35 31 38 9 31 32 10 1 9 2 1 30 7 6 10 32 19 19 38 7 2 5 38 9 2 1 6 4 4 24 30 30 10 7 38 7 9 9 11 29
split_gain=7.07509 1.92383 3.24892 2.20655 2.04834 3.40918 2.02822 1.75124 1.51933 1.32964 2.0979 1.59947 1.10877 1.02637 0.926568 0.893594 0.830207 0.776833 0.749283 0.704723 0.695086 1.4419 0.945498 0.817956 0.563202 0.735659 0.932067 0.558154 0.50589 0.485442 0.43062 0.409583 0.40559 0.713659 0.600684 0.337544 0.309808 0.25069 0.225006 0.218119 0.170145 0.952401 0.15943 0.105558 0.365028 0.0694819 0.0560686 0.0222522 0.0204014 0.0166281 0.173636 0.0161011 0.0116875
threshold=1.0000000180025095e-35 -1.0000000180025095e-35 0.21663041412830356 0.75000000000000011 0.92794260382652294 0.91121330857276928 0.11651583760976793 0.58716276288032543 0.2333333417773247 0.99861112236976635 0.89452862739562999 0.94392031431198131 0.070197045803070082 1.0000000180025095e-35 0.92397296428680431 0.874058097600937 0.44590643048286444 0.86235597729682933 0.15476191043853763 0.3717105239629746 0.64583334326744091 0.80901724100112926 0.71494102478027355 0.23611111193895343 0.75070455670356762 0.55611544847488414 0.57763537764549266 0.17752101272344592 0.45000000298023229 0.95180022716522228 0.38742592930793768 0.32311579585075384 0.25272580981254583 0.50944742560386669 0.68801230192184459 0.31432443857192999 0.76253134012222301 0.52704679965972911 0.31666667759418493 0.41979384422302252 0.58885449171066295 0.65806129574775707 0.033712122589349754 0.30785682797431951 0.28356382250785833 0.31698563694953924 0.038096996024250991 0.25480966269969946 0.50013899803161632 0.43288289010524755 0.24068965017795566 0.45297759771347051 0.66667196154594432
decision_type=2 2 2 2 2 2 2 2 2 2 2 2 2 2 2 2 2 2 2 2 2 2 2 2 2 2 2 2 2 2 2 2 2 2 2 2 2 2 2 2 2 2 2 2 2 2 2 2 2 2 2 2 2
left_child=1 6 42 4 5 7 9 8 19 11 14 13 -2 20 -11 -5 49 -7 36 28 21 22 23 -1 25 26 29 -9 -4 32 -29 39 33 -15 -35 -8 51 -34 -31 46 -25 -42 45 44 -32 -3 47 -14 -6 50 -10 -18 -50
right_child=12 2 3 15 48 17 35 27 16 10 -12 -13 31 24 -16 -17 18 -19 -20 -21 -22 -23 -24 40 -26 -27 -28 30 -30 38 43 -33 37 34 -36 -37 -38 -39 -40 -41 41 -43 -44 -45 -46 -47 -48 -49 52 -51 -52 -53 -54
leaf_value=-0.013623884122011548 -0.0078413435344693166 -0.03247582616348671 -0.03203060262359312 -0.042981866391502623 0.00032532675292060354 0.0022079061501674149 -0.0031095547287686388 -0.0055426477355821581 0.011246497484944738 -0.0052445667420202083 0.01438295060886566 0.02355395261631793 -0.0019401806001875838 -0.016710913069131528 -0.045375060715532281 0.0050492319736123057 -0.022902939466310487 -0.055847470815829567 0.012636563238711094 0.0061957188639308715 -0.013271100307736651 0.027389191695206785 -0.017734718731727144 0.021453837584916861 0.011015474373607437 -0.024905159588558698 0.017183194013415379 -0.0045127868955588653 0.0026385399890254228 -0.0053845201905198883 0.013385410898455959 0.031777370136359208 0.00037855090405670007 0.019574852336443398 -0.010212099341432647 0.024213320545163376 0.00067807333136215631 -0.024214201051922103 0.014656759724610842 0.011652401880710862 -0.011624291755442525 0.01918348872955997 -4.8867523530355499e-05 0.026364311891040128 -0.010091488324873239 -0.00025379423758855804 -0.0097145266430449656 0.0041727383981706931 0.00026166601760513347 0.024277412722412274 -0.0056067811692131035 -0.00034655915767938444 0.025292961681764536
leaf_weight=0.92129131066031344 0.70767535985214536 7.5340720136882764 3.2225187732256075 1.21244319868856 0.12284180748974849 0.17681388027267608 0.29066975996829469 0.78580812551081258 0.36161260321387068 2.0242325649596746 1.1850362205877898 2.956422228133305 0.23846885838429333 1.1438279418798578 1.5791841694153843 0.29800372704630707 1.2886089468083817 0.73623169807251543 1.0137056148087138 0.4772645286284386 1.2047841055318702 2.95207674568519 2.0334376838873141 1.592716698447475 0.61043306300416666 3.3671712609939286 1.1376393122482111 0.36099147528875608 0.40221554704476137 0.29064246063353483 0.91003098257351644 10.892162339005152 0.49641028759651851 1.5174097052367868 0.39104217430576671 4.8621318506775424 1.0455076298385391 2.8271032916672993 0.61324403580510989 0.61839888978283852 1.6577321368968116 1.5915330386487765 0.15645855161710631 3.8144897246966138 0.36348644271492958 0.030159994959831127 0.31456165603594854 0.220081782550551 0.13661692431196604 0.82614844999625348 0.50755955069325864 0.22008586843730871 3.2354658804833889
leaf_count=603 51 15917 1434 89 17 61 37 18 4 43 137 203 39 1350 32 161 170 83 49 41 30 115 36 43 24 50 16 7 19 111 160 9902 56 169 3 1125 39 206 6 15 36 25 22 441 4 1 10 46 29 16 129 38 975
internal_value=0.00121969 -0.0041864 -0.0116083 -0.00278895 0.00178935 -0.00452132 0.00181209 0.0020088 -0.00839311 -0.00219963 -0.0188039 0.00147281 0.026592 -0.00234645 -0.0312757 -0.0347182 0.0053794 -0.0486837 -0.00546519 -0.0231356 0.00557782 0.00924417 -0.000729098 0.00742279 -0.00991108 -0.0122864 -0.00403174 0.0164901 -0.0281113 -0.00995142 0.0205116 0.0293655 -0.0137745 -0.0010924 0.0109306 0.0219488 -0.0152276 -0.0210503 0.00791085 0.00311547 0.0140567 0.00438457 -0.0315196 0.023282 0.00412432 -0.0322319 -0.00603736 0.00086932 0.0243995 0.0206711 0.00335559 -0.0218332 0.0248583
internal_weight=79.4767 66.4853 29.2391 21.5185 20.008 16.5131 37.2462 15.6 9.36523 32.0934 4.78845 27.3049 12.9913 24.3485 3.60342 1.51045 5.26323 0.913046 3.56791 4.102 11.9536 10.7488 7.79671 5.76327 12.3949 11.7845 8.41732 6.23481 3.62473 7.27968 5.449 12.2837 6.37579 3.05228 1.90845 5.1528 2.5542 3.32351 0.903886 1.39151 4.84198 3.24927 7.72069 5.08801 1.27352 7.56423 0.773112 0.458551 3.49492 1.69532 0.869172 1.50869 3.37208
internal_count=34443 24380 19924 3984 3734 2713 4456 2569 1939 3294 212 3082 10063 2879 75 250 445 144 296 1494 888 858 743 707 1991 1967 1917 630 1453 1901 612 10012 1784 1522 172 1162 247 262 117 110 104 61 15940 605 164 15918 95 85 1021 149 133 208 1004
is_linear=0
shrinkage=0.04


Tree=182
num_leaves=59
num_cat=0
split_feature=13 20 11 34 38 2 38 6 29 30 9 3 8 38 9 29 30 38 1 21 29 9 2 29 3 38 38 7 11 11 7 28 9 3 4 13 2 21 9 36 1 8 8 9 30 29 34 4 9 7 1 34 1 2 7 11 9 9
split_gain=6.93725 2.22884 3.97494 3.2785 2.22327 2.41671 1.80535 1.77822 1.09739 1.62563 1.58987 1.0029 0.995973 0.926887 0.881854 1.16117 0.840652 0.810517 0.767899 0.667526 1.02966 0.920132 1.08855 0.885432 0.83807 0.596664 0.611452 0.570215 0.531894 0.614178 0.39574 0.392369 0.658978 0.655092 0.325792 0.317954 0.27808 0.258983 0.255533 0.254392 0.228401 0.196779 0.183886 0.177319 0.168246 0.15422 0.152011 0.135964 0.112385 0.10368 0.0993964 0.0591698 0.0511803 0.0286329 0.0256146 0.0224382 0.0169865 0.0132872
threshold=0.53571429848670971 0.65727514028549205 0.55747640132904064 0.75000000000000011 0.22028702497482303 0.49295215308666235 0.92680636048316967 0.79063245654106151 0.99861112236976635 0.89452862739562999 0.94392031431198131 0.68660101294517528 0.46265329420566564 0.25480966269969946 0.89825496077537548 0.91119542717933666 0.29884421825408941 0.95273819565773021 0.31666667759418493 1.0000000180025095e-35 0.84176135063171398 0.80901724100112926 0.71494102478027355 0.7241005301475526 0.86436063051223766 0.66794970631599437 0.91121330857276928 0.58512848615646373 0.90023696422576915 0.90960165858268749 0.14458946138620379 0.75000000000000011 0.74601566791534435 0.4003956019878388 0.82097071409225475 -1.0000000180025095e-35 0.53694942593574535 0.57500001788139354 0.68356868624687206 0.83333334326744091 0.44949495792388922 0.70064935088157665 0.39250700175762182 0.17817460745573047 0.53681024909019481 0.88097617030143749 0.37500000000000006 0.085410334169864668 0.94804319739341747 0.05015725456178189 0.44949495792388922 0.37500000000000006 0.31666667759418493 0.58898946642875682 0.70744141936302196 0.61772406101226818 0.13446328043937686 0.96449580788612377
decision_type=2 2 2 2 2 2 2 2 2 2 2 2 2 2 2 2 2 2 2 2 2 2 2 2 2 2 2 2 2 2 2 2 2 2 2 2 2 2 2 2 2 2 2 2 2 2 2 2 2 2 2 2 2 2 2 2 2 2
left_child=1 4 25 6 5 50 16 17 10 34 11 18 45 -2 19 -16 30 -8 41 21 23 22 24 39 40 35 -27 -22 36 -30 46 37 33 -33 -10 -3 -18 47 53 49 -14 -7 -38 -37 -5 -13 -4 -6 -45 -21 56 -34 -35 -25 -17 -48 -1 -50
right_child=13 2 3 44 31 8 7 -9 9 -11 -12 12 14 -15 15 54 28 -19 -20 20 27 -23 -24 38 -26 26 -28 -29 29 -31 -32 32 51 52 -36 43 42 -39 -40 -41 -42 -43 -44 48 -46 -47 55 -49 57 -51 -52 -53 -54 -55 -56 -57 -58 -59
leaf_value=-0.00037882336437615547 -0.0052310068174947722 0.0012716716348439921 -0.0041495974423514373 -0.00048775642447739724 0.00025514467535335658 -0.011981200243471116 -0.047388412776043609 0.01365996762620294 -0.0064719757130781421 0.010798015393523031 0.026338944859010179 -0.025468049724706444 -0.014942386719766229 0.034020277836874058 -0.030332725524770513 0.00013047013122896765 -0.00071949266226937277 0.0038985328132115642 0.028005898087515493 0.00048841100496534672 -0.028839311680508115 0.025258166065723058 -0.016427981243723695 -0.0052643697004439048 0.02043891901370468 0.013461951490435839 -0.018058235827099006 0.0013755820828934291 -0.019317733408966694 0.012507473001264259 -0.015074473468459488 0.012059961244723643 0.0013256887063679351 -0.01713884671210144 -0.037877175222408438 -7.0711320488976701e-05 -0.00037479981832151454 -9.3915981638139154e-05 0.018953019245682563 0.0040466965396536124 0.0052487091579124104 0.0062929135426725248 0.031009874599592521 -0.034859561687439741 -0.037749267790806597 -0.00019042171495792508 0.00015623901675174774 0.026855857309020466 -8.9824367650667477e-05 -0.021329270462431948 -0.00017553414257980279 0.017364894666482111 -0.00021990119689430362 0.0016194952082212906 0.010817008564625212 0.013071765351573674 -0.029328799705733478 -0.0064013764715975694
leaf_weight=0.024918986862758064 0.55891971592791279 0.22670304519124229 0.24206938466522809 0.27735014201607633 0.41117211087839489 0.67393132613507178 0.50032887398265369 0.85561239946400747 1.7404210382373997 1.6290576304309068 2.821651854668743 1.731340966769497 0.8932758562732539 8.7081614559283462 1.4870186828193248 0.39450008087442245 0.26925460746861052 0.24084039637818933 1.6937041080091146 0.078807126003083594 1.443364587321412 2.6700860718847252 2.09772507371963 0.27759584019077044 3.0019508522527758 0.82282625231891948 0.16902442107675597 1.0616530816769225 0.14340369321871538 0.74503260006895289 0.55558201228268433 0.75564690853934768 0.97875415289308909 1.7585870009497742 1.2145729294279588 0.17095198537572365 0.098540007835253962 0.48454258800484229 2.8977319592959248 0.25856866329559125 0.27113271315465681 0.26016599935246632 5.513089486194076 8.65705823873577 1.2047608308494089 0.35107753015472543 0.19135632619144793 4.2714706238475628 0.16362892999313661 0.76255930226761848 0.049405463039874919 2.8836867012723815 0.32174286598456081 0.34569415677106008 0.58308718632906675 0.95680515136336908 3.7135719854268245 0.85670850411406718
leaf_count=18 39 25 15 39 13 447 62 454 29 143 215 343 233 9393 37 23 38 61 46 3 62 76 49 68 59 266 20 30 48 160 20 36 101 188 46 160 4 28 62 16 6 5 1603 12775 113 12 41 401 9 253 1 338 35 55 44 152 5247 178
internal_value=0.00115334 -0.00340058 -0.0132091 0.00295926 0.00166381 -0.00352511 0.0122556 -0.0164062 0.000687028 -0.0146285 0.00410792 1.07397e-06 -0.00340931 0.0310587 0.000199058 -0.0166957 0.019352 -0.0379795 0.0180276 0.00412316 -0.00434877 0.0107314 0.000592272 0.00642035 0.0115935 -0.0288967 -1.20654e-05 -0.0196824 0.0249726 -0.000801605 -0.00195703 0.0155737 0.00644158 -0.00609444 -0.028105 -0.03145 0.0285271 0.0230069 0.0153284 -0.0136169 -0.00898977 -0.00523885 0.0301166 -0.0324565 -0.0346307 -0.0226602 0.00771239 0.0252593 -0.0330896 -0.0192048 -0.0284951 0.0151443 -0.015613 -0.00179231 0.0087415 0.0120304 -0.0291694 -0.00547929
internal_weight=78.4222 69.1551 22.8609 11.794 46.2942 34.4286 10.3119 1.59678 30.6407 4.58405 26.0566 23.235 20.6072 9.26708 18.5248 2.46461 8.71513 0.741169 2.6278 16.0601 7.12597 8.93417 6.26408 4.62096 4.16636 11.0669 0.991851 2.50502 6.76932 0.888436 1.94581 11.8656 6.69842 2.83598 2.95499 10.0751 5.88088 5.16719 3.52102 1.09994 1.16441 0.934097 5.61163 9.84835 1.48211 2.08242 1.39023 4.68264 9.6774 0.841366 3.7879 3.86244 2.08033 0.62329 0.977587 1.14816 3.73849 1.02034
internal_count=34443 25011 16243 2810 8768 7628 2658 577 2362 218 2144 1929 1431 9432 1076 104 2081 123 498 972 549 423 347 457 298 13433 286 92 1853 208 228 1140 698 259 75 13147 1645 442 185 272 239 452 1607 13122 152 355 208 414 12962 256 5266 439 223 123 67 193 5265 187
is_linear=0
shrinkage=0.04


Tree=183
num_leaves=53
num_cat=0
split_feature=33 4 20 14 12 20 31 5 38 11 12 9 8 31 3 10 30 12 1 2 35 7 7 1 23 38 31 4 2 30 30 11 9 11 20 10 8 10 38 6 31 30 32 3 12 3 2 10 10 4 2 9
split_gain=7.67375 1.92086 2.46179 2.20037 2.15572 2.20622 1.32165 1.29497 1.11603 1.05029 1.03116 0.919125 0.913242 1.10181 1.30435 0.903811 0.859398 2.02317 1.44986 0.852601 1.14695 0.835975 0.745433 0.92891 0.737699 0.622982 0.518924 0.464971 0.460909 0.453303 0.622827 0.465504 0.420906 0.368566 0.335956 0.288473 0.266005 0.236022 0.215409 0.172088 0.148816 0.145278 0.121544 0.118828 0.249058 0.0723179 0.0424442 0.0419667 0.0407567 0.0215455 0.0198566 0.0187102
threshold=0.87500000000000011 0.91010102629661571 0.72193583846092235 -1.0000000180025095e-35 0.35851633548736578 0.23854447156190875 0.94286227226257335 0.56496164202690136 0.32311579585075384 0.96677702665328991 0.4060333669185639 0.44300144910812383 0.46265329420566564 0.93937537074089061 0.91112279891967785 0.10435571894049646 0.69175162911415111 0.60685729980468761 0.5634920895099641 0.76028168201446544 1.0000000180025095e-35 0.5750112533569337 0.4045486599206925 0.34848485887050634 1.0000000180025095e-35 0.43274678289890295 0.84103107452392589 0.47140522301197058 0.85867896676063549 0.8571511209011079 0.86418399214744579 1.0000000180025095e-35 0.75716626644134533 0.36854232847690588 0.76220238208770763 0.31698563694953924 0.7103942632675172 0.12060606107115747 0.69403594732284557 0.78778246045112621 0.4090802818536759 0.74296593666076671 0.45000000298023229 0.88890907168388378 0.61846226453781139 0.42169190943241125 0.53694942593574535 0.29705883562564855 0.23904761672019961 0.84356173872947704 0.53001201152801525 0.75147059559822094
decision_type=2 2 2 2 2 2 2 2 2 2 2 2 2 2 2 2 2 2 2 2 2 2 2 2 2 2 2 2 2 2 2 2 2 2 2 2 2 2 2 2 2 2 2 2 2 2 2 2 2 2 2 2
left_child=1 2 4 10 5 7 9 11 33 16 41 -1 51 14 19 -7 17 35 48 20 32 26 47 -24 -17 29 -22 -13 -16 -3 -31 -32 -14 -2 -12 38 -29 -6 42 -15 -26 49 -5 -20 -45 -42 50 -19 -18 -4 -36 -9
right_child=8 25 3 6 37 15 -8 12 -10 -11 34 27 13 39 28 24 18 22 43 -21 21 -23 23 -25 40 -27 -28 36 -30 30 31 -33 -34 -35 46 -37 -38 -39 -40 -41 45 -43 -44 44 -46 -47 -48 -49 -50 -51 -52 -53
leaf_value=-0.0095988372974022684 0.010261795011511815 0.013911685833771772 -0.017040187393312953 -0.033990210346338472 0.00012212171114909886 -0.030930714827837102 0.010705974149686603 -0.023305947129607218 0.034447938154476193 0.0085662703885729871 -0.0037763655764501921 0.033431847117409659 0.0013942685123171084 -0.00090870296870318836 0.027005094415251799 0.012920306070443865 -0.0022062610443578578 0.00021732277184960839 -0.0073283702204543031 -0.014594299768995476 -0.026053245450418858 0.009988345518611488 -0.024492602302117628 0.011937159325723456 -0.020415501447663492 0.025269988897211954 -0.0020606797597982306 -0.0096548938306163772 -0.0010177129456578327 -0.024689880334541094 0.015460158117010125 -0.0094239242932939588 0.022316477672202847 -0.011778759582889403 0.0036463880534170147 0.0003929345426508399 0.010894453924742835 0.02067549714398725 0.0010176425395331682 -0.026167377903543298 0.0060632956607706923 0.002152442665555674 -0.00046716495422501628 -0.0034914836343587202 -0.069654795798745853 -0.0051833939921911119 0.024435748700100894 0.018969727878986813 0.0063586016328338688 -0.00021432528112472034 -0.0022813116512138167 -0.0056850816119419492
leaf_weight=0.54645324099692816 1.0995306328404684 1.0320154773071402 1.0983313020551588 5.9769962488498951 1.0408561340009317 4.7196723133383776 0.67857788497349325 1.5586294205859332 9.3773582826834154 0.469185422058218 0.30483226676005903 1.9088879437767903 2.8145059133530683 0.79412496043369074 2.6488513322547074 1.3387893390317913 0.13565551457577507 0.23703469196334515 0.55076659593032706 4.165496362373232 1.6455037791165521 1.9750161319971082 0.95983228320255853 0.70823655207641423 0.76330075989244506 2.6816429087775759 3.4164069651160389 0.5148058675113133 0.82471979106776405 0.37641162611544143 1.0229079211130736 0.80753032467328023 3.1071668397635221 0.69299276079982508 0.20641619164962355 0.29511963436380018 0.43761171214282513 5.2857168658520095 0.091296195983886608 1.0874688688199965 0.28071966767311096 0.23843266582116474 0.34170661238022138 0.30227266292786215 1.1550351215410044 0.27779662326793186 1.7411274737678466 1.3750190865248439 0.3387349508702755 0.04447694623377163 0.12635929498355836 1.7346111759543417
leaf_count=529 36 96 965 10083 43 8224 238 53 9726 73 21 103 52 27 78 69 43 6 52 42 59 27 59 143 12 1376 43 104 51 20 193 37 30 76 76 16 4 405 2 56 2 8 22 44 209 89 422 222 57 3 2 15
internal_value=0.00105597 -0.00428642 -0.0065365 -0.0185837 -0.00114738 -0.00508309 -0.0255084 0.000153227 0.0296257 -0.0284666 0.00622831 0.0190571 -0.0031933 8.73468e-05 0.00341388 -0.0225382 -0.0307802 -0.0197876 -0.0503846 -0.00157078 0.00357532 -0.00658924 0.00441553 -0.00999049 -0.00139787 0.0150337 -0.0143048 0.0265319 0.0213607 0.000828913 -0.00793325 0.00453619 0.0148325 9.39009e-06 0.0187067 -0.0305145 0.000196533 0.0179519 -0.0320036 -0.0208155 -0.015761 -0.0131019 -0.0328636 -0.0594717 -0.0650086 -0.000199506 0.0228563 0.0176031 0.0027022 -0.016503 0.000401708 -0.0189387
internal_weight=77.3529 66.1831 60.2626 17.3754 42.8871 36.5605 13.6155 29.1803 11.1699 12.9369 3.75998 3.40776 25.7725 22.4793 20.5977 7.38028 12.4677 9.98524 2.48246 17.1241 12.9586 7.03693 3.28012 1.66807 2.66061 5.92051 5.06191 2.86131 3.47357 3.23887 2.20685 1.83044 5.92167 1.79252 2.37874 6.70512 0.952418 6.32657 6.41 1.88159 1.32182 1.38124 6.3187 2.00807 1.45731 0.558516 2.0739 1.61205 0.47439 1.14281 0.332775 3.29324
internal_count=34443 24605 22883 12766 10117 9669 11269 1273 9838 11031 1497 740 533 465 382 8396 10958 10553 405 253 211 129 430 202 172 1722 102 211 129 346 250 230 82 112 521 10123 108 448 10107 83 103 976 10105 305 253 91 500 228 100 968 78 68
is_linear=0
shrinkage=0.04


Tree=184
num_leaves=55
num_cat=0
split_feature=33 4 29 9 20 12 38 10 2 38 12 14 9 20 3 21 5 9 21 9 38 19 13 29 3 2 19 3 2 11 4 12 5 38 7 30 2 29 19 24 34 35 6 22 22 11 12 3 3 22 10 11 10 10
split_gain=7.35687 1.83758 2.54626 3.82146 2.08443 2.54023 2.02972 1.4097 1.23353 1.10074 1.00323 0.935503 0.927337 1.33692 0.924261 0.879236 0.824201 1.17848 0.89555 0.8877 0.611188 0.6063 0.58376 0.57936 0.548203 0.764812 0.544311 0.512527 0.38595 0.358476 0.341617 0.308339 0.285973 0.278532 0.268072 0.433233 0.243495 0.238969 0.229469 0.192051 0.189916 0.161553 0.0849003 0.0811555 0.176997 0.0755245 0.058186 0.130104 0.241976 0.0501924 0.0288606 0.026585 0.00927726 0.0676077
threshold=0.87500000000000011 0.91010102629661571 0.99861112236976635 0.94392031431198131 0.51530769467353832 0.42895354330539709 0.83769977092742931 0.29705883562564855 0.83438816666603099 0.32311579585075384 0.35851633548736578 -1.0000000180025095e-35 0.89512962102890026 0.23854447156190875 0.87715959548950206 0.47499999403953558 0.56496164202690136 0.80901724100112926 1.0000000180025095e-35 0.44300144910812383 0.43274678289890295 0.92206478118896495 0.30952382087707525 0.74094516038894664 0.84815320372581493 0.7243877947330476 0.87026646733284008 0.68490755558013927 0.67028987407684337 0.36854232847690588 0.48683299124240881 0.89500313997268688 0.092665474861860289 0.43274678289890295 0.80704417824745189 0.86607825756073009 0.45199692249298101 0.9483105242252351 0.48912529647350317 0.074304118752479567 0.37500000000000006 0.15000000223517421 0.16678543388843539 0.52500000596046459 0.22500000149011615 0.30728530883789068 0.54181629419326793 0.89176484942436229 0.89399582147598278 0.075000001117587103 0.41421568393707281 0.51530769467353832 0.23303167521953586 0.19139194488525393
decision_type=2 2 2 2 2 2 2 2 2 2 2 2 2 2 2 2 2 2 2 2 2 2 2 2 2 2 2 2 2 2 2 2 2 2 2 2 2 2 2 2 2 2 2 2 2 2 2 2 2 2 2 2 2 2
left_child=1 2 3 4 10 22 7 11 31 29 12 -7 13 16 36 33 19 24 -19 -1 21 -3 37 42 27 26 -26 -18 -12 -2 -5 -8 -17 39 -23 -36 -4 50 -16 49 -40 -33 -21 44 -37 -24 -9 -48 -49 -15 -6 -47 53 -13
right_child=9 20 14 30 5 6 8 46 -10 -11 28 52 -14 15 38 32 17 18 -20 23 -22 34 45 -25 25 -27 -28 -29 -30 -31 -32 41 -34 -35 35 43 -38 -39 40 -41 -42 -43 -44 -45 -46 51 47 48 -50 -51 -52 -53 -54 -55
leaf_value=-0.009527604697243822 0.010107086609225577 0.016054982833489155 -0.0090115902001534215 -0.0023802540096776164 -0.034721408180134652 0.01195680963826584 -0.045901612297493954 0.00016435348327404042 0.0085071167389899061 0.034272808534314858 0.022386179537916686 -0.0079698617406784786 -0.021348051843136227 -0.00021772043850127148 -0.0014065134427921539 -0.0070100052439800511 0.001542243421186585 0.025702756170692447 -0.0019518330843716317 0.0011613368138476267 0.025027287560251056 0.0053862875023082991 0.0059439024455136547 -0.00033813878501849691 -0.0035501436342945947 -0.012608528996261326 0.017279687718238183 -0.023899878014038364 -0.0017746242320677563 -0.011645512804485583 0.029135899660094257 0.0061823820419349617 0.014844814739051478 0.0020439870887383393 -0.02738821471782913 -0.0054040633360170742 0.010559788288529482 -3.9913234170956472e-05 -0.0045569237638073993 0.0010766622812840409 -0.043699539411042217 -0.010510477144204783 0.035298504199120943 -0.0055516476134454245 0.011603841442202783 -0.0071440325768984082 0.025677007867348431 -0.0090212342408139325 0.010782905433361484 -0.029918125158215795 -8.4260489873095779e-05 0.00039192451250691097 -0.019642402709775724 0.0019449267979217649
leaf_weight=0.54125203250443066 1.0950565440580238 0.98999288398772423 0.36347910546464746 0.20105736659024742 7.7898520119051682 1.4526871163398025 0.9405975497211323 0.3662522318772975 0.47803582047345106 9.0622988493996655 2.3712846618727776 0.84372705762507239 2.3362272513913913 0.062649592990056013 0.4337380874785598 0.33946140258922219 1.3304322109906963 2.5304316442925474 2.7361503997817636 0.3005489603965551 2.6152436713455245 0.45740064478013676 0.2913547671632849 0.84974277659784991 2.5753061004215834 3.1175216436386108 2.7398899275576696 2.4994365749880672 0.90022362722083915 0.69046338042244304 4.2085859743528999 0.33225078880786896 0.68045325585990213 0.19658813811838616 0.3242703778669237 0.34613633668050148 0.60606507078045979 0.21400335422367778 0.68445750785758797 0.096408571815118083 2.6941501249093558 0.28909388685133308 1.7094827573164364 0.39818769437260937 0.69530652300454676 0.41901812586002052 2.6309719838900496 0.28402072307653714 0.6184526450233534 2.813889541750541 0.10118433274328698 0.2130427414085716 1.897701633046381 0.64287410140968859
leaf_count=529 36 100 11 31 15921 16 98 23 205 9726 95 44 54 49 14 108 43 47 31 66 1376 66 12 40 42 41 26 91 41 76 709 82 56 8 10 31 84 20 32 6 187 20 105 25 114 104 455 6 176 3083 3 8 38 23
internal_value=0.000985871 -0.00423202 -0.00643786 -0.00353532 -0.00694136 -0.0165571 -0.00235818 0.00677631 -0.0282917 0.0293596 -0.00019939 -0.0067984 -0.00304897 -0.000162148 -0.0306558 -0.0175271 0.00416704 2.35028e-06 0.0136924 0.0186286 0.0147897 0.000722408 -0.030566 0.0259568 -0.00660865 -5.10516e-05 0.00825321 -0.016603 0.0167232 9.06442e-06 0.0270057 -0.0390322 0.00685684 -0.0255051 -0.00932535 -0.0145708 0.00113918 -0.0334872 -0.0372606 -0.0278765 -0.0398425 -0.00282134 0.0331595 0.000189514 0.00523622 -9.29339e-06 0.0212016 0.0223971 0.00200112 -0.0293923 -0.0344625 -0.00509938 -0.0165732 -0.00428726
internal_weight=76.3984 65.5506 59.724 54.9421 50.5325 19.8051 10.7767 8.73669 2.03998 10.8478 30.7274 4.83699 27.4559 25.1196 4.78189 4.18945 20.9302 17.5292 5.26658 3.40103 5.82654 3.21129 9.02846 2.85977 12.2626 8.43272 5.3152 3.82987 3.27151 1.78552 4.40964 1.56194 1.01991 3.16954 2.2213 1.7639 0.969544 8.10504 3.81235 2.97295 3.37861 0.621345 2.01003 1.43963 1.04144 0.923416 3.8997 3.53345 0.902473 2.87654 7.89104 0.632061 3.3843 1.4866
internal_count=34443 24605 22883 22555 21815 17254 1186 781 405 9838 4561 121 4425 4371 328 3310 1061 321 78 740 1722 346 16068 211 243 109 68 134 136 112 740 200 164 3146 246 180 95 15944 233 3138 219 102 171 170 145 124 660 637 182 3132 15924 112 105 67
is_linear=0
shrinkage=0.04


Tree=185
num_leaves=52
num_cat=0
split_feature=13 30 14 8 10 38 31 34 7 7 9 8 36 11 10 38 6 22 10 0 30 6 35 34 31 30 35 31 30 19 1 35 5 34 1 7 6 31 31 30 10 19 10 36 21 36 12 31 36 31 19
split_gain=6.24027 2.7188 2.58664 2.92862 1.99246 1.18953 1.18381 1.15591 1.11155 1.04299 1.00246 1.52635 0.874427 0.812545 0.877727 2.73534 1.35116 0.878895 0.79984 0.679257 0.507821 0.850452 0.928128 0.940647 0.877012 1.00835 0.747373 0.653503 1.01133 0.457877 0.4498 0.382048 0.361846 0.466068 0.350565 0.344649 0.342113 0.241647 0.328041 0.233245 0.226063 0.219353 0.20675 0.193963 0.191856 0.103536 0.0904914 0.0814455 0.0790778 0.0120127 0.0112639
threshold=0.45000000298023229 0.79074048995971691 -1.0000000180025095e-35 0.2237871661782265 0.15504807978868487 0.31432443857192999 0.68275979161262523 0.75000000000000011 0.6944047510623933 0.71943116188049328 0.61620295047760021 0.21352583914995196 0.36666667461395269 0.96192869544029247 0.55277779698371898 0.58716276288032543 0.69015115499496471 0.22500000149011615 0.23904761672019961 1.0000000180025095e-35 0.65323594212532055 0.4475123286247254 0.15000000223517421 0.37500000000000006 0.87577280402183544 0.53223589062690746 0.15000000223517421 0.83334758877754223 0.3571800589561463 0.96922349929809581 0.58571431040763866 0.25000000745058065 0.90595519542694103 0.37500000000000006 0.44949495792388922 0.42185109853744512 0.43645375967025762 0.983963042497635 0.99157801270484935 0.55632126331329357 0.21583850681781772 0.3483316451311112 0.13484849035739901 0.70000001788139354 0.17500000447034839 0.56666669249534618 0.5259326994419099 0.87379801273345958 0.43333333730697637 0.92572277784347545 0.29587541520595556
decision_type=2 2 2 2 2 2 2 2 2 2 2 2 2 2 2 2 2 2 2 2 2 2 2 2 2 2 2 2 2 2 2 2 2 2 2 2 2 2 2 2 2 2 2 2 2 2 2 2 2 2 2
left_child=1 2 5 10 12 6 34 19 20 -10 11 18 -2 14 15 30 35 36 29 -3 21 26 23 -23 25 -25 27 -8 -29 -4 31 41 33 -7 46 -16 -17 -21 -39 -26 -34 50 -33 -22 -43 49 -1 -30 -13 -32 -5
right_child=4 7 3 13 -6 32 8 -9 9 -11 -12 48 -14 -15 16 17 -18 -19 -20 37 43 22 -24 24 39 -27 -28 28 47 -31 45 42 40 -35 -36 -37 -38 38 -40 -41 -42 44 -44 -45 -46 -47 -48 -49 -50 -51 -52
leaf_value=-0.025575648898536581 -0.015519007168993054 0.026516660869253299 -0.027107841749574091 -0.0025225149096250771 0.034424729790371603 -0.0033679396717884069 0.026686773753477017 -0.017657285206163647 -0.030030343616537513 0.0033807336671241792 0.02328015465927246 0.00032418115767669466 0.014674855982803768 0.0085283708251229079 -0.013915448624623907 -0.0011361171164440678 -0.063317368314296421 -0.012592257875056257 0.0098905983810527419 0.010998122382866628 0.01935502301642102 0.0085660681755441639 0.014099896819856569 -0.0002823505354758722 -0.0075784275488116216 -0.036373626498983985 -0.011726362681379944 -0.017045030117056253 0.0021304513057503155 0.0046027765420440514 -0.0075555798493375913 -0.010701717033539473 -0.010740536456336085 0.026063592800011109 0.0040424925046388558 0.0087047989098013989 0.021354762508083023 -0.019356973837701297 0.0032364750711037977 0.0071680471856187117 0.0082084610362252088 -0.034319400831888371 0.0071241653368138173 0.00081351954017022665 -6.5489747221186248e-05 0.0059745195691426013 -0.00016862834442992359 0.019434600311766734 0.024817799290347681 -0.00010847694700993803 0.0020724560705148646
leaf_weight=2.5495631639205421 1.6597014704020687 5.8337324112653697 2.6859987878124265 0.13662063403172098 9.5163632062613015 0.49514120823005248 2.6558486362046194 0.19680857588537115 1.6711312060942867 1.9885453588794915 1.9230292393767738 0.1163715045840944 1.3717425212962551 0.46270119538530607 0.77818903105799042 1.0395929210353636 0.91643464844673861 1.289341533090919 0.54349214991088945 0.57108746608719241 2.8294623319525263 2.1439277922618194 1.7309647627407674 1.6493473460723169 1.8761897867079826 2.5654390775889624 0.68696201115380962 1.176873460004572 1.3045289072615562 0.2789080780930816 0.54062490080832393 0.61548182414844521 0.49924451857805241 3.1212260089232577 0.2150906620081513 0.48606235964689404 2.3134613340953365 0.1440317325759678 1.4744760049507022 1.7652619643486103 0.44695708376821131 8.2983563187735818 0.52413777098990977 1.5142369749955831 0.15437928077881302 0.39057477808091789 0.054041044786572345 1.0260321325913535 0.72369016631273553 0.16273827810073271 0.2198515372001566
leaf_count=1980 55 1246 1709 59 10780 37 264 41 22 48 120 219 56 43 27 25 56 52 42 86 83 44 33 61 28 54 89 120 53 68 114 1499 8 359 3 54 171 26 373 35 138 13846 22 16 131 16 4 15 30 21 116
internal_value=0.00224941 -0.00276154 -0.00590701 -0.0153848 0.026508 0.00126128 -0.00191091 0.0168929 0.00111113 -0.0156686 0.00679604 -0.00425341 -0.00106081 -0.0230166 -0.0245383 -0.0177846 -0.045524 0.00631096 -0.0161369 0.0206737 0.00468178 0.00122933 -0.00506133 -0.010027 -0.015947 -0.0256939 0.0112029 0.0158878 0.00177898 -0.0230988 -0.0276176 -0.029974 0.0174361 0.0217471 -0.0213359 -0.00465194 0.015693 0.000132863 -0.0065507 -0.000142541 -0.00133681 -0.0324905 -0.00236257 0.0149888 -0.0335962 -0.000486032 -0.0247013 0.0147753 0.0230169 -0.00661709 -2.86765e-05
internal_weight=79.334 66.7862 58.5661 24.6 12.5478 33.966 29.4034 8.22014 26.5848 3.65968 6.27149 4.34846 3.03144 18.3285 17.8658 15.6852 2.18069 4.6424 3.5084 8.02333 22.9251 18.5814 11.7311 10.0002 7.85624 4.21479 6.85025 6.16328 3.50743 2.96491 11.0428 9.94883 4.56257 3.61637 2.81869 1.26425 3.35305 2.1896 1.61851 3.64145 0.946202 8.80921 1.13962 4.3437 8.45274 1.09394 2.6036 2.33056 0.840062 0.703363 0.356472
internal_count=34597 23706 21934 18440 10891 3494 2952 1772 965 70 2188 2068 111 16252 16209 16072 137 248 1819 1731 895 796 255 222 178 115 541 452 188 1777 15824 15673 542 396 1987 81 196 485 399 63 146 14152 1521 99 13977 151 1984 68 249 135 175
is_linear=0
shrinkage=0.04


Tree=186
num_leaves=56
num_cat=0
split_feature=13 14 38 19 10 28 38 1 38 10 38 36 31 4 8 34 8 36 31 9 2 31 9 10 8 31 8 31 22 31 1 19 35 3 1 10 22 5 31 10 9 35 38 31 11 8 24 34 11 10 9 10 9 5 36
split_gain=5.97475 2.49504 2.55009 2.2153 1.94623 1.68452 1.35627 1.56617 1.28114 0.865755 1.19306 0.842377 0.78136 1.28413 1.01875 1.11053 1.06497 1.03631 0.834299 0.738711 1.79939 0.967297 0.96303 0.858486 0.612273 0.670335 0.578529 0.798819 0.61865 0.569462 0.567709 0.50994 0.498419 0.388766 0.347184 0.337475 0.335074 0.293239 0.269163 0.261602 0.23303 0.227085 0.351821 0.213638 0.206105 0.202195 0.150881 0.117361 0.113621 0.106887 0.0758687 0.0625172 0.0217837 0.0105613 0.00332889
threshold=0.45000000298023229 -1.0000000180025095e-35 0.21663041412830356 0.83503401279449474 0.15504807978868487 1.0000000180025095e-35 0.31432443857192999 0.5634920895099641 0.91302344202995311 0.65942031145095836 0.76816684007644664 0.36666667461395269 0.68275979161262523 0.58885449171066295 0.64051282405853283 0.37500000000000006 0.56294015049934398 0.76666668057441723 0.91035637259483349 0.91024166345596325 0.7933771312236787 0.91250720620155346 0.62988328933715831 0.10172414034605028 0.64346247911453258 0.82893744111061107 0.58123165369033825 0.95550045371055614 0.62500000000000011 0.98583742976188671 0.44949495792388922 0.65058138966560375 0.15000000223517421 0.84361687302589428 0.44949495792388922 0.23904761672019961 0.27500000596046453 0.74646764993667614 0.93793785572052013 0.11651583760976793 0.5604878067970277 0.25000000745058065 0.54865220189094555 0.51765814423561107 0.71671482920646679 0.2237871661782265 0.033712122589349754 0.37500000000000006 0.32274864614009863 0.41421568393707281 0.13446328043937686 0.31698563694953924 0.87585616111755382 0.87585616111755382 0.70000001788139354
decision_type=2 2 2 2 2 2 2 2 2 2 2 2 2 2 2 2 2 2 2 2 2 2 2 2 2 2 2 2 2 2 2 2 2 2 2 2 2 2 2 2 2 2 2 2 2 2 2 2 2 2 2 2 2 2 2
left_child=1 6 46 5 11 41 7 12 9 10 32 -2 34 24 16 -16 31 18 -17 20 22 -22 23 45 25 40 -9 28 -28 -29 36 -15 43 -34 50 -25 37 -27 -20 -8 -14 42 49 -7 48 -5 51 52 -45 54 -1 -3 -41 -23 -4
right_child=4 2 3 19 -6 8 39 26 -10 -11 -12 -13 13 14 15 17 -18 -19 38 -21 21 53 -24 35 -26 30 27 29 -30 -31 -32 -33 33 -35 -36 -37 -38 -39 -40 47 -42 -43 -44 44 -46 -47 -48 -49 -50 -51 -52 -53 -54 -55 -56
leaf_value=-0.00028744811253057762 -0.01522132387271769 -0.031482600471916866 -0.013635882448182557 0.019856462169143413 0.03425377612348536 -0.00013870593005979411 -0.0014889192836589564 -0.0041109984220768572 0.010887470412619041 -0.051295207629550678 0.013351727246408651 0.014455155465112543 -0.0036121594319617751 0.0070791797649065579 0.007950233063446787 -0.032597607166321756 0.020932453517714868 0.0053137045495316995 0.010792343396205781 0.023131840237105107 -0.03658546142060403 0.0068302942414017968 0.022368836492819018 -0.02247678525873564 0.023425840422094116 -0.0097719802644228113 0.027088384131396217 -0.016775211610938652 0.00012593988689355273 0.010880882148695505 0.010462623164737839 -0.020341815128171049 -0.012436575633989382 0.011523071576027949 0.0040998338135605512 0.0025068893423046178 -0.023267240216452767 0.011583466535696441 -0.0088096784195162512 -0.0020755358224977612 0.018570132640618603 0.015602773358956951 0.010851594954772437 -0.00047518064192961896 -0.0011805284847254394 -0.0029440733312246989 -4.6552305917476549e-05 0.0239763977807783 -0.033925158594422279 0.0022510144309123609 -0.025216872100214751 -0.00022468007320198717 0.0039141484056948138 8.3712397540913478e-05 -0.00021841613791943331
leaf_weight=0.056107465585231497 1.6547855340177187 6.5772816059761707 1.0629265983443494 0.64022670013946337 9.1952814758406003 0.53621382432174858 0.44724018510896613 1.9329838202684175 0.6336312984349205 1.0885098230792207 0.81141154805663962 1.3599667293019591 0.21579466888215648 0.63457392359850873 1.6588333503168531 5.1055247033655169 1.9644661676429676 1.2596864816732702 0.59162876137997933 2.3725040371064097 0.97341781738214173 0.39620594820007682 3.4832778359705117 1.3617594676907172 2.0262806348328013 0.51292430676403522 5.1413286664755997 0.93027370469644644 1.4900182040873913 0.81606338359415531 0.50013680732808996 1.1395660088746806 0.55463186270208076 0.76005055726272985 0.21147040277719487 0.62011558702215541 1.4317921098263466 0.51194948324700817 0.74279089458286762 0.38328610942699004 1.5216355516458859 0.95449499820824701 0.67014330334495742 0.13015408260980699 0.60578071768395592 0.17984682420501485 0.1367880058242007 4.3317302955547348 2.7520853046444245 0.14204469555988897 2.487053168064449 0.028271017596125492 0.21734520839527249 0.26978432713076472 0.089765925018582382
leaf_count=11 55 16045 379 27 10780 32 25 20 90 26 112 56 194 10 37 115 57 18 20 643 38 49 258 145 38 101 228 70 32 120 9 77 248 58 2 39 71 13 43 26 65 82 40 24 12 302 20 1007 534 5 1973 1 80 28 7
internal_value=0.00218118 -0.00271746 -0.0115374 -0.00376665 0.0262381 -0.0155043 0.00384082 0.000382699 -0.0240245 -0.0287005 -0.0151527 -0.00101463 -0.00542862 -0.00183381 -0.00891115 -0.0153483 0.00653826 -0.0211597 -0.0267597 0.00877288 0.00126436 -0.0242121 0.0115678 -0.00449068 0.0108159 0.000714474 0.0123435 0.0164239 0.021859 -0.00405652 -0.00921172 -0.0109387 -0.0217793 -4.87232e-05 -0.0210443 -0.0162743 -0.0163189 0.00054708 -6.93619e-05 0.0199864 0.0146207 0.00734672 -0.00107762 -0.0270477 -0.0296451 0.0151524 -0.0304918 0.022182 -0.0327875 -0.0105081 -0.0244331 -0.0312305 0.000489876 0.00544131 -0.0133234
internal_weight=78.3038 66.0938 27.8313 21.089 12.21 10.7918 38.2625 32.8829 7.87247 7.23884 6.15033 3.01475 22.5722 19.8176 13.0971 9.35846 3.73861 7.69963 6.43994 10.2971 7.92463 1.63941 6.28523 2.80195 6.72051 4.69423 10.3107 8.37768 6.63135 1.74634 2.9568 1.77414 5.33892 1.31468 2.75463 1.98188 2.45667 1.02487 1.33442 5.3796 1.73743 2.91938 1.96488 4.02423 3.48802 0.820074 6.74234 4.93236 2.88224 1.29474 2.54316 6.60555 0.600631 0.66599 1.15269
internal_count=34597 23706 19244 3178 10891 1649 4462 3324 1136 1046 1020 111 2854 868 377 233 144 196 178 1529 886 115 771 513 491 453 470 450 260 190 194 87 908 306 1986 184 185 114 63 1138 259 513 431 602 570 329 16066 1113 558 391 1984 16046 106 77 386
is_linear=0
shrinkage=0.04


Tree=187
num_leaves=67
num_cat=0
split_feature=32 19 10 20 14 1 19 9 20 31 31 4 4 28 10 3 8 8 8 10 8 10 19 14 22 24 22 31 10 10 7 4 4 27 36 29 19 10 8 10 20 21 22 19 27 35 7 31 20 19 1 14 19 19 19 19 19 31 3 19 10 32 3 4 3 7
split_gain=4.9686 2.20558 2.0107 1.79547 1.56839 1.44668 1.53164 1.3148 0.955971 0.950358 0.941426 0.893263 1.28951 0.881493 0.877716 0.8049 1.36653 0.792517 1.06558 0.679394 0.63833 0.626087 0.607658 0.511806 0.484285 0.424086 0.423543 0.415778 0.384573 0.370368 0.36631 0.359811 0.317186 0.298771 0.340404 0.297178 0.210776 0.190808 0.156319 0.154848 0.142849 0.135209 0.130434 0.13033 0.124803 0.116708 0.116224 0.0977704 0.0935255 0.0755424 0.0545039 0.0528422 0.0477574 0.0324406 0.0310643 0.0259307 0.0240342 0.0153132 0.0143565 0.0137518 0.00764435 0.00501004 0.00454722 0.00405141 0.00352871 0.0021959
threshold=0.45000000298023229 0.92546296119689953 0.14039409160614016 0.49029034376144415 -1.0000000180025095e-35 0.5634920895099641 0.90550595521926891 0.67041200399398815 0.61305537819862377 0.94286227226257335 0.48406565189361578 0.53427231311798107 0.41533938050270086 1.0000000180025095e-35 0.11651583760976793 0.87952226400375377 0.78830561041831981 0.048199767246842391 0.59675306081771862 0.12060606107115747 0.6291005313396455 0.17752101272344592 0.8532998561859132 1.0000000180025095e-35 0.57500001788139354 0.50851371884346019 0.42499999701976782 0.88406160473823558 0.55277779698371898 0.29705883562564855 0.16372437030076983 0.62115561962127697 0.91010102629661571 1.0000000180025095e-35 0.96666666865348827 0.40611772239208227 0.57275134325027477 0.76330533623695385 0.60943254828453075 0.5577777922153474 0.23854447156190875 0.32500000298023229 0.52500000596046459 0.92637759447097789 1.0000000180025095e-35 0.25000000745058065 0.60104459524154674 0.88019788265228283 0.44220647215843206 0.88603895902633678 0.31666667759418493 1.0000000180025095e-35 0.91945946216583263 0.73956522345542919 0.65821567177772533 0.36425061523914343 0.91366460919380199 0.38864289224147802 0.49118471145629888 0.35805861651897436 0.15504807978868487 0.21111111342906955 0.69003739953041088 0.51113310456275951 0.87274184823036205 0.26309345662593847
decision_type=2 2 2 2 2 2 2 2 2 2 2 2 2 2 2 2 2 2 2 2 2 2 2 2 2 2 2 2 2 2 2 2 2 2 2 2 2 2 2 2 2 2 2 2 2 2 2 2 2 2 2 2 2 2 2 2 2 2 2 2 2 2 2 2 2 2
left_child=1 3 8 5 19 11 20 17 -2 10 21 12 14 54 56 46 -17 -3 29 -5 -7 -6 35 33 27 32 -16 30 -25 43 -14 50 37 34 -9 -21 -22 41 -24 -30 -32 44 -35 -19 45 52 49 -18 -42 -15 65 57 55 58 -13 59 -1 -45 -47 -12 -4 -59 -55 -26 -60 -20
right_child=2 7 60 4 9 6 -8 23 -10 -11 25 13 24 15 26 16 47 18 31 22 36 -23 38 28 63 -27 -28 -29 39 -31 40 -33 -34 42 -36 -37 -38 -39 -40 -41 48 -43 -44 51 -46 53 -48 -49 -50 -51 -52 -53 -54 62 -56 -57 -58 61 64 -61 -62 -63 -64 -65 -66 -67
leaf_value=-0.023691098852792504 0.012316486679714883 0.015326262111720619 0.00091491750159020438 -0.013927973337805755 -0.014259672942179976 0.00012486121347258115 -0.016281348751414574 0.022446937107947283 -0.021191226735307947 0.0095922914530092353 -0.0036252854224994363 0.013748277493560451 -0.0036889165560523968 -0.030633671124051166 0.015438777079369118 0.0094836633956534664 -0.026253178439999143 3.6838310283780937e-05 -0.00087877688468597829 -0.0023141198876409932 0.0023964528477803796 0.013905157589468475 -0.012341849428246844 0.0080632296440658075 -0.0072339847229227995 0.0038012317055859659 -0.0070606126988552141 -0.0050462546101126705 -0.022786442657399198 0.0037056483568419164 0.028241760512337989 -0.0078128000887064206 0.0024103396345473401 0.0060162985167008191 -0.0026175584431300304 0.024003867565430232 0.027961856343421021 0.00093656509037334855 0.0043961235674302383 0.0015572107011105943 -0.0050368829501662837 5.26927979352684e-05 -0.0081305114611948219 -0.00036710288248821056 -1.18116440112356e-05 -1.582704540665986e-05 -0.0018176519067534432 -0.0054967756711387225 0.0074450514145216308 -0.0051398782012721956 0.017993178825046311 -0.00042529384937323297 -0.00017371489703354244 2.3075699365801336e-05 0.00018642167342994086 -0.032462947667968062 -0.00019547329400432305 -0.029422218566007699 -0.007139598675905098 0.0011986586579717721 0.033723201040681813 -0.0004365787925760751 0.0026652119622880797 -0.00010940848661748094 -7.2550418335212339e-05 0.0011230905078629698
leaf_weight=1.9786816334526576 1.3089385211933398 0.7765138181566752 0.21637288865167548 0.85200797792640592 0.87679229766945299 2.0195479670073819 1.139504568185657 9.2330729120294492 1.0443077787058426 0.62417104165069837 0.18884749975403359 0.61595226300414363 0.22270545733044844 3.2629940745246131 1.1580512706423181 3.9901032437337562 1.2485521255293863 0.10539693350438106 0.12567119332379639 0.35373056773096401 1.0394502169219775 1.1767599366139618 0.68557170662097622 0.44384234462631944 0.36034646278130811 0.21373229130404148 1.1487395586445925 0.27760416769888241 0.058387667231727391 0.20948763168416906 3.0835239071166147 0.37084028156823468 0.16521065006963986 0.91908395884092964 0.44193978176917958 2.0659822581219487 4.4123611666727811 0.092091311176773938 0.24739613744895905 0.11729203601134941 0.26350803859531868 0.081724709016271713 0.28656958974897861 0.037645318108844417 0.060730630648323181 0.089366600353970038 0.65326435863971699 1.8738976271124554 0.48231828640564345 1.0990734027582219 0.83869207373936661 0.035870909428922348 0.089047337474767896 0.04316216305596754 0.46703226413228549 10.187784180641755 0.056683879840420448 2.3416524101048712 0.42262831318657845 0.10819150920724496 8.3045556549332087 0.03544855277868908 0.17299623036524281 0.086956149083562195 0.021176373324124143 0.24459890890284441
leaf_count=2108 46 87 21 1290 1427 21 26 1406 33 206 211 13 337 236 33 52 24 67 66 25 18 57 38 222 142 41 33 7 21 51 74 47 73 201 16 357 244 11 124 108 124 14 3 34 10 83 6 51 68 37 38 11 143 126 62 10418 41 2213 991 23 10326 27 34 22 16 56
internal_value=0.00213513 -0.00212864 0.025426 -0.00635081 -0.0155899 -0.00020869 0.0124116 0.00987911 -0.00452181 -0.0213391 -0.0236472 -0.00563535 0.00352863 -0.0118142 -0.0102721 -0.0151094 -0.00441953 -0.0056116 -0.0126826 0.00439441 0.0191038 0.00036609 0.0123414 0.0167865 0.0158548 -0.0275084 0.00530486 0.0196982 -0.00610985 -0.0238701 0.0227608 0.00833009 -0.0286064 0.0188529 0.0208938 0.0201415 0.024856 -0.0294406 -0.00695948 -0.0183805 0.025387 -0.0299384 5.22242e-05 -0.0271922 -0.0303114 -0.0306383 -0.0254617 -0.0198591 0.00193148 -0.0274409 0.0157125 -0.0284947 -0.0317898 -0.0031533 0.0113717 -0.0320076 -0.0232613 -0.0290011 -0.00584018 -0.00126674 0.0333402 -0.0292508 0.00163837 -0.00667392 -0.00689229 0.000161985
internal_weight=77.2561 66.382 10.8742 49.76 18.8191 30.9409 8.61086 16.622 2.35325 14.6144 13.9902 22.33 9.11912 13.2109 4.34216 12.1279 7.11255 5.12182 4.3453 4.20469 7.47136 2.05355 3.35268 11.5002 4.77696 11.9367 2.30679 4.32966 0.619522 2.7655 4.05206 1.5798 11.723 10.8807 9.67501 2.41971 5.45181 11.5577 0.932968 0.17568 3.82935 11.4657 1.20565 2.55601 11.3839 11.3232 5.01533 3.12245 0.745826 4.36207 1.20896 2.45062 10.5739 0.74933 1.08298 10.4848 2.03537 2.41475 0.533171 0.297039 8.52093 2.3771 0.216158 0.447303 0.443805 0.37027
internal_count=34597 24171 10426 19497 15718 3779 309 4674 79 13884 13678 3470 2989 481 2215 406 127 2697 2610 1834 283 1484 544 1977 774 12194 66 610 351 2403 603 207 12153 1626 1422 382 262 12080 162 129 266 12069 204 2352 12055 12045 279 75 192 273 160 2285 10795 1250 75 10652 2149 2274 1090 234 10347 2240 160 164 1007 122
is_linear=0
shrinkage=0.04


Tree=188
num_leaves=49
num_cat=0
split_feature=13 30 20 12 30 10 10 12 34 1 8 20 22 10 22 22 38 33 12 4 8 8 0 12 38 30 1 2 1 1 9 4 6 11 10 11 9 10 2 21 30 38 10 33 2 2 2 1
split_gain=5.4958 2.3677 2.40654 2.49921 2.72671 1.86074 1.77663 1.52648 1.11623 1.07405 1.09047 1.04823 0.994011 0.877124 0.755591 0.75273 0.745761 0.744054 0.736686 0.682515 1.24563 0.835867 0.66581 0.777737 0.657366 0.655225 0.59762 0.591759 0.522416 1.0119 0.564776 0.41925 1.49539 0.406374 0.345964 0.340576 0.299137 0.222457 0.186035 0.181366 0.16226 0.117285 0.11407 0.0707497 0.0282025 0.0255923 0.00854436 0.00648195
threshold=0.45000000298023229 0.79074048995971691 0.53144779801368724 0.42895354330539709 0.69175162911415111 0.14039409160614016 0.55277779698371898 0.89500313997268688 0.75000000000000011 0.5634920895099641 0.2237871661782265 0.61305537819862377 0.22500000149011615 0.15075758099555972 0.32500000298023229 0.42499999701976782 0.43274678289890295 1.0000000180025095e-35 0.9191471040248872 0.63224515318870556 0.58919963240623485 0.66210046410560619 1.0000000180025095e-35 0.056022193282842643 0.22028702497482303 0.29498417675495153 0.31666667759418493 0.27812939882278448 0.38750000298023229 0.19090909510850909 0.65345367789268505 0.69804355502128612 0.69451248645782482 0.56479570269584667 0.6885775923728944 0.45738498866558081 0.99438202381134044 0.21583850681781772 0.63453349471092235 0.17500000447034839 0.63665550947189342 0.21663041412830356 0.27525253593921667 0.87500000000000011 0.23294574022293094 0.19433516263961795 0.54446640610694896 0.23611111193895343
decision_type=2 2 2 2 2 2 2 2 2 2 2 2 2 2 2 2 2 2 2 2 2 2 2 2 2 2 2 2 2 2 2 2 2 2 2 2 2 2 2 2 2 2 2 2 2 2 2 2
left_child=1 2 9 33 12 11 37 -8 22 10 13 -2 18 24 -11 -16 -15 35 25 20 28 -21 -3 -24 -1 27 47 -5 29 30 39 -23 -33 43 -20 36 42 -6 -31 44 -17 -7 45 -4 -19 -12 -27 -22
right_child=5 8 3 4 6 41 7 -9 -10 14 17 -13 -14 16 15 40 -18 19 34 21 26 31 23 -25 -26 46 -28 -29 -30 38 -32 32 -34 -35 -36 -37 -38 -39 -40 -41 -42 -43 -44 -45 -46 -47 -48 -49
leaf_value=-0.006880571757786713 0.013443222689191471 0.025782124434300689 -0.033886325955314628 0.013587928321460427 -0.0067311942549267778 0.00012377671269699593 -0.060178497118241962 0.0054344274511232806 -0.017670854977972127 0.025025658723945046 -0.00044254180145897966 -0.020434718452630733 -0.016101325989070679 -0.020247778738116434 -0.014189192058150911 0.00013031845314044786 0.011657395211976401 -0.00018468251192943174 -0.0178034995570386 0.0064382973857908836 -0.0031907383808112426 -0.02536676122001227 -0.015907611022007207 0.015142531597869253 0.026955820152592739 0.0020391505294270673 0.026749678034896314 -0.012085701942518512 0.0080375614726431819 -0.026964582262370251 0.018653927191629779 0.011755146908050827 -0.022795062922883708 -1.5668920439009468e-05 0.00672895395540521 0.0022673434148610637 0.0027621983225602073 0.012207587866011116 -0.00090844138803847837 0.0047429309465322183 0.015327550677582314 0.033991577503563616 0.00014836505741320957 -8.847614202581301e-05 -0.013940856299666127 -0.027257331462863448 0.026168314141211683 -2.5826197638366969e-05
leaf_weight=0.37930470283027107 1.697414898197166 5.5855192278977475 7.4947632227995218 1.2810888396343201 0.32367155840620332 0.10793522500898589 0.97776482801418729 0.32534976862370968 0.19700037920847524 2.6051760858390463 0.03295890789013789 1.0659076486481351 0.89562498562736426 0.9954928779043255 1.5353945032111367 1.9107028880971486 0.70253582380246371 0.049844139866765724 0.59927636780776072 2.6485176864080113 0.62264609790872805 2.7477607955224812 0.98539503850042853 1.1617031610803676 2.737484228273388 0.43054707732517261 2.4316397593356669 1.3836039667949078 1.7780468263663349 2.1938317218155139 0.99839316122233857 2.6862565199844539 2.2244858049089089 0.50985532102640707 0.36985244636889547 0.51530018553603429 0.20363087480654929 0.72213344438932836 0.72959771094610903 0.27569206268526614 2.0744395973160863 8.7254275275045057 0.063203374855220207 0.090131657663732656 0.90794372276286595 3.0888090480002575 3.8001496503129601 0.53898407943779603
leaf_count=579 51 1246 15912 99 4 17 88 86 41 105 12 38 31 13 34 26 65 14 13 37 53 30 113 372 46 19 26 52 16 108 11 48 37 58 100 25 12 133 15 24 50 10785 5 6 812 2795 318 17
internal_value=0.00205812 -0.00263157 -0.00560664 -0.0165641 -0.00301525 0.0257183 -0.0314784 -0.0485128 0.0159913 0.000347543 -0.0032329 -0.00181686 0.00792842 0.0117783 0.0120485 0.0015883 -0.00701025 -0.00673958 0.0130709 -0.00296205 0.0038457 -0.00968849 0.0198695 2.0633e-05 0.0214283 0.017505 0.0191933 0.000267692 -0.00586828 -0.0117134 0.00611262 -0.0156965 -0.00534276 -0.0315729 -0.00898834 -0.0201048 -0.0235909 0.004855 -0.0232458 -0.00794429 0.0102952 0.0335435 -0.026076 -0.0335325 -0.0131125 -0.026995 0.0251273 -0.00173036
internal_weight=76.4082 64.8115 56.8819 19.2038 11.1091 11.5967 2.34892 1.30311 7.92962 37.6781 29.5524 2.76332 8.76014 4.81482 8.12571 5.52054 1.69803 24.7375 7.86452 20.8336 10.5266 10.307 7.73262 2.1471 3.11679 6.89539 3.59327 2.66469 6.93335 5.1553 2.23187 7.6585 4.91074 8.09475 0.969129 3.9039 3.3886 1.04581 2.92343 1.23348 3.98514 8.83336 3.18497 7.58489 0.957788 3.12177 4.2307 1.16163
internal_count=34597 23706 21934 16919 943 10891 311 174 1772 5015 4800 89 632 703 215 110 78 4097 601 1248 1096 152 1731 485 625 488 96 151 1000 984 861 115 85 15976 113 2849 2824 137 123 850 76 10802 2812 15918 826 2807 337 70
is_linear=0
shrinkage=0.04


Tree=189
num_leaves=58
num_cat=0
split_feature=13 30 14 10 2 9 11 4 4 11 11 34 38 31 31 29 19 19 2 31 36 9 2 12 1 34 2 1 2 12 5 34 1 3 3 29 36 3 19 10 5 35 10 12 12 12 12 38 35 3 3 1 2 2 12 24 4
split_gain=5.25903 2.23241 2.1545 1.82843 1.76361 1.13732 1.34698 1.12856 1.35474 2.0905 1.26839 1.09251 1.04179 1.01945 0.988109 0.896284 1.46514 1.07599 0.96894 1.05878 0.772131 0.659518 0.643001 0.752994 0.626884 0.546191 0.445272 0.402707 0.820134 0.34716 0.334492 0.410233 0.332847 0.332125 0.309835 0.278368 0.262978 0.254267 0.228494 0.211596 0.210598 0.209587 0.170664 0.12604 0.104627 0.0868023 0.0688469 0.0581376 0.0482181 0.0413515 0.0354098 0.0297038 0.0221933 0.0113744 0.0111004 0.00680177 0.00167121
threshold=0.45000000298023229 0.79074048995971691 -1.0000000180025095e-35 0.15504807978868487 0.23904761672019961 0.61620295047760021 0.39902913570404058 0.83438816666603099 0.80874970555305492 0.67704421281814586 0.22040571272373202 0.75000000000000011 0.31432443857192999 0.68275979161262523 0.83951234817504894 0.99861112236976635 0.65058138966560375 0.92546296119689953 0.60107529163360607 0.91619548201560985 0.36666667461395269 0.80901724100112926 0.99504950642585765 0.056022193282842643 0.38750000298023229 0.37500000000000006 0.72850123047828685 0.44949495792388922 0.70438539981842052 0.14671076089143756 0.90595519542694103 0.37500000000000006 0.44949495792388922 0.87952226400375377 0.86663055419921886 0.71898147463798534 0.83333334326744091 0.83055028319358837 0.86576578021049511 0.21583850681781772 0.089719939976930632 0.25000000745058065 0.17752101272344592 0.38279198110103613 0.69633406400680553 0.5259326994419099 0.35851633548736578 0.43274678289890295 0.15000000223517421 0.82524684071540844 0.90834251046180736 0.31666667759418493 0.56070175766944896 0.77836257219314586 0.6375025510787965 0.10102041065692903 0.52240803837776195
decision_type=2 2 2 2 2 2 2 2 2 2 2 2 2 2 2 2 2 2 2 2 2 2 2 2 2 2 2 2 2 2 2 2 2 2 2 2 2 2 2 2 2 2 2 2 2 2 2 2 2 2 2 2 2 2 2 2 2
left_child=1 2 12 20 5 6 47 8 9 10 29 22 13 32 -11 16 35 18 24 25 -2 26 51 -24 -18 -20 34 33 46 -6 31 -14 45 41 37 52 50 49 -30 -32 -8 44 -9 53 -12 -1 55 -4 54 56 -27 -3 -15 -43 -35 -29 -19
right_child=3 11 4 -5 7 -7 40 42 -10 14 27 -13 30 15 -16 -17 17 21 19 -21 -22 -23 23 -25 -26 36 -28 28 38 -31 39 -33 -34 48 -36 -37 -38 -39 -40 -41 -42 43 -44 -45 -46 -47 -48 -49 -50 -51 -52 -53 -54 -55 -56 -57 -58
leaf_value=-0.024726371371146371 -0.014639496183618919 0.00041618055946722644 -0.0247503647796148 0.033737406318165748 -0.0067018696110384994 0.022488705531348775 -0.0033301524826630335 -0.0037964590384311952 -0.054815185105981414 -0.010118329312080024 -0.034886177892710694 -0.017568644767001818 -0.0030496094313690681 -0.0037437594423169562 0.02198048296777225 -0.016458898113242637 -0.009713367413453796 -0.0013337705597227562 0.0010783799342102087 0.011143502143765223 0.013902257247840088 0.021876967382295002 -0.015622956445612474 0.014945824574819784 0.020019928767735666 -0.027704772437076863 -0.013222901885745887 -0.0024671196055967249 -0.023380293213854601 0.018383318205246659 -0.01054349404882573 0.02484998119441614 0.0040303057398483203 -0.0058035683507785879 0.015866423325051934 0.023467697530976356 -0.0030897921030487306 -0.012440361672180961 0.0012812553668288072 0.0078594777755459679 0.017230640177004281 -0.010081110490592564 0.013703734127883557 0.0048512581811799979 -0.00022575526272789929 -0.00013069523997289559 0.01407546875215668 -7.4641645322550746e-05 0.0043892039032499613 0.0093669316044150616 -0.0056230523399320147 0.025751250998933748 0.0022602241299890086 -9.4900855144815829e-05 -7.1912303921449448e-05 0.00081620020228979852 -5.3453987814225197e-06
leaf_weight=2.3586670892254951 1.631803035270422 0.12253683060407539 1.8210887254681472 8.3286787617835198 0.35344812207041343 1.7366887925891203 0.2970213594380765 0.33794538356596493 0.78274613819667038 1.4760118576232337 7.5518708509771351 0.20017974288202811 0.48329304199432987 0.28472932585282862 1.8345813580090178 2.528551895171403 0.53949091126560533 0.16017892863601424 1.5902314159029707 1.2144001324195404 1.3286025791894642 2.3919552913284861 0.99052868504077229 1.1499848158564416 1.5613454878330228 4.5633925268484647 1.22979271056829 0.15016818000003629 1.2746509697171857 0.5365809453651309 0.48851319449022401 2.9747989471652536 0.21419766545295704 0.30070040473947379 1.206845444801729 4.1022821865044534 1.649054651148617 0.6891993512690533 0.35342241256148543 0.42634060035925359 1.3377954788738859 0.5704708678240421 0.84417283860966563 0.3415982115548104 0.041642786934971698 0.054109095595776924 0.81153263372834772 0.23339933273382474 0.26491360482759774 0.38988042683922686 1.2185216754442079 5.3487021251348779 0.42526351832202636 0.020362643525004387 0.038671039044857025 0.080407805740833282 0.16342185024404898
leaf_count=1980 55 21 1367 10780 261 79 92 37 46 46 13763 41 37 91 145 28 213 45 47 38 56 74 113 372 11 149 34 124 135 5 8 359 3 293 21 90 14 42 119 138 217 1461 142 15 2 4 29 9 47 9 22 1225 21 1 3 2 16
internal_value=0.00197367 -0.00261175 -0.00551127 0.0254215 -0.014399 0.00439469 -0.00777787 -0.0200802 -0.0227441 -0.0164948 -0.0233779 0.0155886 0.00110042 -0.00189952 0.0085346 0.000915254 0.00376758 -0.00165908 -0.00830658 -0.0133064 -0.000993721 0.0102795 0.0194996 1.99996e-05 0.0107761 -0.0180028 -0.000661671 -0.0268169 -0.00680602 0.00958011 0.0164896 0.0207186 -0.0203608 -0.030696 0.0074326 0.0204165 -0.0218874 -0.00352223 -0.019203 -0.00149687 0.0129643 -0.0324352 0.00854961 -0.00374908 -0.0345406 -0.0238199 0.0116552 -0.0233628 -1.48649e-05 0.00667241 -0.0253328 0.025387 0.000127159 -0.00958499 -0.00481812 -0.000277335 -0.000326069
internal_weight=75.4014 64.1123 56.3004 11.2891 23.3919 5.42599 3.6893 17.9659 16.7838 16.001 12.6904 7.81193 32.9085 28.5355 3.31059 25.9085 23.38 18.5677 12.3364 10.2356 2.96041 6.23127 7.61175 2.14051 2.10084 9.0212 3.83932 11.8004 2.67018 0.890029 4.37295 3.45809 2.62697 9.13023 2.60953 4.81228 7.43097 1.40268 1.62807 0.914854 1.63482 8.52595 1.18212 0.932432 7.59351 2.41278 1.04211 2.05449 0.604285 0.713481 5.78191 5.47124 0.709993 0.590834 0.339371 0.230576 0.323601
internal_count=34597 23706 21934 10891 18440 1764 1685 16676 16497 16451 16260 1772 3494 2952 191 965 937 735 494 270 111 241 1731 485 224 232 167 15994 409 266 542 396 1987 15585 133 202 185 112 254 146 309 15242 179 1477 13765 1984 155 1376 343 70 171 1246 112 1462 296 126 61
is_linear=0
shrinkage=0.04


Tree=190
num_leaves=49
num_cat=0
split_feature=13 20 12 13 20 36 29 4 10 10 20 20 20 2 28 3 29 31 30 2 29 38 24 29 23 9 22 10 24 5 1 30 8 31 29 2 12 38 38 29 6 35 8 3 3 4 10 20
split_gain=4.27297 2.61179 3.01546 2.24161 2.27469 2.11322 1.81395 2.99941 1.25545 1.23197 1.49121 1.10785 1.03144 0.887878 1.00656 1.4095 1.12242 1.78683 2.44971 0.854223 0.815962 0.801931 0.743817 0.586817 0.573883 0.453017 0.493975 0.436686 0.419464 0.397123 1.80226 0.534785 0.371293 0.233019 0.215823 0.208122 0.413743 0.288955 0.528121 0.152159 0.12794 0.110519 0.0775869 0.0734758 0.0597438 0.0488818 0.0435426 0.213135
threshold=0.53571429848670971 0.58370205760002147 0.4060333669185639 1.0000000180025095e-35 0.99717512726783764 0.2333333417773247 0.90469577908515941 0.91010102629661571 0.14039409160614016 0.098387096077203764 0.2098387032747269 0.74883177876472484 0.90336728096008312 0.67028987407684337 0.75000000000000011 0.91112279891967785 0.99861112236976635 0.94086807966232311 0.89452862739562999 0.49295215308666235 0.81750240921974193 0.83769977092742931 0.019419306889176372 0.8593253791332246 1.0000000180025095e-35 0.76253134012222301 0.37500000000000006 0.28174604475498205 0.13961988687515262 0.68801230192184459 0.44949495792388922 0.46316234767436987 0.48331478238105779 0.93602821230888378 0.7241005301475526 0.53694942593574535 0.54181629419326793 0.92680636048316967 0.92857253551483165 0.62959489226341259 0.72729831933975231 0.45000000298023229 0.91945946216583263 0.93335816264152538 0.96366026997566234 0.12060606107115747 0.23904761672019961 0.53671374917030346
decision_type=2 2 2 2 2 2 2 2 2 2 2 2 2 2 2 2 2 2 2 2 2 2 2 2 2 2 2 2 2 2 2 2 2 2 2 2 2 2 2 2 2 2 2 2 2 2 2 2
left_child=1 9 28 4 5 35 27 11 -2 10 13 -8 -13 19 -15 23 20 -18 -19 32 -17 -6 -12 -16 46 26 -26 -5 33 31 -31 34 45 41 39 36 -4 -37 -39 -21 -23 43 -42 -3 -35 -1 -11 -48
right_child=8 2 3 6 21 -7 7 -9 -10 24 22 12 -14 14 15 16 17 18 -20 29 -22 40 -24 -25 25 -27 -28 -29 -30 30 -32 -33 -34 44 -36 37 -38 38 -40 -41 42 -43 -44 -45 -46 -47 47 -49
leaf_value=-0.00027946215135794984 -0.004795059541560274 -0.034440000055729524 -0.0093042618211892775 -0.0096253736813164369 0.0071017274964463566 -0.019449918507485828 0.0022834601958074004 0.010771081713670843 0.032386168516105485 0.026080979509043402 -0.027436819095194631 -0.081640976912115026 0.0012513765266369936 0.016683897813959857 -0.0014366318342343043 -0.0049417237548089171 0.016472451852716896 -0.051358801056875521 0.01236444898872186 0.0088836400930484179 0.026108542157805743 -0.037342116765962954 0.0041271417964705258 -0.023821187499776963 0.0069901307523437097 0.013089845369173582 -0.017986204726541742 0.014857654440465076 0.0033215575296235362 -0.014498053328524736 0.022142978190122231 -0.002097795620120749 0.0058509756067671413 0.0033029217321937508 0.028097030041793866 0.029654939782468536 0.014182930040439762 -0.014872628692640704 0.014001353445486836 -0.0066712543683070738 0.0038362249370890336 -9.6944392682829001e-05 -0.0077147476611822913 -4.8368417240173965e-05 -0.0065260756407368257 -0.018098820737585598 0.012040057311944725 -0.0061815133417106307
leaf_weight=0.061336749175100347 1.2296552744228382 7.0699645399872679 0.675881185685279 0.73209407448302888 0.41214334132382724 1.033685818314553 0.16632108722114913 0.62468819739297032 6.6070633034105413 3.4917816078523156 2.7867888973269141 0.5425669465912506 0.13369547465117648 1.9469107172917581 3.0466165998950583 1.2183595038950454 1.0960368486121299 0.81750133121386148 0.73270529136061668 0.57025727600557541 2.6773996900301427 0.64871396636590339 1.0287492935021871 4.9746831702068448 1.0324291606957565 1.5754528697580097 1.157031578797614 0.96133197174640372 0.18808551132679063 2.7083818688988686 2.6831710706464946 0.92777121206745494 0.78046871157130215 0.30468027884489846 4.0231702364981174 5.2179794947442133 1.1673494563437996 0.22935466258786597 0.88025846140226349 0.3600616172188893 0.21483429940417409 0.084170477406587341 0.41148301016073674 0.16967224760446686 0.45660901581868529 1.1277896880055776 0.70773262775037415 0.4750887812115252
leaf_count=10 28 14862 35 33 58 36 81 635 9420 233 4588 140 100 42 35 29 45 16 101 38 262 23 55 54 51 42 31 643 17 34 41 18 52 24 67 961 113 12 357 99 31 61 66 45 43 528 246 57
internal_value=0.00118009 -0.00240761 -0.0130276 -0.000914397 0.00793873 0.0161236 -0.0245745 -0.0436895 0.0264987 0.0034452 -0.000151314 -0.0660195 -0.0741673 0.00313038 -0.00291054 -0.00699856 0.00589765 -0.010507 -0.0290923 0.0103272 0.0172874 -0.0226047 -0.0197694 -0.017011 0.015813 0.00205226 -0.00749627 0.00407568 -0.0301008 0.0144645 0.00432025 0.0207435 -0.00870604 -0.0314949 0.0249592 0.0231774 0.00465866 0.0264035 0.00214272 0.00191204 -0.0318162 -0.0334458 -0.00311692 -0.0339063 -0.00211619 -0.0170472 0.0233979 0.00466557
internal_weight=72.17 64.3332 22.3256 14.0524 10.8917 9.20451 3.1607 1.46727 7.83672 42.0077 33.5682 0.842584 0.676262 29.7526 16.5102 14.5633 6.542 2.64624 1.55021 13.2424 3.89576 1.68717 3.81554 8.0213 8.43952 3.76491 2.18946 1.69343 8.27318 11.2728 5.39155 5.88126 1.9696 8.0851 4.95349 8.17082 1.84323 6.32759 1.10961 0.930319 1.27503 7.32381 0.626317 7.23964 0.761289 1.18913 4.6746 1.18282
internal_count=34598 25150 18376 3324 1692 1514 1632 956 9448 6774 6114 321 240 1471 584 542 453 162 117 887 291 178 4643 89 660 124 82 676 15052 297 75 222 590 15035 204 1478 148 1330 369 137 120 14968 97 14907 67 538 536 303
is_linear=0
shrinkage=0.04


Tree=191
num_leaves=59
num_cat=0
split_feature=13 20 31 21 12 10 12 10 20 20 19 29 3 10 14 30 19 19 22 30 31 20 29 1 24 12 29 29 24 31 23 19 19 10 10 3 19 29 10 19 8 31 8 8 21 24 3 31 24 3 24 31 31 3 29 31 24 10
split_gain=4.101 2.54258 2.91848 1.73873 1.6091 1.22969 1.1854 1.18087 1.42728 1.05783 1.00765 1.0069 1.56472 1.56189 1.30102 1.23134 0.979531 1.31906 1.16465 0.814717 0.747445 0.747296 0.73276 0.997014 0.725034 0.661668 0.633765 0.608116 0.593069 0.559597 0.552797 0.517381 0.478277 0.41067 0.318903 0.247763 0.241175 0.231933 0.213744 0.208814 0.159577 0.139938 0.131823 0.100046 0.0796942 0.0546109 0.0492235 0.0427927 0.0276656 0.023643 0.0213028 0.0175492 0.016511 0.00954862 0.00898295 0.00531745 0.00331898 0.00152343
threshold=0.53571429848670971 0.58370205760002147 0.94286227226257335 0.075000001117587103 0.45139981806278234 0.14039409160614016 0.91006034612655651 0.098387096077203764 0.2098387032747269 0.98984745144844066 0.97100839018821727 0.88958966732025158 0.88400581479072582 0.41421568393707281 -1.0000000180025095e-35 0.69175162911415111 0.92403846979141246 0.82182541489601146 0.77500000596046459 0.63206583261489879 0.87379801273345958 0.74883177876472484 0.87837961316108715 0.31666667759418493 0.019419306889176372 0.26597504317760473 0.92227181792259227 0.51806658506393444 0.13363095372915271 0.82755216956138622 1.0000000180025095e-35 0.45049019157886511 0.58102023601531994 0.19139194488525393 0.17519181966781619 0.93002474308013927 0.99074074625968944 0.88366732001304638 0.12701612710952762 0.36425061523914343 0.88273492455482494 0.82327255606651317 0.8521554470062257 0.90098038315773021 0.12500000372529033 0.26568628847599035 0.9806826412677766 0.64560410380363475 0.10811688378453256 0.65925350785255443 0.11180555447936059 0.82044145464897167 0.87379801273345958 0.96011361479759227 0.1980952396988869 0.64425620436668407 0.12183055281639101 0.23904761672019961
decision_type=2 2 2 2 2 2 2 2 2 2 2 2 2 2 2 2 2 2 2 2 2 2 2 2 2 2 2 2 2 2 2 2 2 2 2 2 2 2 2 2 2 2 2 2 2 2 2 2 2 2 2 2 2 2 2 2 2 2
left_child=1 7 3 6 33 -2 10 8 16 36 11 13 50 28 57 48 17 22 41 20 37 56 23 29 -10 -4 -24 -15 35 -1 31 -9 -28 46 53 39 42 47 -32 -3 -34 51 -6 -21 -40 -23 -5 55 -16 -29 -13 54 -25 -12 -18 -19 -17 -14
right_child=5 2 25 4 9 -7 -8 30 24 -11 34 12 14 27 15 21 18 19 -20 43 -22 45 26 52 -26 -27 32 49 -30 -31 38 -33 40 -35 -36 -37 -38 -39 44 -41 -42 -43 -44 -45 -46 -47 -48 -49 -50 -51 -52 -53 -54 -55 -56 -57 -58 -59
leaf_value=-0.017290635641129228 -0.0047084061572928446 0.00069687299267359704 -0.0077693312437013395 -0.024599675243007595 0.026731969423945397 0.032181406607596406 0.009849998735874008 -0.0025080698117296808 -0.027165009614941168 -0.012192039933135794 -0.010405030128891237 -0.00050199693524648984 2.0543974209315215e-05 -0.012168612524173368 -0.0035730212239329625 -0.0012381155922283043 -3.3548995337985946e-05 -0.0017099993048613497 -0.014758231684921493 -0.0069091677714362984 0.01163343050591658 -0.0094698910945794808 -0.014819902930497803 0.024569842971926405 0.0040615277515664702 0.024463831880380801 -0.0068646271927181321 0.00027353241214135723 0.0053628791537126217 0.0076747331501948119 0.0097768535304104051 0.027306271659016553 0.019269313383817561 0.0041923151460292558 0.0120234102728411 0.00095983988134391385 -0.0016202511658336583 0.003063811378269941 0.0014446289455739727 -0.032172693565865863 0.00022957921535519152 0.021024832650025603 0.00032312141502114229 -0.031955742640066828 -0.0085175393439653555 -0.086200121996313939 -0.00018109850658139912 -0.019971884506091938 0.003567556169371015 0.01849326204942859 0.0062947489025367573 0.0028111717405164957 0.0070024553809443935 -0.00015774548458956969 -0.004032775847855467 0.0014924229971335456 0.001310407988832533 0.0029305385866612078
leaf_weight=1.1800962718552965 1.2300499381963153 0.12673638787237163 0.46189847256755401 2.3636744178074878 2.5340720869135125 6.3969348979298957 0.55489960196428079 0.66579029744025131 2.7184817283123262 0.82052988663781423 0.47066629678011007 0.079389865190023889 0.13649986271048042 0.33421887416625384 0.19259805910405692 0.093848747375886776 0.053150561638175442 0.11815118201775376 0.66286359261721362 1.6791058529634031 2.263138241134584 0.45689328480511893 2.7939982651732853 3.282106168102473 1.028004765830701 2.4242715450236574 1.6601971276104448 0.1068812365992925 0.28706948139006261 1.6432130134780889 1.4631493870983834 3.9377950538182631 1.2668468644842508 0.39923265058314417 0.71270522981649265 0.18173025807482179 0.21963710302952666 0.31611643731594075 1.1228213388239967 5.4420306004176382 1.1598871024325488 6.2067598450230435 0.28160489391302679 1.4240090835373846 1.1605819840915499 1.0870743814739396 0.030530089512467273 1.2608529857243409 0.2017138113733381 1.3263277317164464 0.3350252048112452 0.28286593942902982 2.013805870199576 0.027490940410643816 0.21928218053653836 0.10399870469700545 0.10318810906028375 0.17246656178031117
leaf_count=472 28 48 52 5166 367 9420 186 16 4588 53 554 72 14 16 37 14 2 79 29 39 23 40 42 38 55 1373 14 8 70 56 61 520 28 24 235 34 30 2 49 9108 37 272 54 95 14 133 1 90 51 368 98 4 58 4 89 2 71 95
internal_value=0.00110295 -0.00240945 -0.0129822 -0.018723 -0.00127772 0.0262107 -0.0267702 0.00337253 -0.000156069 0.01333 -0.0295497 -0.033045 -0.0515807 -0.01882 -0.0597025 -0.0666079 0.00305083 -0.00128671 0.0142546 -0.013902 -0.000297751 -0.0747232 0.00533643 0.0125933 -0.0194864 0.017927 -0.00369733 0.00844765 -0.0271613 -0.00464005 0.015539 0.0230426 0.00548694 -0.0195157 0.00173293 -0.0298438 0.0224729 -0.0142998 0.0020052 -0.0311351 0.0140043 0.0196214 0.0248803 -0.0254122 -0.00440087 -0.0796168 -0.0240861 -0.0185953 -0.000508457 0.0177796 0.00422445 0.000321662 0.0210988 -0.00993797 -0.00275068 -0.000295164 -0.000970431 0.00203385
internal_weight=71.279 63.652 21.9649 19.0787 6.64928 7.62698 12.4295 41.6871 33.3369 3.85584 11.8746 10.6637 2.8587 7.80499 2.44428 2.13532 29.5904 22.1655 7.42492 7.16537 4.06226 1.741 15.0002 8.11922 3.74649 2.88617 6.88093 1.76743 6.03757 2.82331 8.35014 4.60359 4.08693 2.79344 1.21086 5.7505 3.03531 1.79912 3.74655 5.56877 2.42673 6.76206 2.81568 3.10311 2.2834 1.54397 2.3942 1.483 0.394312 1.43321 0.414415 0.555299 5.29591 0.498157 0.272433 0.22215 0.197037 0.308966
internal_count=34598 25150 18376 16951 5695 9448 11256 6774 6114 504 11070 10277 625 9652 455 346 1471 1075 396 330 196 258 745 624 4643 1425 121 392 9260 528 660 536 79 5191 793 9190 451 173 124 9156 65 367 421 134 63 173 5167 171 88 376 170 95 96 558 91 81 85 109
is_linear=0
shrinkage=0.04


Tree=192
num_leaves=54
num_cat=0
split_feature=32 14 31 21 10 38 12 30 31 10 10 11 33 12 3 3 29 31 30 31 8 34 5 9 11 9 29 31 32 30 29 30 21 22 31 10 22 30 31 34 38 25 3 8 38 30 11 10 38 38 38 38 38
split_gain=3.50802 2.05833 2.52495 2.33137 1.79744 1.34459 3.0363 2.54547 1.68964 1.29406 1.1659 0.910361 0.852574 0.762194 0.588689 1.0635 1.46745 1.5049 1.84604 0.76305 0.647134 0.457401 0.560472 0.816796 0.428208 0.41831 0.887025 0.408854 0.376667 0.302854 0.272762 0.493767 0.281885 0.261952 0.257087 0.192274 0.191101 0.17052 0.117285 0.103913 0.103287 0.0855148 0.0915167 0.081529 0.0698053 0.0697727 0.0657544 0.0908555 0.0478288 0.0431389 0.0307798 0.029244 0.00145803
threshold=0.53571429848670971 -1.0000000180025095e-35 0.94286227226257335 0.075000001117587103 0.098387096077203764 0.86719223856925975 0.69633406400680553 0.79074048995971691 0.86235597729682933 0.11651583760976793 0.14039409160614016 1.0000000180025095e-35 0.87500000000000011 0.056022193282842643 0.88890907168388378 0.90103206038475048 0.99861112236976635 0.94086807966232311 0.89452862739562999 0.91035637259483349 0.31311275064945226 0.75000000000000011 0.11189358308911325 0.61620295047760021 0.71671482920646679 0.84680575132370006 0.8593253791332246 0.91429111361503612 0.36666667461395269 0.40062552690505987 0.7241005301475526 0.46316234767436987 1.0000000180025095e-35 0.97499999403953563 0.89850071072578441 0.43167701363563543 0.37500000000000006 0.40062552690505987 0.99850746989250194 0.37500000000000006 0.76816684007644664 1.0000000180025095e-35 0.97060137987136852 0.99382716417312633 0.45795448124408727 0.56349033117294323 0.39482066035270696 0.21240601688623431 0.30575846135616308 0.26109534502029424 0.54865220189094555 0.31432443857192999 0.21663041412830356
decision_type=2 2 2 2 2 2 2 2 2 2 2 2 2 2 2 2 2 2 2 2 2 2 2 2 2 2 2 2 2 2 2 2 2 2 2 2 2 2 2 2 2 2 2 2 2 2 2 2 2 2 2 2 2
left_child=1 9 3 5 44 6 12 8 -7 11 -2 14 24 -4 20 -16 19 -18 -19 34 -1 22 23 46 28 26 30 -10 33 -14 32 36 37 35 -17 40 -32 -22 -13 50 41 42 -3 -34 -5 -15 -6 -48 -30 52 -11 -41 -24
right_child=10 2 13 4 21 7 -8 -9 27 39 -12 38 29 45 15 16 17 18 -20 -21 25 -23 49 -25 -26 -27 -28 -29 48 -31 31 -33 43 -35 -36 -37 -38 -39 -40 51 -42 -43 -44 -45 -46 -47 47 -49 -50 -51 -52 -53 -54
leaf_value=-0.012941956401820873 -0.0046235710357518901 -0.032269402230308712 -0.010170599234903712 -0.023822072662291492 -0.016745576302147413 0.0041917861703180273 0.021499216699015739 0.0093081042372528885 -0.079326200895337082 -0.0028947599470289342 0.031488243408072839 -0.021280013128473621 -0.0086309140414788568 0.00038360916498718465 -0.019528719390242297 0.0082269509036251662 0.0093473213259518944 -0.04972887704420275 0.0094537526009602271 0.025936390304758045 -0.0039901002505649168 -0.0097946499715220996 -0.00074215678340928569 0.016394285767278624 0.0040340888321059917 0.020362265890273509 -0.010527746249846424 -0.0066227576956731562 -0.0036725477282652866 0.013239347128864798 0.00505328500484348 1.2122171829122389e-05 -0.013416527571976106 0.00014798761034648882 -0.007867954728270803 0.00086560545890761176 0.025340421387278038 0.013419462521532883 0.00030322532252328554 0.00022105192438902726 -0.00024183055097235621 -8.7345716353194155e-05 -0.00022991662315845429 0.0014067346955181192 -7.1618359334534368e-05 0.024135819720767136 0.005214838824573834 -0.0066094038680188641 0.0054382159462220917 0.02004140511929799 0.0043440418005817761 0.022944388921669834 0.00093571509670935054
leaf_weight=0.84415987046669272 1.2304461922030885 8.3522903649718412 0.3827925330260763 2.2418630896281679 1.0623956195195194 0.26896720333024804 1.7594798772479396 0.53457150555914257 0.93715766427339964 0.33548855409026135 5.759314012771938 1.5959743240382511 0.36985194438602842 0.079060413059778845 2.9866235684603444 1.4888694856781497 1.4687890673521908 0.85521693201735594 0.556908521335572 2.5863400103989989 0.32668071269290322 0.49110697023570526 0.077345955520286114 1.0325221073580904 0.22458098368952129 3.2493693446740499 2.9105324158444992 0.46858686779160053 0.19898762519005764 0.71999292896362022 2.2812708609271795 2.6127900066785514 0.80496632313588623 0.30992481461726207 1.6929686337243763 0.088861111376901003 2.712982204509899 0.75252380990423262 0.20195603370666493 0.21877269737888028 0.047168614633847805 0.13211185712134543 0.049230259610340776 0.10865199193358421 0.06207472551614035 2.9513936745352112 0.40278465222218063 0.5823220337042585 0.29164968128316104 4.3810077912348788 0.23894778947578743 4.0765852197655477 0.13619529290008359
leaf_count=230 28 11620 31 5951 33 62 419 282 86 14 8997 1894 12 11 34 45 50 16 101 246 113 46 91 101 56 54 30 63 21 203 53 33 303 20 26 16 39 9 3 27 14 29 10 2 4 1248 23 47 62 491 94 1042 63
internal_value=0.00101562 -0.00213355 -0.0098456 -0.0143478 0.000160131 -0.0238313 -0.0150049 -0.047071 -0.0617369 0.00428304 0.0251958 0.000705925 -0.0230231 0.0172337 0.00294315 -0.00357795 0.00381542 -0.0147458 -0.032522 0.0145225 0.00754318 0.009456 0.0123437 -0.00062675 -0.0264426 0.00981259 0.00503573 -0.0712593 -0.0278093 0.00430822 0.0107305 0.0137079 -0.00100456 -0.0294443 4.18515e-05 -0.0305712 0.0195929 0.00800843 -0.0191416 0.0206616 -0.0311961 -0.0315318 -0.0319584 -0.0109114 -0.0229895 0.0234002 -0.0131471 -0.000855375 0.000725067 0.0193904 0.000218501 0.0223262 0.000251823
internal_weight=70.5334 63.5436 28.6363 25.223 10.4696 14.7534 12.5441 2.20928 1.67471 34.9074 6.98976 30.0376 10.7847 3.41325 28.2396 11.6357 8.64909 2.88091 1.41213 5.76818 16.6039 8.16568 7.67457 3.08002 9.69481 15.7598 12.5104 1.40574 9.47022 1.08984 9.59987 7.60704 1.99282 8.97959 3.18184 8.66966 4.99425 1.0792 1.79793 4.86979 8.5808 8.53363 8.40152 0.913618 2.30394 3.03045 2.0475 0.985107 0.490637 4.59455 0.574436 4.29536 0.213541
internal_count=34598 25573 21115 19825 6850 12975 12482 493 211 4458 9025 3281 12063 1290 1384 518 484 167 117 317 866 895 849 204 11848 636 582 149 11792 215 552 125 427 11709 71 11689 92 122 1897 1177 11673 11659 11630 305 5955 1259 103 70 83 645 108 1069 154
is_linear=0
shrinkage=0.04


Tree=193
num_leaves=58
num_cat=0
split_feature=13 14 31 31 10 10 6 30 4 29 9 33 29 35 1 9 5 29 31 9 11 24 13 36 9 36 31 29 7 31 4 29 10 7 31 7 32 35 10 11 22 24 34 30 30 4 29 30 11 31 11 31 5 31 31 10 36
split_gain=3.78599 2.15101 2.32057 2.13252 1.2404 1.18015 0.954573 1.11718 0.939997 1.02121 1.66055 1.39014 1.04455 0.974479 0.879766 1.78023 1.03758 0.864323 1.43307 0.821646 0.698353 0.582435 0.549483 0.523226 0.508967 0.541897 0.874761 1.45164 1.03082 0.73113 0.492189 0.693339 0.489233 0.427228 0.419589 0.409583 0.331476 0.32753 0.225529 0.160779 0.148335 0.124589 0.0984638 0.0908172 0.0859438 0.0655909 0.0483725 0.0209031 0.0143475 0.0110834 0.0106817 0.0100042 0.00495711 0.00425347 0.00398885 0.00242592 0.00155746
threshold=0.53571429848670971 -1.0000000180025095e-35 0.94286227226257335 0.47971057891845709 0.11651583760976793 0.14039409160614016 0.69451248645782482 0.89452862739562999 0.93643954396247875 0.98155865073204052 0.92403846979141246 0.87500000000000011 0.90478479862213146 0.15000000223517421 0.31666667759418493 0.68356868624687206 0.68237251043319713 0.84449404478073131 0.88727471232414257 0.59720873832702648 0.39902913570404058 0.027874902822077278 0.36666667461395269 0.56666669249534618 0.90521115064620983 0.56666669249534618 0.94086807966232311 0.99861112236976635 0.71943116188049328 0.89850071072578441 0.54415586590766918 0.89225891232490551 0.72474747896194469 0.21007354557514193 0.39221918582916265 0.51134294271469127 0.21111111342906955 0.25000000745058065 0.15504807978868487 0.96677702665328991 0.12500000372529033 0.06138147599995137 0.37500000000000006 0.79074048995971691 0.27274982631206518 0.85270008444786083 0.40611772239208227 0.3571800589561463 0.62617477774620067 0.82327255606651317 0.32274864614009863 0.3906755149364472 0.52976614236831676 0.8349498212337495 0.87881287932395946 0.28174604475498205 0.10000000521540643
decision_type=2 2 2 2 2 2 2 2 2 2 2 2 2 2 2 2 2 2 2 2 2 2 2 2 2 2 2 2 2 2 2 2 2 2 2 2 2 2 2 2 2 2 2 2 2 2 2 2 2 2 2 2 2 2 2 2 2
left_child=1 4 3 19 6 -2 14 24 9 10 11 12 22 40 15 -1 -17 18 -16 20 36 -4 32 30 -8 26 28 -28 -26 -27 -19 -32 37 -13 55 -18 -3 39 50 43 -11 -14 49 45 48 -5 -36 -24 -39 -6 -12 -44 -46 -51 -55 -22 -48
right_child=5 2 21 8 42 -7 7 -9 -10 13 38 33 41 -15 17 16 35 23 -20 -21 34 -23 47 -25 25 29 27 -29 -30 -31 31 -33 -34 -35 46 -37 -38 44 -40 -41 -42 -43 51 -45 52 -47 56 -49 -50 53 -52 -53 -54 54 -56 -57 -58
leaf_value=-0.025014281533135722 -0.0045395602428377375 -0.023365685969629024 -0.0060366568022789929 -0.03314452814623893 0.0028449973455299919 0.031777213992573501 0.00087739850490748642 0.01496672141282202 0.010015193263931948 -0.062068474359086863 -3.8451030551563424e-05 -0.0084716387666798048 -0.0045737528679975978 0.0029835046727377263 0.026955504034121943 0.025527676191252183 -0.016826817768385179 0.0074640474389023369 -0.0083122300659095368 0.0203086009982342 -0.0086604654803855152 0.022790637184988131 -0.0012315519496175274 0.010834069366860561 -0.021494359054146296 -0.016006908480943941 0.0046528051716516351 -0.056796909173638409 0.010684616520534295 0.015199049796824919 -0.023906752996392257 0.0049362474431616224 0.0041004254336567784 0.017094009511612853 0.01747135223504747 0.0073741164438913846 0.0037942601422909683 -0.0081365457886866475 0.017599770288925967 0.00034183212912264186 -0.0035422920656934067 0.0096493008890927087 0.00034756421280625414 -0.00011704707497921214 0.0050175247832519544 -0.00037048616093714583 -0.0010426722654640352 0.004672447728913608 -3.90894452163613e-05 -0.002517754792982896 -0.0046490260459568118 0.02219948500496817 6.6323619889380043e-05 -0.00084944661940940355 0.0017662934267239827 -7.0568912723690145e-05 0.00066748656555932779
leaf_weight=2.5499615306325785 1.2308437328319985 1.3245983852830314 0.68599242210620959 11.002091406262474 0.20968520228052501 6.012209773529321 2.2748660789802653 1.2414863649755705 0.61108381807571177 0.62999443191802018 0.12946079458925019 0.45374366157921109 0.2359103684866557 0.24183438491309062 5.7037481462757551 1.6299297441728415 1.041689304372994 1.2097661635489201 1.501058295369148 1.8816245159832758 0.34332241644733619 2.5322770246420987 0.16675376455532465 2.7407150749349967 1.7541981390677395 0.74335457943379857 0.4166882401332257 0.69950985442847013 1.6327109341509638 0.95187009102664888 1.9643530141911472 1.2141455304808912 0.22596017061732787 1.0604107609251512 1.2276789965690111 0.62247792514972378 0.31094635018962424 0.44517177841044109 1.2332627665018661 0.070023346226663175 0.31855171101051383 0.93451806408120319 0.12236532068345596 0.10837661381810981 0.32541464999667369 0.033484052109998497 0.089310313982423284 0.41732292925007641 0.033505972474813461 0.13323394395411015 0.25965371984057128 4.1169497445807792 0.098192408884642646 0.10794108273694292 0.12225294421659783 0.31594590871827677 0.11629809894657228
leaf_count=2363 28 1514 57 14346 24 9420 54 180 256 139 37 39 79 62 148 14 68 13 28 171 93 1060 48 34 24 14 68 13 84 66 51 43 16 288 162 16 47 1319 329 8 41 76 19 20 60 11 86 86 2 3 73 1050 99 10 71 24 44
internal_value=0.000960644 -0.00240043 -0.0104195 -0.0147093 0.0041473 0.0256509 0.000643525 -0.0087888 -0.0207569 -0.0225582 -0.0168516 -0.0208926 -0.0246591 -0.0489624 0.00557144 -0.00622852 0.0111628 0.0106467 0.0190814 0.00557744 -0.00516838 0.0162325 -0.0277241 6.50981e-05 -0.0142457 -0.0191851 -0.0248243 -0.0429145 -0.00708541 -0.000128759 -0.00744596 -0.0142611 -0.0293897 0.00832177 0.00779518 -0.00765667 -0.0181923 -0.0305514 0.0127408 -0.0322544 -0.0571065 0.00498985 0.0202603 -0.0326561 -0.00164168 -0.0329733 0.0160331 0.00231222 -0.00730973 0.000215391 -0.00326834 0.0218965 0.00444368 -0.00138951 -1.52693e-05 -0.00783315 0.000225818
internal_weight=69.8107 62.5677 27.8627 24.6444 34.705 7.24305 29.8925 9.71468 19.0347 18.4236 17.2333 15.6109 14.0967 1.19038 20.1778 5.84406 3.2941 14.3338 7.20481 5.60972 3.7281 3.21827 12.9263 7.12898 8.4732 6.19833 4.50311 1.1162 3.38691 1.69522 4.38826 3.1785 12.3422 1.51415 2.09256 1.66417 1.63554 12.1163 1.62238 11.214 0.948546 1.17043 4.81243 11.144 0.902285 11.0356 1.43329 0.584077 0.478678 0.573113 0.389115 4.23932 0.423607 0.363428 0.230194 0.659268 0.205608
internal_count=34598 25150 20692 19575 4458 9448 3281 503 17434 17178 16936 16497 16170 242 2778 2461 98 317 176 2141 1970 1117 16015 141 323 269 189 81 108 80 107 94 15881 327 409 84 1561 15865 439 14385 180 155 1177 14377 1480 14357 292 134 1321 108 110 1069 159 84 81 117 130
is_linear=0
shrinkage=0.04


end of trees

feature_importances:
address_jaccard=576
name_length_ratio=487
name_core_similarity=461
name_translit_similarity=444
score_confidence=418
address_char3_cosine=408
name_abbrev_expanded_sim=380
name_monge_elkan=363
name_levenshtein=354
name_jaro_winkler=344
address_length_ratio=333
name_jaccard=317
name_token_sort=270
name_prefix_stripped_sim=248
address_digit_overlap=235
name_char3_cosine=227
address_levenshtein=217
address_token_diff_norm=192
name_char4_cosine=180
name_address_similarity_product=178
address_token_count_difference=157
numeric_conflict=157
name_token_set=156
address_pin_prefix_match=153
name_token_diff_norm=85
house_number_match=73
address_all_digits_overlap=72
name_token_count_difference=71
numeric_conflict_flipped=60
address_street_type_match=44
name_soundex_match=33
address_missing=14
name_exact=8
name_high_address_low=7
both_have_address=3
postal_code_match=2
name_address_conflict=2
country_match=1

parameters:
[boosting: gbdt]
[objective: binary]
[metric: binary_logloss]
[tree_learner: serial]
[device_type: cpu]
[data_sample_strategy: bagging]
[data: ]
[valid: ]
[num_iterations: 194]
[learning_rate: 0.04]
[num_leaves: 127]
[num_threads: -1]
[seed: 42]
[deterministic: 0]
[force_col_wise: 0]
[force_row_wise: 0]
[histogram_pool_size: -1]
[max_depth: -1]
[min_data_in_leaf: 30]
[min_sum_hessian_in_leaf: 0.001]
[bagging_fraction: 0.8]
[pos_bagging_fraction: 1]
[neg_bagging_fraction: 1]
[bagging_freq: 5]
[bagging_seed: 400]
[bagging_by_query: 0]
[feature_fraction: 0.75]
[feature_fraction_bynode: 1]
[feature_fraction_seed: 30056]
[extra_trees: 0]
[extra_seed: 12879]
[early_stopping_round: 0]
[early_stopping_min_delta: 0]
[first_metric_only: 0]
[max_delta_step: 0]
[lambda_l1: 0.05]
[lambda_l2: 1.5]
[linear_lambda: 0]
[min_gain_to_split: 0.001]
[drop_rate: 0.1]
[max_drop: 50]
[skip_drop: 0.5]
[xgboost_dart_mode: 0]
[uniform_drop: 0]
[drop_seed: 17869]
[top_rate: 0.2]
[other_rate: 0.1]
[min_data_per_group: 100]
[max_cat_threshold: 32]
[cat_l2: 10]
[cat_smooth: 10]
[max_cat_to_onehot: 4]
[top_k: 20]
[monotone_constraints: ]
[monotone_constraints_method: basic]
[monotone_penalty: 0]
[feature_contri: ]
[forcedsplits_filename: ]
[refit_decay_rate: 0.9]
[cegb_tradeoff: 1]
[cegb_penalty_split: 0]
[cegb_penalty_feature_lazy: ]
[cegb_penalty_feature_coupled: ]
[path_smooth: 0.5]
[interaction_constraints: ]
[verbosity: -1]
[saved_feature_importance_type: 0]
[use_quantized_grad: 0]
[num_grad_quant_bins: 4]
[quant_train_renew_leaf: 0]
[stochastic_rounding: 1]
[linear_tree: 0]
[max_bin: 255]
[max_bin_by_feature: ]
[min_data_in_bin: 3]
[bin_construct_sample_cnt: 200000]
[data_random_seed: 175]
[is_enable_sparse: 1]
[enable_bundle: 1]
[use_missing: 1]
[zero_as_missing: 0]
[feature_pre_filter: 1]
[pre_partition: 0]
[two_round: 0]
[header: 0]
[label_column: ]
[weight_column: ]
[group_column: ]
[ignore_column: ]
[categorical_feature: ]
[forcedbins_filename: ]
[precise_float_parser: 0]
[parser_config_file: ]
[objective_seed: 16083]
[num_class: 1]
[is_unbalance: 0]
[scale_pos_weight: 1.5]
[sigmoid: 1]
[boost_from_average: 1]
[reg_sqrt: 0]
[alpha: 0.9]
[fair_c: 1]
[poisson_max_delta_step: 0.7]
[tweedie_variance_power: 1.5]
[lambdarank_truncation_level: 30]
[lambdarank_norm: 1]
[label_gain: ]
[lambdarank_position_bias_regularization: 0]
[eval_at: ]
[multi_error_top_k: 1]
[auc_mu_weights: ]
[num_machines: 1]
[local_listen_port: 12400]
[time_out: 120]
[machine_list_filename: ]
[machines: ]
[gpu_platform_id: -1]
[gpu_device_id: -1]
[gpu_device_id_list: ]
[gpu_use_dp: 0]
[num_gpu: 1]

end of parameters

pandas_categorical:null
